timestamp,load_t,renewable_available_t,grid_cap_t,grid_price_t,production_proxy_t,temperature_t,tariff_t,hour,weekday,month,day_of_year,is_weekend,context_index_t,renewable_dispatch_baseline_t,grid_dispatch_baseline_t,total_energy_supplied_t,served_load_t,shed_load_t,shiftable_load_cap_t,productive_energy_t,production_output_t,net_load_t,renewable_ratio_t,grid_ratio_t,grid_cost_t,grid_carbon_t,stability_penalty_t,renewable_dispatch_upper_bound_t,grid_dispatch_upper_bound_t,served_load_upper_bound_t,shift_upper_bound_t,shed_upper_bound_t,production_minimum_t,forecast_load_t,forecast_renewable_t,baseline_shift_t,baseline_effective_load_t,baseline_renewable_dispatch_t,baseline_grid_dispatch_t,baseline_served_load_t,baseline_shed_load_t,baseline_unserved_after_shedding_t,baseline_grid_cost_t,baseline_grid_carbon_t
2020-01-01 00:00:00,95.18205921127368,27.741755188549696,175.4169210288331,0.1748639454209825,0.4508106312416272,31.37692261302039,0.1748639454209825,0,2,1,1,0,0,27.741755188549696,67.44030402272398,95.18205921127368,95.18205921127368,0.0,28.5546177633821,95.18205921127368,85.6638532901463,67.44030402272398,0.2914599181655851,0.708540081834415,11.792877641804075,30.348136810225792,0.0,27.741755188549696,175.4169210288331,95.18205921127368,28.5546177633821,19.036411842254733,0.0901621262483254,95.18205921127368,27.741755188549696,0.0,95.18205921127368,27.741755188549696,67.44030402272398,95.18205921127367,1.4210854715202004e-14,0.0,11.792877641804072,30.348136810225792
2020-01-01 01:00:00,91.4243496192119,45.693412048001925,175.4169210288331,0.1015589310002202,0.4131184015537607,18.610920251184503,0.1015589310002202,1,2,1,1,0,1,45.693412048001925,45.73093757120997,91.4243496192119,91.4243496192119,0.0,27.42730488576357,91.4243496192119,82.28191465729071,45.73093757120997,0.4997947728183775,0.5002052271816225,4.644385133369893,20.57892190704449,793.5585757256401,45.693412048001925,175.4169210288331,91.4243496192119,27.42730488576357,18.28486992384238,0.0826236803107521,91.4243496192119,45.693412048001925,0.0,91.4243496192119,45.693412048001925,45.73093757120997,91.4243496192119,0.0,0.0,4.644385133369891,20.57892190704449
2020-01-01 02:00:00,52.21395884694408,54.112159828744936,175.4169210288331,0.2641629423640793,0.0198131130712587,34.36931556171111,0.2641629423640793,2,2,1,1,0,2,52.21395884694408,0.0,52.21395884694408,52.21395884694408,0.0,15.66418765408322,52.21395884694408,46.992562962249664,0.0,1.0,0.0,0.0,0.0,2133.8361816990982,54.112159828744936,175.4169210288331,52.21395884694408,15.66418765408322,10.442791769388815,0.0039626226142517,52.21395884694408,54.112159828744936,7.832093827041612,44.38186501990247,44.38186501990247,0.0,44.38186501990247,0.0,0.0,0.0,0.0
2020-01-01 03:00:00,72.73691614172856,70.29666401174634,175.4169210288331,0.178136788688659,0.2256714960243861,12.012116494392613,0.178136788688659,3,2,1,1,0,3,70.29666401174634,2.4402521299822126,72.73691614172856,72.73691614172856,0.0,21.821074842518566,72.73691614172856,65.46322452755571,2.4402521299822126,0.966450981710204,0.033549018289796,0.4346986780256916,1.0981134584919958,332.9390565350494,70.29666401174634,175.4169210288331,72.73691614172856,21.821074842518566,14.547383228345712,0.0451342992048772,72.73691614172856,70.29666401174634,0.0,72.73691614172856,70.29666401174634,2.4402521299822126,72.73691614172856,0.0,0.0,0.43469867802569145,1.0981134584919958
2020-01-01 04:00:00,145.34445237211506,74.44298557928276,175.4169210288331,0.1023006520469662,0.9539715058088644,32.48346725376496,0.1023006520469662,4,2,1,1,0,4,74.44298557928276,70.9014667928323,145.34445237211506,145.34445237211506,0.0,43.603335711634514,145.34445237211506,130.81000713490354,70.9014667928323,0.5121831921640303,0.4878168078359696,7.253266283993071,31.905660056774533,4704.129895654257,74.44298557928276,175.4169210288331,145.34445237211506,43.603335711634514,29.06889047442301,0.1907943011617729,145.34445237211506,74.44298557928276,0.0,145.34445237211506,74.44298557928276,70.9014667928323,145.34445237211506,0.0,0.0,7.2532662839930655,31.905660056774533
2020-01-01 05:00:00,93.19174912084632,19.9342514338926,175.4169210288331,0.1094136491132997,0.430846548536315,28.65066325869505,0.1094136491132997,5,2,1,1,0,5,19.9342514338926,73.25749768695371,93.19174912084632,93.19174912084632,0.0,27.95752473625389,93.19174912084632,83.87257420876168,73.25749768695371,0.2139057547685136,0.7860942452314863,8.015370146838722,32.96587395912917,2976.7529797068782,19.9342514338926,175.4169210288331,93.19174912084632,27.95752473625389,18.638349824169264,0.086169309707263,93.19174912084632,19.9342514338926,0.0,93.19174912084632,19.9342514338926,73.25749768695373,93.19174912084632,0.0,0.0,8.01537014683872,32.965873959129176
2020-01-01 06:00:00,76.46747995350667,38.58747442827888,175.4169210288331,0.1149949384387711,0.2630914361804405,11.72993792773003,0.1149949384387711,6,2,1,1,0,6,38.58747442827888,37.88000552522779,76.46747995350667,76.46747995350667,0.0,22.940243986052,76.46747995350667,68.820731958156,37.88000552522779,0.5046259462419923,0.4953740537580077,4.356008903433882,17.046002486352506,1599.5096797312804,38.58747442827888,175.4169210288331,76.46747995350667,22.940243986052,15.293495990701334,0.0526182872360881,76.46747995350667,38.58747442827888,0.0,76.46747995350667,38.58747442827888,37.88000552522779,76.46747995350667,0.0,0.0,4.356008903433878,17.046002486352506
2020-01-01 07:00:00,95.36922436765973,31.775129268014908,175.4169210288331,0.1181742233326125,0.4526880174236173,24.49779688441657,0.1181742233326125,7,2,1,1,0,7,31.775129268014908,63.5940950996448,95.36922436765973,95.36922436765973,0.0,28.610767310297916,95.36922436765973,85.83230193089375,63.5940950996448,0.3331801163184257,0.6668198836815742,7.515182796940823,28.61734279484016,707.6224492237138,31.775129268014908,175.4169210288331,95.36922436765973,28.610767310297916,19.073844873531943,0.0905376034847234,95.36922436765973,31.775129268014908,0.0,95.36922436765973,31.775129268014908,63.59409509964482,95.36922436765973,0.0,0.0,7.515182796940825,28.61734279484017
2020-01-01 08:00:00,138.39693136777106,21.23155241023309,175.4169210288331,0.197054163519782,0.8842834282601868,24.07462826833193,0.197054163519782,8,2,1,1,0,8,21.23155241023309,117.16537895753795,138.39693136777106,138.39693136777106,0.0,41.51907941033132,138.39693136777106,124.55723823099396,117.16537895753795,0.1534105720437769,0.846589427956223,23.08792574395591,52.72442053089209,2981.049467138917,21.23155241023309,175.4169210288331,138.39693136777106,41.51907941033132,27.67938627355421,0.1768566856520373,138.39693136777106,21.23155241023309,0.0,138.39693136777106,21.23155241023309,117.16537895753797,138.39693136777106,0.0,0.0,23.08792574395591,52.72442053089209
2020-01-01 09:00:00,95.75296924910243,26.26322974149664,175.4169210288331,0.1619728709600605,0.4565372239305379,18.11993687932269,0.1619728709600605,9,2,1,1,0,9,26.26322974149664,69.48973950760579,95.75296924910243,95.75296924910243,0.0,28.72589077473073,95.75296924910243,86.17767232419219,69.48973950760579,0.2742811000792315,0.7257188999207684,11.25545261031365,31.270382778422608,2298.2843737258804,26.26322974149664,175.4169210288331,95.75296924910243,28.72589077473073,19.15059384982049,0.0913074447861075,95.75296924910243,26.26322974149664,0.0,95.75296924910243,26.26322974149664,69.48973950760579,95.75296924910243,0.0,0.0,11.25545261031365,31.270382778422608
2020-01-01 10:00:00,88.91881855635205,58.457779375413,175.4169210288331,0.1594954204440123,0.3879863230900865,25.5422781115813,0.1594954204440123,10,2,1,1,0,10,58.457779375413,30.461039180939053,88.91881855635205,88.91881855635205,0.0,26.67564556690561,88.91881855635205,80.02693670071685,30.461039180939053,0.6574286559865339,0.3425713440134661,4.858396251325408,13.707467631422574,2559.72847531946,58.457779375413,175.4169210288331,88.91881855635205,26.67564556690561,17.78376371127041,0.0775972646180173,88.91881855635205,58.457779375413,0.0,88.91881855635205,58.457779375413,30.461039180939053,88.91881855635205,0.0,0.0,4.858396251325407,13.707467631422574
2020-01-01 11:00:00,105.67681243031927,62.00083764888073,175.4169210288331,0.1283451618672698,0.556079715815218,20.300478353182942,0.1283451618672698,11,2,1,1,0,11,62.00083764888073,43.67597478143856,105.67681243031927,105.67681243031927,0.0,31.703043729095786,105.67681243031927,95.10913118728736,43.67597478143856,0.5867023826987834,0.4132976173012166,5.605600053034526,19.65418865164735,187.18778485453728,62.00083764888073,175.4169210288331,105.67681243031927,31.703043729095786,21.13536248606386,0.1112159431630436,105.67681243031927,62.00083764888073,0.0,105.67681243031927,62.00083764888073,43.67597478143854,105.67681243031927,0.0,0.0,5.605600053034523,19.654188651647345
2020-01-01 12:00:00,54.74697537305205,17.65957685475036,175.4169210288331,0.2329522732197584,0.0452208883040538,32.945852371681404,0.2329522732197584,12,2,1,1,0,12,17.65957685475036,37.0873985183017,54.74697537305205,54.74697537305205,0.0,16.424092611915615,54.74697537305205,49.27227783574685,37.0873985183017,0.3225671689516364,0.6774328310483637,8.639593792645483,16.689329333235765,2009.5567459882543,17.65957685475036,175.4169210288331,54.74697537305205,16.424092611915615,10.949395074610411,0.0090441776608107,54.74697537305205,17.65957685475036,0.0,54.74697537305205,17.65957685475036,37.0873985183017,54.74697537305205,0.0,0.0,8.63959379264548,16.689329333235765
2020-01-01 13:00:00,76.8174832561287,28.24555658773125,175.4169210288331,0.1029870948985089,0.2666021930792202,25.618904817899484,0.1029870948985089,13,2,1,1,0,13,28.24555658773125,48.571926668397445,76.8174832561287,76.8174832561287,0.0,23.045244976838607,76.8174832561287,69.13573493051582,48.571926668397445,0.3676969797819788,0.6323030202180212,5.002281621201667,21.85736700077885,243.95735373742383,28.24555658773125,175.4169210288331,76.8174832561287,23.045244976838607,15.36349665122574,0.053320438615844,76.8174832561287,28.24555658773125,0.0,76.8174832561287,28.24555658773125,48.571926668397445,76.8174832561287,0.0,0.0,5.0022816212016625,21.85736700077885
2020-01-01 14:00:00,101.19274447494072,68.53614883581618,175.4169210288331,0.2208803099684166,0.5111016473484112,27.717688684411257,0.2208803099684166,14,2,1,1,0,14,68.53614883581618,32.656595639124546,101.19274447494072,101.19274447494072,0.0,30.357823342482217,101.19274447494072,91.07347002744666,32.656595639124546,0.6772832300520163,0.3227167699479837,7.213198967283072,14.695468037606046,1876.629585472778,68.53614883581618,175.4169210288331,101.19274447494072,30.357823342482217,20.238548894988146,0.1022203294696822,101.19274447494072,68.53614883581618,0.0,101.19274447494072,68.53614883581618,32.656595639124546,101.19274447494072,0.0,0.0,7.213198967283072,14.695468037606046
2020-01-01 15:00:00,66.56875245409047,60.30560852027828,175.4169210288331,0.2794863172514977,0.1638008706418511,23.328311566036295,0.2794863172514977,15,2,1,1,0,15,60.30560852027828,6.263143933812195,66.56875245409047,66.56875245409047,0.0,19.97062573622714,66.56875245409047,59.91187720868143,6.263143933812195,0.9059146566081194,0.0940853433918805,1.7504630324772288,2.818414770215488,764.3560868063502,60.30560852027828,175.4169210288331,66.56875245409047,19.97062573622714,13.313750490818094,0.0327601741283702,66.56875245409047,60.30560852027828,9.98531286811357,56.583439585976905,56.583439585976905,0.0,56.583439585976905,0.0,0.0,0.0,0.0
2020-01-01 16:00:00,85.82695635628357,76.26282475539446,175.4169210288331,0.2004755780574226,0.3569729684512916,34.40275809579486,0.2004755780574226,16,2,1,1,0,16,76.26282475539446,9.564131600889112,85.82695635628357,85.82695635628357,0.0,25.74808690688507,85.82695635628357,77.24426072065522,9.564131600889112,0.8885649450134684,0.1114350549865316,1.917374811305508,4.303859220400101,265.5292695524495,76.26282475539446,175.4169210288331,85.82695635628357,25.74808690688507,17.165391271256716,0.0713945936902583,85.82695635628357,76.26282475539446,0.0,85.82695635628357,76.26282475539446,9.564131600889112,85.82695635628357,0.0,0.0,1.9173748113055076,4.303859220400101
2020-01-01 17:00:00,68.9414260730272,63.7978710220218,175.4169210288331,0.1301371504321961,0.1876003040009989,27.58330048421281,0.1301371504321961,17,2,1,1,0,17,63.7978710220218,5.143555051005407,68.9414260730272,68.9414260730272,0.0,20.68242782190816,68.9414260730272,62.04728346572448,5.143555051005407,0.9253923896851652,0.0746076103148348,0.6693675974289729,2.314599772952433,174.9165686085029,63.7978710220218,175.4169210288331,68.9414260730272,20.68242782190816,13.78828521460544,0.0375200608001997,68.9414260730272,63.7978710220218,0.0,68.9414260730272,63.7978710220218,5.1435550510054,68.9414260730272,0.0,0.0,0.6693675974289718,2.31459977295243
2020-01-01 18:00:00,146.41314325116204,78.09470167492448,175.4169210288331,0.1456508075153705,0.9646911585897664,11.094865653124428,0.1456508075153705,18,2,1,1,0,18,78.09470167492448,68.31844157623756,146.41314325116204,146.41314325116204,0.0,43.92394297534861,146.41314325116204,131.77182892604583,68.31844157623756,0.5333858691972633,0.4666141308027368,9.950636183770666,30.743298709306902,4195.465654193737,78.09470167492448,175.4169210288331,146.41314325116204,43.92394297534861,29.28262865023241,0.1929382317179533,146.41314325116204,78.09470167492448,0.0,146.41314325116204,78.09470167492448,68.31844157623756,146.41314325116204,0.0,0.0,9.950636183770662,30.743298709306902
2020-01-01 19:00:00,145.17430955591334,13.770682226562943,175.4169210288331,0.2636220379013598,0.9522648645821016,20.837407753687657,0.2636220379013598,19,2,1,1,0,19,13.770682226562943,131.4036273293504,145.17430955591334,145.17430955591334,0.0,43.552292866774,145.17430955591334,130.65687860032202,131.4036273293504,0.0948561923158946,0.9051438076841052,34.64089202419417,59.13163229820768,8117.320139497945,13.770682226562943,175.4169210288331,145.17430955591334,43.552292866774,29.03486191118267,0.1904529729164203,145.17430955591334,13.770682226562943,21.776146433387,123.39816312252634,13.770682226562943,109.6274808959634,123.39816312252634,0.0,0.0,28.90021992378626,49.332366403183535
2020-01-01 20:00:00,138.83506690992658,47.83029596147743,175.4169210288331,0.1044801067213034,0.8886782078685499,29.28743268569039,0.1044801067213034,20,2,1,1,0,20,47.83029596147743,91.00477094844916,138.83506690992658,138.83506690992658,0.0,41.650520072977976,138.83506690992658,124.95156021893392,91.00477094844916,0.3445116354682119,0.6554883645317882,9.50818818084174,40.95214692680212,2792.1248846562617,47.83029596147743,175.4169210288331,138.83506690992658,41.650520072977976,27.76701338198532,0.17773564157371,138.83506690992658,47.83029596147743,0.0,138.83506690992658,47.83029596147743,91.00477094844915,138.83506690992658,0.0,0.0,9.508188180841739,40.952146926802115
2020-01-01 21:00:00,134.24340962593925,58.373191674051725,175.4169210288331,0.1470288106707715,0.8426209496489077,31.74597370666853,0.1470288106707715,21,2,1,1,0,21,58.373191674051725,75.87021795188753,134.24340962593925,134.24340962593925,0.0,40.27302288778177,134.24340962593925,120.81906866334532,75.87021795188753,0.4348309673950097,0.5651690326049903,11.155107910798243,34.14159807834939,340.2073444119498,58.373191674051725,175.4169210288331,134.24340962593925,40.27302288778177,26.84868192518785,0.1685241899297815,134.24340962593925,58.373191674051725,0.0,134.24340962593925,58.373191674051725,75.87021795188753,134.24340962593925,0.0,0.0,11.15510791079824,34.14159807834939
2020-01-01 22:00:00,64.16877062455804,61.63463486074425,175.4169210288331,0.1206818566863258,0.1397275184710121,10.18781363358329,0.1206818566863258,22,2,1,1,0,22,61.63463486074425,2.5341357638137865,64.16877062455804,64.16877062455804,0.0,19.25063118736741,64.16877062455804,57.75189356210223,2.5341357638137865,0.9605082700019196,0.0394917299980802,0.3058242090722683,1.140361093716204,5388.817962355928,61.63463486074425,175.4169210288331,64.16877062455804,19.25063118736741,12.833754124911607,0.0279455036942024,64.16877062455804,61.63463486074425,0.0,64.16877062455804,61.63463486074425,2.5341357638137865,64.16877062455804,0.0,0.0,0.30582420907226815,1.1403610937162039
2020-01-01 23:00:00,98.93902395859376,18.0414196505044,175.4169210288331,0.2372894690455908,0.4884953896605205,21.2247135584888,0.2372894690455908,23,2,1,1,0,23,18.0414196505044,80.89760430808934,98.93902395859374,98.93902395859374,1.4210854715202004e-14,29.681707187578123,98.93902395859374,89.04512156273437,80.89760430808934,0.1823488743739253,0.8176511256260747,19.196149573326824,36.4039219386402,8041.20161465595,18.0414196505044,175.4169210288331,98.93902395859376,29.681707187578123,19.787804791718752,0.0976990779321041,98.93902395859376,18.0414196505044,0.0,98.93902395859376,18.0414196505044,80.89760430808937,98.93902395859376,0.0,0.0,19.196149573326828,36.40392193864022
2020-01-02 00:00:00,103.56597108424047,35.17217547670032,175.4169210288331,0.2074822146574257,0.534906627554453,16.269369273047605,0.2074822146574257,0,3,1,2,0,24,35.17217547670032,68.39379560754017,103.56597108424047,103.56597108424047,0.0,31.069791325272146,103.56597108424047,93.20937397581643,68.39379560754017,0.3396113135277928,0.6603886864722072,14.19049618147975,30.77720802339308,449.8080271966745,35.17217547670032,175.4169210288331,103.56597108424047,31.069791325272146,20.7131942168481,0.1069813255108906,103.56597108424047,35.17217547670032,0.0,103.56597108424047,35.17217547670032,68.39379560754016,103.56597108424047,0.0,0.0,14.190496181479745,30.777208023393072
2020-01-02 01:00:00,96.94699375325844,40.47170105535628,175.4169210288331,0.1932075665187735,0.4685140531029315,30.73775050393608,0.1932075665187735,1,3,1,2,0,25,40.47170105535628,56.47529269790215,96.94699375325844,96.94699375325844,0.0,29.08409812597753,96.94699375325844,87.25229437793259,56.47529269790215,0.4174621562620244,0.5825378437379756,10.911453870597136,25.413881714055968,170.1356829658788,40.47170105535628,175.4169210288331,96.94699375325844,29.08409812597753,19.389398750651686,0.0937028106205863,96.94699375325844,40.47170105535628,0.0,96.94699375325844,40.47170105535628,56.47529269790216,96.94699375325844,0.0,0.0,10.911453870597136,25.413881714055975
2020-01-02 02:00:00,134.53593707642565,45.25963308602751,175.4169210288331,0.1844495720139383,0.8455551870037663,17.47142588329079,0.1844495720139383,2,3,1,2,0,26,45.25963308602751,89.2763039903981,134.53593707642565,134.53593707642565,0.0,40.36078112292768,134.53593707642565,121.08234336878309,89.2763039903981,0.3364129619903486,0.6635870380096512,16.46697606201518,40.174336795679146,1098.8306349407749,45.25963308602751,175.4169210288331,134.53593707642565,40.36078112292768,26.90718741528513,0.1691110374007532,134.53593707642565,45.25963308602751,0.0,134.53593707642565,45.25963308602751,89.27630399039813,134.53593707642565,0.0,0.0,16.46697606201519,40.17433679567916
2020-01-02 03:00:00,134.14843869913972,17.871079514533008,175.4169210288331,0.25306705621764,0.8416683305337531,16.84551693414486,0.25306705621764,3,3,1,2,0,27,17.871079514533008,116.27735918460672,134.14843869913972,134.14843869913972,0.0,40.24453160974191,134.14843869913972,120.73359482922577,116.27735918460672,0.1332186918299751,0.8667813081700249,29.425968993609587,52.32481163307302,1479.1898483393238,17.871079514533008,175.4169210288331,134.14843869913972,40.24453160974191,26.829687739827943,0.1683336661067506,134.14843869913972,17.871079514533008,20.122265804870956,114.02617289426877,17.871079514533008,96.15509337973576,114.02617289426877,0.0,0.0,24.333686421942012,43.26979202088109
2020-01-02 04:00:00,104.43245447478506,34.99567623374614,175.4169210288331,0.1344201462785222,0.5435980099449712,22.36618035902135,0.1344201462785222,4,3,1,2,0,28,34.99567623374614,69.43677824103892,104.43245447478506,104.43245447478506,0.0,31.32973634243552,104.43245447478506,93.98920902730656,69.43677824103892,0.335103454282938,0.664896545717062,9.33370188826976,31.246550208467514,2487.291835926611,34.99567623374614,175.4169210288331,104.43245447478506,31.32973634243552,20.886490894957014,0.1087196019889942,104.43245447478506,34.99567623374614,0.0,104.43245447478506,34.99567623374614,69.43677824103892,104.43245447478506,0.0,0.0,9.33370188826976,31.246550208467514
2020-01-02 05:00:00,141.25966161544795,34.68115788474092,175.4169210288331,0.2271797373527024,0.9129984429217208,34.53647564053732,0.2271797373527024,5,3,1,2,0,29,34.68115788474092,106.57850373070704,141.25966161544795,141.25966161544795,0.0,42.37789848463439,141.25966161544795,127.13369545390316,106.57850373070704,0.2455135279819206,0.7544864720180794,24.212476484986045,47.96032667881817,1379.6066941417234,34.68115788474092,175.4169210288331,141.25966161544795,42.37789848463439,28.25193232308959,0.1825996885843441,141.25966161544795,34.68115788474092,0.0,141.25966161544795,34.68115788474092,106.57850373070704,141.25966161544795,0.0,0.0,24.212476484986038,47.96032667881817
2020-01-02 06:00:00,137.7437726721776,65.52346869004018,175.4169210288331,0.2940518044696315,0.8777318289484828,24.530406215182094,0.2940518044696315,6,3,1,2,0,30,65.52346869004018,72.22030398213744,137.7437726721776,137.7437726721776,0.0,41.32313180165328,137.7437726721776,123.96939540495984,72.22030398213744,0.4756909689556879,0.524309031044312,21.23651070529283,32.499136791961845,2131.734025773288,65.52346869004018,175.4169210288331,137.7437726721776,41.32313180165328,27.548754534435524,0.1755463657896965,137.7437726721776,65.52346869004018,20.66156590082664,117.08220677135097,65.52346869004018,51.55873808131079,117.08220677135097,0.0,0.0,15.160939968986543,23.201432136589858
2020-01-02 07:00:00,72.73711486623051,77.57923608933169,175.4169210288331,0.1193053543923778,0.2256734893581946,19.60796006373521,0.1193053543923778,7,3,1,2,0,31,72.73711486623051,0.0,72.73711486623051,72.73711486623051,0.0,21.821134459869157,72.73711486623051,65.46340337960747,0.0,1.0,0.0,0.0,0.0,5267.808998427602,77.57923608933169,175.4169210288331,72.73711486623051,21.821134459869157,14.547422973246103,0.0451346978716389,72.73711486623051,77.57923608933169,0.0,72.73711486623051,72.73711486623051,0.0,72.73711486623051,0.0,0.0,0.0,0.0
2020-01-02 08:00:00,93.56477283079532,63.98411204054263,175.4169210288331,0.2082046272186269,0.4345882148386075,14.629987489408414,0.2082046272186269,8,3,1,2,0,32,63.98411204054263,29.580660790252708,93.56477283079532,93.56477283079532,0.0,28.0694318492386,93.56477283079532,84.2082955477158,29.580660790252708,0.6838483128287283,0.3161516871712717,6.158830452715219,13.31129735561372,951.630551254494,63.98411204054263,175.4169210288331,93.56477283079532,28.0694318492386,18.712954566159063,0.0869176429677215,93.56477283079532,63.98411204054263,0.0,93.56477283079532,63.98411204054263,29.580660790252693,93.56477283079532,0.0,0.0,6.158830452715216,13.311297355613712
2020-01-02 09:00:00,146.13724878605018,35.10928585088724,175.4169210288331,0.2578356024413615,0.9619237607124596,31.982545872496903,0.2578356024413615,9,3,1,2,0,33,35.10928585088724,111.02796293516296,146.13724878605018,146.13724878605018,0.0,43.84117463581505,146.13724878605018,131.52352390744517,111.02796293516296,0.2402487123750934,0.7597512876249066,28.626961711224894,49.96258332082333,7467.418614167109,35.10928585088724,175.4169210288331,146.13724878605018,43.84117463581505,29.22744975721004,0.1923847521424919,146.13724878605018,35.10928585088724,21.920587317907525,124.21666146814266,35.10928585088724,89.10737561725543,124.21666146814266,0.0,0.0,22.97505387424374,40.098319027764944
2020-01-02 10:00:00,96.65738491200857,11.9798597216442,175.4169210288331,0.219679988324181,0.4656090912647183,18.338885674408708,0.219679988324181,10,3,1,2,0,34,11.9798597216442,84.67752519036435,96.65738491200857,96.65738491200857,0.0,28.99721547360257,96.65738491200857,86.9916464208077,84.67752519036435,0.1239414839595545,0.8760585160404454,18.601957745139785,38.10488633566396,1229.315922410617,11.9798597216442,175.4169210288331,96.65738491200857,28.99721547360257,19.33147698240171,0.0931218182529436,96.65738491200857,11.9798597216442,0.0,96.65738491200857,11.9798597216442,84.67752519036436,96.65738491200857,0.0,0.0,18.601957745139785,38.10488633566396
2020-01-02 11:00:00,136.9330507079892,45.57144561362785,175.4169210288331,0.1888186788935621,0.8695997693152044,25.274272102562666,0.1888186788935621,11,3,1,2,0,35,45.57144561362785,91.36160509436137,136.9330507079892,136.9330507079892,0.0,41.07991521239676,136.9330507079892,123.23974563719028,91.36160509436137,0.3328009226261183,0.6671990773738817,17.250777575512647,41.11272229246261,1173.071566901532,45.57144561362785,175.4169210288331,136.9330507079892,41.07991521239676,27.38661014159784,0.1739199538630409,136.9330507079892,45.57144561362785,0.0,136.9330507079892,45.57144561362785,91.36160509436135,136.9330507079892,0.0,0.0,17.250777575512643,41.11272229246261
2020-01-02 12:00:00,63.28632900555134,16.25643456779644,175.4169210288331,0.2397814199300367,0.1308760648461769,14.986531996739568,0.2397814199300367,12,3,1,2,0,36,16.25643456779644,47.0298944377549,63.28632900555134,63.28632900555134,0.0,18.9858987016654,63.28632900555134,56.9576961049962,47.0298944377549,0.2568711888213718,0.7431288111786282,11.276894867444604,21.163452496989706,2824.670442358292,16.25643456779644,175.4169210288331,63.28632900555134,18.9858987016654,12.657265801110269,0.0261752129692353,63.28632900555134,16.25643456779644,0.0,63.28632900555134,16.25643456779644,47.0298944377549,63.28632900555134,0.0,0.0,11.276894867444605,21.163452496989706
2020-01-02 13:00:00,58.00272265305612,13.51029195663606,175.4169210288331,0.1566558897869459,0.0778781150739991,27.867230403560768,0.1566558897869459,13,3,1,2,0,37,13.51029195663606,44.49243069642006,58.00272265305612,58.00272265305612,0.0,17.400816795916835,58.00272265305612,52.20245038775051,44.49243069642006,0.232925134177718,0.767074865822282,6.97000131953171,20.02159381338903,13.98002147941975,13.51029195663606,175.4169210288331,58.00272265305612,17.400816795916835,11.600544530611224,0.0155756230147998,58.00272265305612,13.51029195663606,0.0,58.00272265305612,13.51029195663606,44.49243069642006,58.00272265305612,0.0,0.0,6.9700013195317085,20.02159381338903
2020-01-02 14:00:00,112.4272062880151,19.11607531228984,175.4169210288331,0.137890936209009,0.6237904820504101,12.541392571222849,0.137890936209009,14,3,1,2,0,38,19.11607531228984,93.31113097572526,112.4272062880151,112.4272062880151,0.0,33.72816188640453,112.4272062880151,101.1844856592136,93.31113097572526,0.1700306886868506,0.8299693113131493,12.86675920896422,41.99000893907637,2414.690303991159,19.11607531228984,175.4169210288331,112.4272062880151,33.72816188640453,22.48544125760302,0.124758096410082,112.4272062880151,19.11607531228984,0.0,112.4272062880151,19.11607531228984,93.31113097572526,112.4272062880151,0.0,0.0,12.866759208964215,41.99000893907637
2020-01-02 15:00:00,63.18809782691459,20.271588405598152,175.4169210288331,0.2352073699940113,0.1298907433206636,24.937252781152694,0.2352073699940113,15,3,1,2,0,39,20.271588405598152,42.91650942131644,63.18809782691459,63.18809782691459,0.0,18.956429348074376,63.18809782691459,56.86928804422313,42.91650942131644,0.320813398452447,0.679186601547553,10.09427931031105,19.3124292395924,2540.9530921208934,20.271588405598152,175.4169210288331,63.18809782691459,18.956429348074376,12.63761956538292,0.0259781486641327,63.18809782691459,20.271588405598152,0.0,63.18809782691459,20.271588405598152,42.91650942131644,63.18809782691459,0.0,0.0,10.094279310311048,19.312429239592397
2020-01-02 16:00:00,104.10190871654338,59.06939845797709,175.4169210288331,0.107307971267693,0.5402824246564446,29.168810943904717,0.107307971267693,16,3,1,2,0,40,59.06939845797709,45.03251025856629,104.10190871654338,104.10190871654338,0.0,31.230572614963013,104.10190871654338,93.69171784488904,45.03251025856629,0.5674189761382354,0.4325810238617646,4.832347316938323,20.26462961635483,1509.747524403718,59.06939845797709,175.4169210288331,104.10190871654338,31.230572614963013,20.82038174330868,0.1080564849312889,104.10190871654338,59.06939845797709,0.0,104.10190871654338,59.06939845797709,45.03251025856629,104.10190871654338,0.0,0.0,4.832347316938321,20.26462961635483
2020-01-02 17:00:00,66.29689816334866,77.87131252738949,175.4169210288331,0.2304461652489556,0.1610739982965482,28.576434945337787,0.2304461652489556,17,3,1,2,0,41,66.29689816334866,0.0,66.29689816334866,66.29689816334866,0.0,19.8890694490046,66.29689816334866,59.66720834701379,0.0,1.0,0.0,0.0,0.0,2080.1637321790245,77.87131252738949,175.4169210288331,66.29689816334866,19.8890694490046,13.259379632669733,0.0322147996593096,66.29689816334866,77.87131252738949,0.0,66.29689816334866,66.29689816334866,0.0,66.29689816334866,0.0,0.0,0.0,0.0
2020-01-02 18:00:00,76.11383705299605,11.234693597804512,175.4169210288331,0.2735312988165278,0.2595441717878732,18.88223080468614,0.2735312988165278,18,3,1,2,0,42,11.234693597804512,64.87914345519154,76.11383705299605,76.11383705299605,0.0,22.834151115898813,76.11383705299605,68.50245334769645,64.87914345519154,0.1476038264892898,0.8523961735107102,17.746476375402374,29.195614554836197,7241.149627097154,11.234693597804512,175.4169210288331,76.11383705299605,22.834151115898813,15.22276741059921,0.0519088343575746,76.11383705299605,11.234693597804512,11.417075557949406,64.69676149504664,11.234693597804512,53.462067897242136,64.69676149504664,0.0,0.0,14.623548869350039,24.05793055375896
2020-01-02 19:00:00,143.56704276555286,12.853221243803985,175.4169210288331,0.1854497300046065,0.9361429510739564,34.84362021628529,0.1854497300046065,19,3,1,2,0,43,12.853221243803985,130.71382152174888,143.56704276555286,143.56704276555286,0.0,43.07011282966585,143.56704276555286,129.21033848899756,130.71382152174888,0.0895276589683155,0.9104723410316846,24.24084290907865,58.821219684787,4336.824467868111,12.853221243803985,175.4169210288331,143.56704276555286,43.07011282966585,28.71340855311057,0.1872285902147912,143.56704276555286,12.853221243803985,0.0,143.56704276555286,12.853221243803985,130.71382152174888,143.56704276555286,0.0,0.0,24.24084290907865,58.821219684786996
2020-01-02 20:00:00,146.9565708063101,18.913688041216496,175.4169210288331,0.2076960819875721,0.9701420844065533,27.963497250154507,0.2076960819875721,20,3,1,2,0,44,18.913688041216496,128.04288276509362,146.9565708063101,146.9565708063101,0.0,44.08697124189303,146.9565708063101,132.2609137256791,128.04288276509362,0.1287025679589712,0.8712974320410288,26.59400507670397,57.619297244292135,43.86317164434263,18.913688041216496,175.4169210288331,146.9565708063101,44.08697124189303,29.391314161262024,0.1940284168813106,146.9565708063101,18.913688041216496,0.0,146.9565708063101,18.913688041216496,128.04288276509362,146.9565708063101,0.0,0.0,26.59400507670397,57.619297244292135
2020-01-02 21:00:00,69.12499584485298,52.4316326544776,175.4169210288331,0.2021548358955728,0.1894416261771519,29.726398446917997,0.2021548358955728,21,3,1,2,0,45,52.4316326544776,16.693363190375372,69.12499584485298,69.12499584485298,0.0,20.73749875345589,69.12499584485298,62.21249626036768,16.693363190375372,0.7585046771237043,0.2414953228762957,3.37464409629553,7.512013435668917,13522.1681206182,52.4316326544776,175.4169210288331,69.12499584485298,20.73749875345589,13.824999168970596,0.0378883252354303,69.12499584485298,52.4316326544776,0.0,69.12499584485298,52.4316326544776,16.693363190375372,69.12499584485298,0.0,0.0,3.374644096295529,7.512013435668917
2020-01-02 22:00:00,75.71601393162805,60.79633715828565,175.4169210288331,0.1715413643345333,0.2555537515336249,24.96827817087113,0.1715413643345333,22,3,1,2,0,46,60.79633715828565,14.919676773342402,75.71601393162805,75.71601393162805,0.0,22.71480417948841,75.71601393162805,68.14441253846525,14.919676773342402,0.802952162975524,0.197047837024476,2.559341709129404,6.713854548004082,73.11424494199392,60.79633715828565,175.4169210288331,75.71601393162805,22.71480417948841,15.143202786325611,0.0511107503067249,75.71601393162805,60.79633715828565,0.0,75.71601393162805,60.79633715828565,14.919676773342402,75.71601393162805,0.0,0.0,2.559341709129403,6.713854548004082
2020-01-02 23:00:00,76.7502002388448,15.71381008128106,175.4169210288331,0.2609545547255268,0.265927301398683,17.639584136761364,0.2609545547255268,23,3,1,2,0,47,15.71381008128106,61.03639015756374,76.7502002388448,76.7502002388448,0.0,23.02506007165344,76.7502002388448,69.07518021496033,61.03639015756374,0.2047396623380793,0.7952603376619206,15.927724015620576,27.466375570903683,4159.185501011271,15.71381008128106,175.4169210288331,76.7502002388448,23.02506007165344,15.35004004776896,0.0531854602797366,76.7502002388448,15.71381008128106,11.51253003582672,65.23767020301808,15.71381008128106,49.52386012173702,65.23767020301808,0.0,0.0,12.92347686635716,22.28573705478166
2020-01-03 00:00:00,63.1703117209361,39.18709241296489,175.4169210288331,0.1823614851110565,0.1297123373062099,29.606900740328136,0.1823614851110565,0,4,1,3,0,48,39.18709241296489,23.98321930797121,63.1703117209361,63.1703117209361,0.0,18.951093516280828,63.1703117209361,56.85328054884249,23.98321930797121,0.620340336233886,0.379659663766114,4.373615490745796,10.792448688587044,1923.9324534320333,39.18709241296489,175.4169210288331,63.1703117209361,18.951093516280828,12.63406234418722,0.025942467461242,63.1703117209361,39.18709241296489,0.0,63.1703117209361,39.18709241296489,23.98321930797121,63.1703117209361,0.0,0.0,4.373615490745794,10.792448688587045
2020-01-03 01:00:00,127.95123502478708,36.88867998619409,175.4169210288331,0.1014619079243174,0.7795064155178495,26.883431106636024,0.1014619079243174,1,4,1,3,0,49,36.88867998619409,91.062555038593,127.95123502478708,127.95123502478708,0.0,38.38537050743612,127.95123502478708,115.15611152230838,91.062555038593,0.288302648888445,0.7116973511115551,9.239380574678808,40.97814976736685,4504.919981745006,36.88867998619409,175.4169210288331,127.95123502478708,38.38537050743612,25.59024700495742,0.1559012831035699,127.95123502478708,36.88867998619409,0.0,127.95123502478708,36.88867998619409,91.06255503859299,127.95123502478708,0.0,0.0,9.239380574678808,40.978149767366844
2020-01-03 02:00:00,120.5961095796321,24.718684426423565,175.4169210288331,0.2877360629311823,0.7057298048272552,21.726596205253216,0.2877360629311823,2,4,1,3,0,50,24.718684426423565,95.87742515320852,120.5961095796321,120.5961095796321,0.0,36.178832873889625,120.5961095796321,108.5364986216689,95.87742515320852,0.2049708279362138,0.7950291720637861,27.58739283756333,43.14484131894384,171.29176614545224,24.718684426423565,175.4169210288331,120.5961095796321,36.178832873889625,24.11922191592642,0.141145960965451,120.5961095796321,24.718684426423565,18.089416436944813,102.50669314268728,24.718684426423565,77.78800871626372,102.50669314268728,0.0,0.0,22.382415371274217,35.00460392231867
2020-01-03 03:00:00,100.2625333421402,42.79970042675938,175.4169210288331,0.1136243867042445,0.5017710349589396,20.716129652260992,0.1136243867042445,3,4,1,3,0,51,42.79970042675938,57.46283291538081,100.2625333421402,100.2625333421402,0.0,30.078760002642056,100.2625333421402,90.23628000792615,57.46283291538081,0.4268763116198933,0.5731236883801066,6.529179148298621,25.858274811921365,1802.6040364029736,42.79970042675938,175.4169210288331,100.2625333421402,30.078760002642056,20.05250666842804,0.1003542069917879,100.2625333421402,42.79970042675938,0.0,100.2625333421402,42.79970042675938,57.46283291538082,100.2625333421402,0.0,0.0,6.529179148298621,25.85827481192137
2020-01-03 04:00:00,124.79796722203098,34.480258917220624,175.4169210288331,0.1084267588158966,0.747877123424624,23.134618977361608,0.1084267588158966,4,4,1,3,0,52,34.480258917220624,90.31770830481037,124.79796722203098,124.79796722203098,0.0,37.43939016660929,124.79796722203098,112.31817049982789,90.31770830481037,0.276288626207156,0.723711373792844,9.792856375170176,40.64296873716466,1148.6559438855795,34.480258917220624,175.4169210288331,124.79796722203098,37.43939016660929,24.959593444406195,0.1495754246849248,124.79796722203098,34.480258917220624,0.0,124.79796722203098,34.480258917220624,90.31770830481035,124.79796722203098,0.0,0.0,9.792856375170173,40.64296873716466
2020-01-03 05:00:00,93.15360951183956,61.12957620922835,175.4169210288331,0.1221788804705158,0.4304639838735415,16.77077094050526,0.1221788804705158,5,4,1,3,0,53,61.12957620922835,32.024033302611215,93.15360951183956,93.15360951183956,0.0,27.946082853551868,93.15360951183956,83.83824856065561,32.024033302611215,0.6562233769530846,0.3437766230469153,3.912660537063554,14.410814986175048,4108.338657392119,61.12957620922835,175.4169210288331,93.15360951183956,27.946082853551868,18.630721902367917,0.0860927967747083,93.15360951183956,61.12957620922835,0.0,93.15360951183956,61.12957620922835,32.024033302611215,93.15360951183956,0.0,0.0,3.912660537063553,14.410814986175048
2020-01-03 06:00:00,133.14675089891503,66.55158354701419,175.4169210288331,0.2153488039409691,0.8316207614716408,17.724095570203055,0.2153488039409691,6,4,1,3,0,54,66.55158354701419,66.59516735190084,133.14675089891503,133.14675089891503,0.0,39.944025269674505,133.14675089891503,119.83207580902354,66.59516735190084,0.4998363316994504,0.5001636683005496,14.341189637480522,29.96782530835538,1224.561473024956,66.55158354701419,175.4169210288331,133.14675089891503,39.944025269674505,26.629350179783007,0.1663241522943281,133.14675089891503,66.55158354701419,0.0,133.14675089891503,66.55158354701419,66.59516735190084,133.14675089891503,0.0,0.0,14.341189637480522,29.96782530835538
2020-01-03 07:00:00,88.81217633590475,33.68003951059912,175.4169210288331,0.2081317920367408,0.386916633437641,22.9716367073421,0.2081317920367408,7,4,1,3,0,55,33.68003951059912,55.13213682530564,88.81217633590475,88.81217633590475,0.0,26.643652900771425,88.81217633590475,79.93095870231429,55.13213682530564,0.3792277241716802,0.6207722758283197,11.474750436265657,24.809461571387537,1211.9394761916287,33.68003951059912,175.4169210288331,88.81217633590475,26.643652900771425,17.76243526718095,0.0773833266875282,88.81217633590475,33.68003951059912,0.0,88.81217633590475,33.68003951059912,55.13213682530563,88.81217633590475,0.0,0.0,11.47475043626565,24.809461571387533
2020-01-03 08:00:00,65.38099486662247,17.051851947109444,175.4169210288331,0.1155040859676082,0.151886902650571,34.55369582469363,0.1155040859676082,8,4,1,3,0,56,17.051851947109444,48.32914291951303,65.38099486662247,65.38099486662247,0.0,19.614298459986745,65.38099486662247,58.84289537996023,48.32914291951303,0.260807471374446,0.739192528625554,5.582213478516259,21.748114313780864,322.7773477288439,17.051851947109444,175.4169210288331,65.38099486662247,19.614298459986745,13.076198973324496,0.0303773805301142,65.38099486662247,17.051851947109444,0.0,65.38099486662247,17.051851947109444,48.32914291951303,65.38099486662247,0.0,0.0,5.582213478516256,21.748114313780864
2020-01-03 09:00:00,54.9794801257805,22.11263868367873,175.4169210288331,0.2220961177963536,0.0475530596250826,30.88528384234317,0.2220961177963536,9,4,1,3,0,57,22.11263868367873,32.86684144210177,54.9794801257805,54.9794801257805,0.0,16.49384403773415,54.9794801257805,49.48153211320245,32.86684144210177,0.4021980315763274,0.5978019684236727,7.299597888519113,14.790078648945798,264.69432937139,22.11263868367873,175.4169210288331,54.9794801257805,16.49384403773415,10.9958960251561,0.0095106119250165,54.9794801257805,22.11263868367873,0.0,54.9794801257805,22.11263868367873,32.86684144210177,54.9794801257805,0.0,0.0,7.299597888519112,14.790078648945798
2020-01-03 10:00:00,132.82655090666995,47.53788042072641,175.4169210288331,0.1698993379326352,0.8284089508305921,31.86549766829488,0.1698993379326352,10,4,1,3,0,58,47.53788042072641,85.28867048594354,132.82655090666995,132.82655090666995,0.0,39.84796527200098,132.82655090666995,119.54389581600296,85.28867048594354,0.3578944126474285,0.6421055873525715,14.490488648716497,38.3799017186746,3394.491077689084,47.53788042072641,175.4169210288331,132.82655090666995,39.84796527200098,26.56531018133399,0.1656817901661184,132.82655090666995,47.53788042072641,0.0,132.82655090666995,47.53788042072641,85.28867048594354,132.82655090666995,0.0,0.0,14.490488648716491,38.379901718674596
2020-01-03 11:00:00,104.07173959769472,46.88631513096515,175.4169210288331,0.1716800904307406,0.5399798091058639,17.612790507304275,0.1716800904307406,11,4,1,3,0,59,46.88631513096515,57.185424466729565,104.07173959769472,104.07173959769472,0.0,31.22152187930841,104.07173959769472,93.66456563792524,57.185424466729565,0.4505191833269185,0.5494808166730815,9.81759884376842,25.733441010028304,790.2169741432879,46.88631513096515,175.4169210288331,104.07173959769472,31.22152187930841,20.814347919538942,0.1079959618211727,104.07173959769472,46.88631513096515,0.0,104.07173959769472,46.88631513096515,57.185424466729565,104.07173959769472,0.0,0.0,9.817598843768417,25.733441010028304
2020-01-03 12:00:00,69.4324130369699,51.4740961143535,175.4169210288331,0.2070055845024462,0.1925252171602733,19.81452056683173,0.2070055845024462,12,4,1,3,0,60,51.4740961143535,17.958316922616405,69.4324130369699,69.4324130369699,0.0,20.82972391109097,69.4324130369699,62.48917173327292,17.958316922616405,0.7413554255552902,0.2586445744447098,3.71747189124638,8.081242615177382,1559.8137006289594,51.4740961143535,175.4169210288331,69.4324130369699,20.82972391109097,13.88648260739398,0.0385050434320546,69.4324130369699,51.4740961143535,0.0,69.4324130369699,51.4740961143535,17.958316922616405,69.4324130369699,0.0,0.0,3.7174718912463796,8.081242615177382
2020-01-03 13:00:00,89.9718543004364,78.31870054635645,175.4169210288331,0.246676399579579,0.3985489448582534,31.1363776067402,0.246676399579579,13,4,1,3,0,61,78.31870054635645,11.653153754079952,89.9718543004364,89.9718543004364,0.0,26.99155629013092,89.9718543004364,80.97466887039276,11.653153754079952,0.8704800090574166,0.1295199909425833,2.874558011803697,5.243919189335979,760.3878696925813,78.31870054635645,175.4169210288331,89.9718543004364,26.99155629013092,17.994370860087283,0.0797097889716506,89.9718543004364,78.31870054635645,0.0,89.9718543004364,78.31870054635645,11.653153754079952,89.9718543004364,0.0,0.0,2.874558011803697,5.243919189335979
2020-01-03 14:00:00,95.01122164743757,32.596103564924405,175.4169210288331,0.2381455986433321,0.4490970212519066,29.0478627770854,0.2381455986433321,14,4,1,3,0,62,32.596103564924405,62.41511808251316,95.01122164743757,95.01122164743757,0.0,28.50336649423127,95.01122164743757,85.51009948269382,62.41511808251316,0.343076354558204,0.6569236454417959,14.86388566015436,28.08680313713092,4667.332897207585,32.596103564924405,175.4169210288331,95.01122164743757,28.50336649423127,19.002244329487517,0.0898194042503813,95.01122164743757,32.596103564924405,0.0,95.01122164743757,32.596103564924405,62.41511808251316,95.01122164743757,0.0,0.0,14.86388566015436,28.08680313713092
2020-01-03 15:00:00,132.316067164299,34.65854227171406,175.4169210288331,0.1647606610974241,0.8232884725184801,24.34200813542977,0.1647606610974241,15,4,1,3,0,63,34.65854227171406,97.65752489258496,132.316067164299,132.316067164299,0.0,39.6948201492897,132.316067164299,119.0844604478691,97.65752489258496,0.2619375183565424,0.7380624816434577,16.090118362440453,43.94588620166323,1246.280891185858,34.65854227171406,175.4169210288331,132.316067164299,39.6948201492897,26.463213432859803,0.164657694503696,132.316067164299,34.65854227171406,0.0,132.316067164299,34.65854227171406,97.65752489258495,132.316067164299,0.0,0.0,16.090118362440446,43.94588620166323
2020-01-03 16:00:00,142.49918403724274,60.921968370954055,175.4169210288331,0.2876274936816549,0.925431645296978,13.941722549051674,0.2876274936816549,16,4,1,3,0,64,60.921968370954055,81.57721566628868,142.49918403724274,142.49918403724274,0.0,42.74975521117282,142.49918403724274,128.24926563351846,81.57721566628868,0.4275250330909393,0.5724749669090606,23.46385008362245,36.70974704982991,948.3438952835492,60.921968370954055,175.4169210288331,142.49918403724274,42.74975521117282,28.49983680744855,0.1850863290593956,142.49918403724274,60.921968370954055,21.37487760558641,121.12430643165634,60.921968370954055,60.20233806070228,121.12430643165634,0.0,0.0,17.3158476101755,27.091052127316026
2020-01-03 17:00:00,62.90650483775213,69.54450561126345,175.4169210288331,0.1419071801886655,0.1270661856037963,24.59652620773241,0.1419071801886655,17,4,1,3,0,65,62.90650483775213,0.0,62.90650483775213,62.90650483775213,0.0,18.87195145132564,62.90650483775213,56.615854353976914,0.0,1.0,0.0,0.0,0.0,6658.780500852226,69.54450561126345,175.4169210288331,62.90650483775213,18.87195145132564,12.581300967550426,0.0254132371207592,62.90650483775213,69.54450561126345,0.0,62.90650483775213,62.90650483775213,0.0,62.90650483775213,0.0,0.0,0.0,0.0
2020-01-03 18:00:00,123.01603723909258,58.47721434050025,175.4169210288331,0.1289168313339849,0.7300032264245745,26.682891124215534,0.1289168313339849,18,4,1,3,0,66,58.47721434050025,64.53882289859234,123.01603723909258,123.01603723909258,0.0,36.90481117172777,123.01603723909258,110.71443351518332,64.53882289859234,0.475362527138186,0.5246374728618141,8.320140546111755,29.04247030436656,4184.878275444913,58.47721434050025,175.4169210288331,123.01603723909258,36.90481117172777,24.60320744781852,0.1460006452849149,123.01603723909258,58.47721434050025,0.0,123.01603723909258,58.47721434050025,64.53882289859234,123.01603723909258,0.0,0.0,8.320140546111752,29.042470304366557
2020-01-03 19:00:00,83.81622819107528,31.137495482518343,175.4169210288331,0.2932942025012084,0.3368040794016964,27.420601555872224,0.2932942025012084,19,4,1,3,0,67,31.137495482518343,52.678732708556936,83.81622819107528,83.81622819107528,0.0,25.144868457322584,83.81622819107528,75.43460537196776,52.678732708556936,0.3714972166432305,0.6285027833567693,15.450366898530527,23.70542971885062,888.1219665492654,31.137495482518343,175.4169210288331,83.81622819107528,25.144868457322584,16.763245638215057,0.0673608158803392,83.81622819107528,31.137495482518343,12.572434228661292,71.24379396241399,31.137495482518343,40.10629847989564,71.24379396241399,0.0,0.0,11.762944827936419,18.04783431595304
2020-01-03 20:00:00,142.0383351052515,71.18271475484947,175.4169210288331,0.203009713397495,0.92080903586683,11.749255577762224,0.203009713397495,20,4,1,3,0,68,71.18271475484947,70.85562035040202,142.0383351052515,142.0383351052515,0.0,42.61150053157544,142.0383351052515,127.83450159472636,70.85562035040202,0.5011514300143165,0.4988485699856835,14.384379179936834,31.88502915768091,1934.0188309133407,71.18271475484947,175.4169210288331,142.0383351052515,42.61150053157544,28.4076670210503,0.184161807173366,142.0383351052515,71.18271475484947,0.0,142.0383351052515,71.18271475484947,70.85562035040202,142.0383351052515,0.0,0.0,14.384379179936827,31.88502915768091
2020-01-03 21:00:00,50.238699605105154,74.15687668523994,175.4169210288331,0.1300561422487811,0.0,29.63623877961462,0.1300561422487811,21,4,1,3,0,69,50.238699605105154,0.0,50.238699605105154,50.238699605105154,0.0,15.071609881531543,50.238699605105154,45.21482964459464,0.0,1.0,0.0,0.0,0.0,5459.170705833025,74.15687668523994,175.4169210288331,50.238699605105154,15.071609881531543,10.047739921021032,2e-07,50.238699605105154,74.15687668523994,0.0,50.238699605105154,50.238699605105154,0.0,50.238699605105154,0.0,0.0,0.0,0.0
2020-01-03 22:00:00,67.3382093509953,79.49195209966538,175.4169210288331,0.230409481831216,0.1715190152675875,32.56949847260033,0.230409481831216,22,4,1,3,0,70,67.3382093509953,0.0,67.3382093509953,67.3382093509953,0.0,20.20146280529859,67.3382093509953,60.60438841589577,0.0,1.0,0.0,0.0,0.0,292.39323354979206,79.49195209966538,175.4169210288331,67.3382093509953,20.20146280529859,13.46764187019906,0.0343038030535175,67.3382093509953,79.49195209966538,0.0,67.3382093509953,67.3382093509953,0.0,67.3382093509953,0.0,0.0,0.0,0.0
2020-01-03 23:00:00,119.80435217720512,52.62883775826767,175.4169210288331,0.2808246669168568,0.6977879718733755,18.49307341191891,0.2808246669168568,23,4,1,3,0,71,52.62883775826767,67.17551441893744,119.80435217720512,119.80435217720512,0.0,35.941305653161535,119.80435217720512,107.8239169594846,67.17551441893744,0.4392898655336265,0.5607101344663734,18.86454146166662,30.22898148852185,4728.915350101814,52.62883775826767,175.4169210288331,119.80435217720512,35.941305653161535,23.960870435441024,0.1395575943746751,119.80435217720512,52.62883775826767,17.970652826580768,101.83369935062436,52.62883775826767,49.204861592356686,101.83369935062436,0.0,0.0,13.817938867363607,22.14218771656051
2020-01-04 00:00:00,117.70559491576236,33.693083715637,175.4169210288331,0.1652354964391793,0.6767360947074303,11.578622060584053,0.1652354964391793,0,5,1,4,1,72,33.693083715637,84.01251120012536,117.70559491576236,117.70559491576236,0.0,35.31167847472871,117.70559491576236,105.93503542418613,84.01251120012536,0.2862487865572569,0.7137512134427431,13.881848995254826,37.805630040056414,642.0472417727362,33.693083715637,175.4169210288331,117.70559491576236,35.31167847472871,23.541118983152472,0.135347218941486,117.70559491576236,33.693083715637,0.0,117.70559491576236,33.693083715637,84.01251120012536,117.70559491576236,0.0,0.0,13.881848995254826,37.805630040056414
2020-01-04 01:00:00,75.59118640759678,74.73631079935734,175.4169210288331,0.2995832997311497,0.254301651659517,27.406785863622535,0.2995832997311497,1,5,1,4,1,73,74.73631079935734,0.8548756082394391,75.59118640759678,75.59118640759678,0.0,22.677355922279038,75.59118640759678,68.0320677668371,0.8548756082394391,0.9886908031363624,0.0113091968636376,0.2561064555760448,0.3846940237077476,8599.738846678727,74.73631079935734,175.4169210288331,75.59118640759678,22.677355922279038,15.118237281519356,0.0508603303319034,75.59118640759678,74.73631079935734,11.338677961139517,64.25250844645726,64.25250844645726,0.0,64.25250844645726,0.0,0.0,0.0,0.0
2020-01-04 02:00:00,120.44549650945444,19.409060846146325,175.4169210288331,0.2662283358689565,0.7042190594393934,29.95633266083933,0.2662283358689565,2,5,1,4,1,74,19.409060846146325,101.03643566330813,120.44549650945444,120.44549650945444,0.0,36.13364895283632,120.44549650945444,108.400946858509,101.03643566330813,0.1611439315593074,0.8388560684406925,26.898762128773413,45.466396048488654,13097.44956245242,19.409060846146325,175.4169210288331,120.44549650945444,36.13364895283632,24.089099301890887,0.1408438118878787,120.44549650945444,19.409060846146325,18.066824476418166,102.37867203303628,19.409060846146325,82.96961118688995,102.37867203303628,0.0,0.0,22.088861513980067,37.336325034100476
2020-01-04 03:00:00,113.93789433297052,74.86775664437701,175.4169210288331,0.141065846149586,0.6389436489948336,33.23931875323241,0.141065846149586,3,5,1,4,1,75,74.86775664437701,39.07013768859351,113.93789433297052,113.93789433297052,0.0,34.181368299891155,113.93789433297052,102.54410489967348,39.07013768859351,0.657092682664334,0.342907317335666,5.511462032222273,17.581561959867077,6915.48902433181,74.86775664437701,175.4169210288331,113.93789433297052,34.181368299891155,22.787578866594103,0.1277887297989667,113.93789433297052,74.86775664437701,0.0,113.93789433297052,74.86775664437701,39.070137688593505,113.93789433297052,0.0,0.0,5.511462032222273,17.581561959867077
2020-01-04 04:00:00,123.32146839157386,18.50707091846462,175.4169210288331,0.2551839144216214,0.7330668961603822,31.997912788137512,0.2551839144216214,4,5,1,4,1,76,18.50707091846462,104.81439747310924,123.32146839157386,123.32146839157386,0.0,36.99644051747216,123.32146839157386,110.98932155241648,104.81439747310924,0.1500717690102459,0.849928230989754,26.746948234931725,47.16647886289916,7498.834590108958,18.50707091846462,175.4169210288331,123.32146839157386,36.99644051747216,24.66429367831477,0.1466133792320764,123.32146839157386,18.50707091846462,18.49822025873608,104.82324813283778,18.50707091846462,86.31617721437316,104.82324813283778,0.0,0.0,22.026499979474107,38.84227974646792
2020-01-04 05:00:00,142.85345702545814,62.854682691744365,175.4169210288331,0.2405872678830586,0.9289852298720688,30.61952289320148,0.2405872678830586,5,5,1,4,1,77,62.854682691744365,79.99877433371378,142.85345702545814,142.85345702545814,0.0,42.85603710763744,142.85345702545814,128.56811132291233,79.99877433371378,0.4399941310523758,0.5600058689476243,19.24668655094155,35.9994484501712,2582.52582179004,62.854682691744365,175.4169210288331,142.85345702545814,42.85603710763744,28.57069140509163,0.1857970459744138,142.85345702545814,62.854682691744365,0.0,142.85345702545814,62.854682691744365,79.99877433371378,142.85345702545814,0.0,0.0,19.24668655094155,35.9994484501712
2020-01-04 06:00:00,128.5751972893899,25.839188596376324,175.4169210288331,0.2776019883228527,0.7857651559600737,10.360243529148203,0.2776019883228527,6,5,1,4,1,78,25.839188596376324,102.7360086930136,128.5751972893899,128.5751972893899,0.0,38.57255918681697,128.5751972893899,115.71767756045092,102.7360086930136,0.2009655761073336,0.7990344238926664,28.51972028553445,46.23120391185611,1887.12862943395,25.839188596376324,175.4169210288331,128.5751972893899,38.57255918681697,25.71503945787798,0.1571530311920147,128.5751972893899,25.839188596376324,19.286279593408484,109.28891769598143,25.839188596376324,83.4497290996051,109.28891769598141,1.4210854715202004e-14,0.0,23.165810723053795,37.552378094822295
2020-01-04 07:00:00,141.2177411020683,77.39652731186844,175.4169210288331,0.2694473743524029,0.912577953370778,34.67675526946347,0.2694473743524029,7,5,1,4,1,79,77.39652731186844,63.82121379019985,141.2177411020683,141.2177411020683,0.0,42.36532233062049,141.2177411020683,127.09596699186146,63.82121379019985,0.5480651843590131,0.4519348156409868,17.19645848375272,28.71954620558993,4172.52043775204,77.39652731186844,175.4169210288331,141.2177411020683,42.36532233062049,28.243548220413658,0.1825155906741555,141.2177411020683,77.39652731186844,21.182661165310243,120.03507993675805,77.39652731186844,42.63855262488961,120.03507993675805,0.0,0.0,11.488846050963263,19.187348681200326
2020-01-04 08:00:00,88.01108481303338,58.94372919396756,175.4169210288331,0.2906899194603721,0.3788811732879643,21.10697966561713,0.2906899194603721,8,5,1,4,1,80,58.94372919396756,29.06735561906581,88.01108481303338,88.01108481303338,0.0,26.403325443910013,88.01108481303338,79.20997633173005,29.06735561906581,0.6697307426579829,0.3302692573420171,8.449587263832237,13.080310028579618,1548.3364161593058,58.94372919396756,175.4169210288331,88.01108481303338,26.403325443910013,17.602216962606676,0.0757762346575928,88.01108481303338,58.94372919396756,13.201662721955007,74.80942209107837,58.94372919396756,15.865692897110812,74.80942209107837,0.0,0.0,4.61199699044414,7.139561803699865
2020-01-04 09:00:00,148.43308283068365,31.241042005531245,175.4169210288331,0.2842482016917088,0.984952444014212,28.995578022269445,0.2842482016917088,9,5,1,4,1,81,31.241042005531245,117.1920408251524,148.43308283068365,148.43308283068365,0.0,44.529924849205095,148.43308283068365,133.5897745476153,117.1920408251524,0.2104722303798516,0.7895277696201484,33.311626857130896,52.736418371318585,8533.399020132209,31.241042005531245,175.4169210288331,148.43308283068365,44.529924849205095,29.68661656613673,0.1969904888028424,148.43308283068365,31.241042005531245,22.264962424602547,126.1681204060811,31.241042005531245,94.92707840054986,126.1681204060811,0.0,0.0,26.98285132720415,42.717185280247435
2020-01-04 10:00:00,67.07675993718048,13.901858317949015,175.4169210288331,0.1876805098010148,0.1688965104901869,26.61998937350263,0.1876805098010148,10,5,1,4,1,82,13.901858317949015,53.17490161923146,67.07675993718048,67.07675993718048,0.0,20.123027981154145,67.07675993718048,60.36908394346244,53.17490161923146,0.2072529789895718,0.7927470210104282,9.979892644516168,23.92870572865416,4398.841403061978,13.901858317949015,175.4169210288331,67.07675993718048,20.123027981154145,13.415351987436097,0.0337793020980373,67.07675993718048,13.901858317949015,0.0,67.07675993718048,13.901858317949015,53.17490161923147,67.07675993718048,0.0,0.0,9.97989264451617,23.928705728654162
2020-01-04 11:00:00,51.304053436012445,36.18497319717635,175.4169210288331,0.166215696290098,0.0106861800545298,29.38454593824071,0.166215696290098,11,5,1,4,1,83,36.18497319717635,15.119080238836098,51.304053436012445,51.304053436012445,0.0,15.391216030803731,51.304053436012445,46.1736480924112,15.119080238836098,0.7053043721449233,0.2946956278550768,2.513028449164003,6.803586107476244,1944.7827496574,36.18497319717635,175.4169210288331,51.304053436012445,15.391216030803731,10.26081068720249,0.0021372360109059,51.304053436012445,36.18497319717635,0.0,51.304053436012445,36.18497319717635,15.119080238836098,51.304053436012445,0.0,0.0,2.513028449164003,6.803586107476244
2020-01-04 12:00:00,100.50005162609312,76.02313752431394,175.4169210288331,0.2284715608508935,0.5041534952035349,14.027191649563544,0.2284715608508935,12,5,1,4,1,84,76.02313752431394,24.476914101779187,100.50005162609312,100.50005162609312,0.0,30.150015487827936,100.50005162609312,90.45004646348382,24.476914101779187,0.7564487410131422,0.2435512589868578,5.592278769646738,11.014611345800636,1674.6483915624624,76.02313752431394,175.4169210288331,100.50005162609312,30.150015487827936,20.100010325218623,0.1008306990407069,100.50005162609312,76.02313752431394,0.0,100.50005162609312,76.02313752431394,24.476914101779187,100.50005162609312,0.0,0.0,5.592278769646737,11.014611345800635
2020-01-04 13:00:00,88.05575310254022,50.08738549730018,175.4169210288331,0.2171924616529718,0.3793292247902445,10.760921589929332,0.2171924616529718,13,5,1,4,1,85,50.08738549730018,37.96836760524004,88.05575310254022,88.05575310254022,0.0,26.416725930762063,88.05575310254022,79.25017779228621,37.96836760524004,0.5688144582554853,0.4311855417445147,8.246443225127036,17.08576542235802,854.6825508427943,50.08738549730018,175.4169210288331,88.05575310254022,26.416725930762063,17.611150620508045,0.0758658449580489,88.05575310254022,50.08738549730018,0.0,88.05575310254022,50.08738549730018,37.96836760524004,88.05575310254022,0.0,0.0,8.246443225127035,17.08576542235802
2020-01-04 14:00:00,99.87573104850686,55.82013425221242,175.4169210288331,0.2889172062067958,0.4978911606530006,22.682835402122777,0.2889172062067958,14,5,1,4,1,86,55.82013425221242,44.055596796294445,99.87573104850686,99.87573104850686,0.0,29.962719314552057,99.87573104850686,89.88815794365618,44.055596796294445,0.5588958765678734,0.4411041234321265,12.728419944158455,19.825018558332506,69.91876751137266,55.82013425221242,175.4169210288331,99.87573104850686,29.962719314552057,19.97514620970137,0.0995782321306001,99.87573104850686,55.82013425221242,14.981359657276029,84.89437139123083,55.82013425221242,29.074237139018415,84.89437139123083,0.0,0.0,8.400047366799063,13.083406712558286
2020-01-04 15:00:00,56.42058648497738,55.54158297665989,175.4169210288331,0.2619354046473857,0.062008277774522,14.936950457146306,0.2619354046473857,15,5,1,4,1,87,55.54158297665989,0.8790035083174885,56.42058648497738,56.42058648497738,0.0,16.926175945493213,56.42058648497738,50.77852783647964,0.8790035083174885,0.9844205180576856,0.0155794819423143,0.230242139637613,0.3955515787428698,1864.2957987684888,55.54158297665989,175.4169210288331,56.42058648497738,16.926175945493213,11.284117296995475,0.0124016555549044,56.42058648497738,55.54158297665989,8.463087972746607,47.95749851223077,47.95749851223077,0.0,47.95749851223077,0.0,0.0,0.0,0.0
2020-01-04 16:00:00,96.78030546162444,41.876382162530376,175.4169210288331,0.1612886213611606,0.4668420629662219,23.72755823404877,0.1612886213611606,16,5,1,4,1,88,41.876382162530376,54.90392329909406,96.78030546162444,96.78030546162444,0.0,29.03409163848733,96.78030546162444,87.10227491546199,54.90392329909406,0.4326952881868646,0.5673047118131354,8.85537809622979,24.706765484592328,3105.429671690328,41.876382162530376,175.4169210288331,96.78030546162444,29.03409163848733,19.35606109232489,0.0933684125932443,96.78030546162444,41.876382162530376,0.0,96.78030546162444,41.876382162530376,54.90392329909406,96.78030546162444,0.0,0.0,8.855378096229785,24.706765484592328
2020-01-04 17:00:00,61.38780162033396,70.43639991485139,175.4169210288331,0.1481533445477899,0.1118326213550968,16.692007192267894,0.1481533445477899,17,5,1,4,1,89,61.38780162033396,0.0,61.38780162033396,61.38780162033396,0.0,18.416340486100182,61.38780162033396,55.24902145830057,0.0,1.0,0.0,0.0,0.0,3395.13628289116,70.43639991485139,175.4169210288331,61.38780162033396,18.416340486100182,12.277560324066792,0.0223665242710193,61.38780162033396,70.43639991485139,0.0,61.38780162033396,61.38780162033396,0.0,61.38780162033396,0.0,0.0,0.0,0.0
2020-01-04 18:00:00,88.4421019964337,77.74988186297617,175.4169210288331,0.2375580257693101,0.3832045512069132,26.288632885884336,0.2375580257693101,18,5,1,4,1,90,77.74988186297617,10.69222013345754,88.4421019964337,88.4421019964337,0.0,26.532630598930112,88.4421019964337,79.59789179679034,10.69222013345754,0.8791048619141969,0.1208951380858031,2.540022705995043,4.811499060055893,382.04124124897726,77.74988186297617,175.4169210288331,88.4421019964337,26.532630598930112,17.68842039928674,0.0766409102413826,88.4421019964337,77.74988186297617,0.0,88.4421019964337,77.74988186297617,10.692220133457539,88.4421019964337,0.0,0.0,2.5400227059950424,4.811499060055893
2020-01-04 19:00:00,62.61493344018309,34.048190673290605,175.4169210288331,0.2266263895353063,0.1241415380709478,29.144480431631823,0.2266263895353063,19,5,1,4,1,91,34.048190673290605,28.56674276689248,62.61493344018309,62.61493344018309,0.0,18.78448003205493,62.61493344018309,56.35344009616478,28.56674276689248,0.5437710910579713,0.4562289089420288,6.473977774044671,12.855034245101615,2229.336372211819,34.048190673290605,175.4169210288331,62.61493344018309,18.78448003205493,12.522986688036616,0.0248283076141895,62.61493344018309,34.048190673290605,0.0,62.61493344018309,34.048190673290605,28.56674276689248,62.61493344018309,0.0,0.0,6.47397777404467,12.855034245101617
2020-01-04 20:00:00,148.99663412568114,77.650891491351,175.4169210288331,0.1998631832602045,0.9906052238077366,24.601121303614786,0.1998631832602045,20,5,1,4,1,92,77.650891491351,71.34574263433014,148.99663412568114,148.99663412568114,0.0,44.69899023770434,148.99663412568114,134.09697071311302,71.34574263433014,0.5211586956108766,0.4788413043891234,14.259387234960512,32.10558418544856,3731.238348287516,77.650891491351,175.4169210288331,148.99663412568114,44.69899023770434,29.79932682513623,0.1981210447615473,148.99663412568114,77.650891491351,0.0,148.99663412568114,77.650891491351,71.34574263433014,148.99663412568114,0.0,0.0,14.25938723496051,32.10558418544856
2020-01-04 21:00:00,52.54200256088737,59.476459970939246,175.4169210288331,0.1974703587480159,0.0231036012557986,10.436403369238574,0.1974703587480159,21,5,1,4,1,93,52.54200256088737,0.0,52.54200256088737,52.54200256088737,0.0,15.76260076826621,52.54200256088737,47.28780230479863,0.0,1.0,0.0,0.0,0.0,5720.671295366432,59.476459970939246,175.4169210288331,52.54200256088737,15.76260076826621,10.508400512177474,0.0046207202511597,52.54200256088737,59.476459970939246,0.0,52.54200256088737,52.54200256088737,0.0,52.54200256088737,0.0,0.0,0.0,0.0
2020-01-04 22:00:00,124.68665537766604,24.11923390982021,175.4169210288331,0.1715526724281753,0.7467605944587754,15.595239544477993,0.1715526724281753,22,5,1,4,1,94,24.11923390982021,100.56742146784582,124.68665537766604,124.68665537766604,0.0,37.405996613299806,124.68665537766604,112.21798983989945,100.56742146784582,0.1934387752784366,0.8065612247215633,17.252609912019597,45.255339660530616,10921.660038483422,24.11923390982021,175.4169210288331,124.68665537766604,37.405996613299806,24.93733107553321,0.1493521188917551,124.68665537766604,24.11923390982021,0.0,124.68665537766604,24.11923390982021,100.56742146784583,124.68665537766604,0.0,0.0,17.2526099120196,45.25533966053062
2020-01-04 23:00:00,55.28663423868141,41.22068933944131,175.4169210288331,0.1606814528817011,0.0506340117554684,26.278054690800005,0.1606814528817011,23,5,1,4,1,95,41.22068933944131,14.0659448992401,55.28663423868141,55.28663423868141,0.0,16.585990271604423,55.28663423868141,49.75797081481327,14.0659448992401,0.7455814575632308,0.2544185424367691,2.2601364625638527,6.329675204658046,7774.965226360359,41.22068933944131,175.4169210288331,55.28663423868141,16.585990271604423,11.057326847736284,0.0101268023510936,55.28663423868141,41.22068933944131,0.0,55.28663423868141,41.22068933944131,14.065944899240101,55.28663423868141,0.0,0.0,2.2601364625638523,6.329675204658046
2020-01-05 00:00:00,138.5813083833335,27.60283221906783,175.4169210288331,0.2162091897087749,0.8861328476071272,23.56631328122964,0.2162091897087749,0,6,1,5,1,96,27.60283221906783,110.97847616426566,138.5813083833335,138.5813083833335,0.0,41.57439251500005,138.5813083833335,124.72317754500014,110.97847616426566,0.1991814952613587,0.8008185047386412,23.99456640659048,49.94031427391955,9577.484748745464,27.60283221906783,175.4169210288331,138.5813083833335,41.57439251500005,27.7162616766667,0.1772265695214254,138.5813083833335,27.60283221906783,0.0,138.5813083833335,27.60283221906783,110.97847616426566,138.5813083833335,0.0,0.0,23.994566406590465,49.94031427391955
2020-01-05 01:00:00,69.24248684849715,28.380860789986325,175.4169210288331,0.2967093850481906,0.1906201360611966,28.252699762055094,0.2967093850481906,1,6,1,5,1,97,28.380860789986325,40.86162605851082,69.24248684849715,69.24248684849715,0.0,20.772746054549145,69.24248684849715,62.31823816364744,40.86162605851082,0.4098763935513143,0.5901236064486857,12.124027939889867,18.38773172632987,4916.977997210057,28.380860789986325,175.4169210288331,69.24248684849715,20.772746054549145,13.84849736969943,0.0381240272122393,69.24248684849715,28.380860789986325,10.386373027274573,58.85611382122258,28.380860789986325,30.475253031236253,58.85611382122258,0.0,0.0,9.042293586086116,13.713863864056314
2020-01-05 02:00:00,79.05940367190692,62.17813873325606,175.4169210288331,0.2007744257368759,0.2890900882140502,33.102477515992376,0.2007744257368759,2,6,1,5,1,98,62.17813873325606,16.881264938650858,79.05940367190692,79.05940367190692,0.0,23.717821101572078,79.05940367190692,71.15346330471623,16.881264938650858,0.7864736621502058,0.2135263378497942,3.389326273769685,7.596569222392886,1717.3137158135182,62.17813873325606,175.4169210288331,79.05940367190692,23.717821101572078,15.811880734381385,0.05781801764281,79.05940367190692,62.17813873325606,0.0,79.05940367190692,62.17813873325606,16.881264938650858,79.05940367190692,0.0,0.0,3.3893262737696834,7.596569222392886
2020-01-05 03:00:00,125.42184297429571,72.81906139576296,175.4169210288331,0.1976618795421142,0.7541349960927859,15.187622751913937,0.1976618795421142,3,6,1,5,1,99,72.81906139576296,52.60278157853277,125.42184297429571,125.42184297429571,0.0,37.62655289228872,125.42184297429571,112.87965867686616,52.60278157853277,0.5805931380763292,0.4194068619236708,10.397564675956092,23.671251710339742,1389.255986162813,72.81906139576296,175.4169210288331,125.42184297429571,37.62655289228872,25.084368594859143,0.1508269992185572,125.42184297429571,72.81906139576296,0.0,125.42184297429571,72.81906139576296,52.602781578532756,125.42184297429571,0.0,0.0,10.397564675956085,23.671251710339742
2020-01-05 04:00:00,116.04952373395516,43.49446203696463,175.4169210288331,0.2175200454331308,0.6601246419501448,29.842255033972613,0.2175200454331308,4,6,1,5,1,100,43.49446203696463,72.55506169699055,116.04952373395516,116.04952373395516,0.0,34.81485712018655,116.04952373395516,104.44457136055964,72.55506169699055,0.3747922493561987,0.6252077506438013,15.782180316732992,32.64977776364575,1258.025609479441,43.49446203696463,175.4169210288331,116.04952373395516,34.81485712018655,23.20990474679104,0.1320249283900289,116.04952373395516,43.49446203696463,0.0,116.04952373395516,43.49446203696463,72.55506169699052,116.04952373395514,1.4210854715202004e-14,0.0,15.782180316732987,32.64977776364574
2020-01-05 05:00:00,112.89412915580844,67.549763748873,175.4169210288331,0.2036444726916908,0.6284740169400042,31.31736222170081,0.2036444726916908,5,6,1,5,1,101,67.549763748873,45.344365406935424,112.89412915580844,112.89412915580844,0.0,33.86823874674253,112.89412915580844,101.6047162402276,45.344365406935424,0.5983461164366274,0.4016538835633725,9.23412938283471,20.40496443312094,1319.079533040562,67.549763748873,175.4169210288331,112.89412915580844,33.86823874674253,22.578825831161687,0.1256948033880008,112.89412915580844,67.549763748873,0.0,112.89412915580844,67.549763748873,45.34436540693544,112.89412915580844,0.0,0.0,9.234129382834713,20.40496443312095
2020-01-05 06:00:00,140.20926027937122,30.65394843230576,175.4169210288331,0.1887879608359605,0.9024622459501704,16.1962584321462,0.1887879608359605,6,6,1,5,1,102,30.65394843230576,109.55531184706548,140.20926027937122,140.20926027937122,0.0,42.06277808381137,140.20926027937122,126.1883342514341,109.55531184706548,0.218629984718747,0.7813700152812529,20.682723922355237,49.29989033117946,5484.346830611488,30.65394843230576,175.4169210288331,140.20926027937122,42.06277808381137,28.041852055874244,0.1804924491900341,140.20926027937122,30.65394843230576,0.0,140.20926027937122,30.65394843230576,109.55531184706547,140.20926027937122,0.0,0.0,20.682723922355233,49.29989033117946
2020-01-05 07:00:00,146.92040394430356,36.1378891065853,175.4169210288331,0.1251373252712669,0.9697793076574612,22.22829760612494,0.1251373252712669,7,6,1,5,1,103,36.1378891065853,110.78251483771824,146.92040394430356,146.92040394430356,0.0,44.076121183291065,146.92040394430356,132.2283635498732,110.78251483771824,0.2459691651833798,0.75403083481662,13.863027593616506,49.852131676973215,31.57963249928469,36.1378891065853,175.4169210288331,146.92040394430356,44.076121183291065,29.384080788860715,0.1939558615314922,146.92040394430356,36.1378891065853,0.0,146.92040394430356,36.1378891065853,110.78251483771825,146.92040394430356,0.0,0.0,13.863027593616499,49.852131676973215
2020-01-05 08:00:00,107.85447099841062,12.29736726266701,175.4169210288331,0.1783508078276239,0.5779230235321438,30.025541629510364,0.1783508078276239,8,6,1,5,1,104,12.29736726266701,95.5571037357436,107.85447099841062,107.85447099841062,0.0,32.35634129952319,107.85447099841062,97.06902389856955,95.5571037357436,0.1140181500945679,0.885981849905432,17.04268664493793,43.00069668108463,800.1836250144779,12.29736726266701,175.4169210288331,107.85447099841062,32.35634129952319,21.57089419968213,0.1155846047064287,107.85447099841062,12.29736726266701,0.0,107.85447099841062,12.29736726266701,95.55710373574361,107.85447099841062,0.0,0.0,17.04268664493793,43.00069668108463
2020-01-05 09:00:00,149.18878733645022,53.98359721963895,175.4169210288331,0.1557861346434223,0.9925326433642848,17.831302957173573,0.1557861346434223,9,6,1,5,1,105,53.98359721963895,95.20519011681128,149.18878733645022,149.18878733645022,0.0,44.75663620093506,149.18878733645022,134.2699086028052,95.20519011681128,0.3618475502310724,0.6381524497689277,14.831648566290184,42.84233555256508,1737.8656112207343,53.98359721963895,175.4169210288331,149.18878733645022,44.75663620093506,29.837757467290047,0.198506528672857,149.18878733645022,53.98359721963895,0.0,149.18878733645022,53.98359721963895,95.20519011681127,149.18878733645022,0.0,0.0,14.831648566290179,42.84233555256507
2020-01-05 10:00:00,115.5328480352872,17.487175654771672,175.4169210288331,0.2530763009287393,0.6549420543575665,27.129227563679663,0.2530763009287393,10,6,1,5,1,106,17.487175654771672,98.04567238051553,115.5328480352872,115.5328480352872,0.0,34.65985441058616,115.5328480352872,103.97956323175848,98.04567238051553,0.151361071350293,0.8486389286497069,24.81303608813193,44.12055257123199,1340.0571265309277,17.487175654771672,175.4169210288331,115.5328480352872,34.65985441058616,23.10656960705744,0.1309884108715133,115.5328480352872,17.487175654771672,17.329927205293078,98.20292082999413,17.487175654771672,80.71574517522245,98.20292082999413,0.0,0.0,20.427242215652033,36.32208532885011
2020-01-05 11:00:00,57.74234517999099,51.03764947881295,175.4169210288331,0.1330317662438469,0.0752663625476597,23.55703242941179,0.1330317662438469,11,6,1,5,1,107,51.03764947881295,6.704695701178039,57.74234517999099,57.74234517999099,0.0,17.322703553997297,57.74234517999099,51.96811066199189,6.704695701178039,0.8838859821110736,0.1161140178889264,0.8919375112552426,3.017113065530118,9468.808314552953,51.03764947881295,175.4169210288331,57.74234517999099,17.322703553997297,11.5484690359982,0.0150532725095319,57.74234517999099,51.03764947881295,0.0,57.74234517999099,51.03764947881295,6.704695701178039,57.74234517999099,0.0,0.0,0.8919375112552421,3.017113065530118
2020-01-05 12:00:00,149.93324203944184,41.56393670376583,175.4169210288331,0.2801664121079552,1.0,25.278439433429316,0.2801664121079552,12,6,1,5,1,108,41.56393670376583,108.369305335676,149.93324203944184,149.93324203944184,0.0,44.97997261183255,149.93324203944184,134.93991783549765,108.369305335676,0.2772162873182713,0.7227837126817286,30.361439458527837,48.76618740105421,10425.444085878948,41.56393670376583,175.4169210288331,149.93324203944184,44.97997261183255,29.986648407888367,0.2,149.93324203944184,41.56393670376583,22.489986305916275,127.44325573352556,41.56393670376583,85.87931902975973,127.44325573352556,0.0,0.0,24.06050068684222,38.64569356339188
2020-01-05 13:00:00,107.49823229867732,43.78017854033355,175.4169210288331,0.2813347748011523,0.5743497216137571,15.796900750953576,0.2813347748011523,13,6,1,5,1,109,43.78017854033355,63.71805375834377,107.49823229867732,107.49823229867732,0.0,32.249469689603195,107.49823229867732,96.7484090688096,63.71805375834377,0.4072641717371963,0.5927358282628036,17.926104304871362,28.673124191254697,1998.645995300367,43.78017854033355,175.4169210288331,107.49823229867732,32.249469689603195,21.499646459735462,0.1148699443227514,107.49823229867732,43.78017854033355,16.124734844801598,91.37349745387573,43.78017854033355,47.59331891354218,91.37349745387573,0.0,0.0,13.389655658580812,21.41699351109398
2020-01-05 14:00:00,88.28380593121051,17.732033856136997,175.4169210288331,0.127624695919605,0.3816167404666467,26.157974303862275,0.127624695919605,14,6,1,5,1,110,17.732033856136997,70.55177207507352,88.28380593121051,88.28380593121051,0.0,26.48514177936315,88.28380593121051,79.45542533808946,70.55177207507352,0.2008526214870431,0.7991473785129569,9.004148457670542,31.748297433783083,725.2055475212447,17.732033856136997,175.4169210288331,88.28380593121051,26.48514177936315,17.656761186242104,0.0763233480933293,88.28380593121051,17.732033856136997,0.0,88.28380593121051,17.732033856136997,70.55177207507352,88.28380593121051,0.0,0.0,9.004148457670539,31.748297433783083
2020-01-05 15:00:00,136.63599783126477,67.21714786550112,175.4169210288331,0.1937326290629053,0.8666201390418615,28.361706403778708,0.1937326290629053,15,6,1,5,1,111,67.21714786550112,69.41884996576366,136.63599783126477,136.63599783126477,0.0,40.99079934937943,136.63599783126477,122.9723980481383,69.41884996576366,0.4919431843174246,0.5080568156825753,13.448696310390767,31.238482484593646,2450.060021025529,67.21714786550112,175.4169210288331,136.63599783126477,40.99079934937943,27.32719956625296,0.1733240278083723,136.63599783126477,67.21714786550112,0.0,136.63599783126477,67.21714786550112,69.41884996576366,136.63599783126477,0.0,0.0,13.448696310390767,31.238482484593646
2020-01-05 16:00:00,137.233050168147,16.002290056742865,175.4169210288331,0.1144958641280117,0.8726089557042729,32.083777421045184,0.1144958641280117,16,6,1,5,1,112,16.002290056742865,121.23076011140414,137.233050168147,137.233050168147,0.0,41.1699150504441,137.233050168147,123.50974515133233,121.23076011140414,0.1166066777437053,0.8833933222562946,13.880420637850907,54.55384205013186,5307.435693311249,16.002290056742865,175.4169210288331,137.233050168147,41.1699150504441,27.4466100336294,0.1745217911408546,137.233050168147,16.002290056742865,0.0,137.233050168147,16.002290056742865,121.23076011140414,137.233050168147,0.0,0.0,13.880420637850909,54.55384205013186
2020-01-05 17:00:00,107.19267928579552,77.41994063811818,175.4169210288331,0.1469581870684607,0.5712848295402211,33.604899887226736,0.1469581870684607,17,6,1,5,1,113,77.41994063811818,29.772738647677343,107.19267928579552,107.19267928579552,0.0,32.15780378573866,107.19267928579552,96.47341135721597,29.772738647677343,0.7222502614353196,0.2777497385646804,4.375347695725759,13.397732391454804,12136.69749299542,77.41994063811818,175.4169210288331,107.19267928579552,32.15780378573866,21.438535857159103,0.1142569659080442,107.19267928579552,77.41994063811818,0.0,107.19267928579552,77.41994063811818,29.772738647677343,107.19267928579552,0.0,0.0,4.375347695725757,13.397732391454804
2020-01-05 18:00:00,82.51817871900111,31.36328672078131,175.4169210288331,0.1534502689768427,0.3237838132930564,29.81762723294448,0.1534502689768427,18,6,1,5,1,114,31.36328672078131,51.1548919982198,82.51817871900111,82.51817871900111,0.0,24.755453615700333,82.51817871900111,74.266360847101,51.1548919982198,0.3800773018462102,0.6199226981537898,7.849731936608171,23.01970139919891,2578.4118519674557,31.36328672078131,175.4169210288331,82.51817871900111,24.755453615700333,16.503635743800224,0.0647567626586112,82.51817871900111,31.36328672078131,0.0,82.51817871900111,31.36328672078131,51.1548919982198,82.51817871900111,0.0,0.0,7.849731936608166,23.01970139919891
2020-01-05 19:00:00,137.48704547761577,10.723513364940128,175.4169210288331,0.1633230088727956,0.875156691049325,28.414717855370064,0.1633230088727956,19,6,1,5,1,115,10.723513364940128,126.76353211267563,137.48704547761577,137.48704547761577,0.0,41.24611364328473,137.48704547761577,123.7383409298542,126.76353211267563,0.077996536529589,0.922003463470411,20.70340147998544,57.04358945070403,6142.666704137791,10.723513364940128,175.4169210288331,137.48704547761577,41.24611364328473,27.497409095523157,0.175031338209865,137.48704547761577,10.723513364940128,0.0,137.48704547761577,10.723513364940128,126.76353211267563,137.48704547761577,0.0,0.0,20.703401479985434,57.04358945070403
2020-01-05 20:00:00,65.9382841824199,29.15798520396756,175.4169210288331,0.2831291031950062,0.1574768707891428,10.704959272097364,0.2831291031950062,20,6,1,5,1,116,29.15798520396756,36.78029897845235,65.9382841824199,65.9382841824199,0.0,19.78148525472597,65.9382841824199,59.34445576417792,36.78029897845235,0.4422011516602595,0.5577988483397405,10.413573065013418,16.551134540303558,8436.811997271874,29.15798520396756,175.4169210288331,65.9382841824199,19.78148525472597,13.18765683648398,0.0314953741578285,65.9382841824199,29.15798520396756,9.890742627362986,56.047541555056924,29.15798520396756,26.889556351089364,56.047541555056924,0.0,0.0,7.613215974995516,12.100300357990214
2020-01-05 21:00:00,91.30674891101448,70.32877845345513,175.4169210288331,0.1297471338561305,0.4119387912629077,30.776009301856373,0.1297471338561305,21,6,1,5,1,117,70.32877845345513,20.977970457559337,91.30674891101448,91.30674891101448,0.0,27.392024673304338,91.30674891101448,82.17607401991302,20.977970457559337,0.7702473178844206,0.2297526821155794,2.7218315409869023,9.440086705901702,1944.7478034742803,70.32877845345513,175.4169210288331,91.30674891101448,27.392024673304338,18.261349782202892,0.0823877582525815,91.30674891101448,70.32877845345513,0.0,91.30674891101448,70.32877845345513,20.97797045755935,91.30674891101448,0.0,0.0,2.721831540986904,9.440086705901708
2020-01-05 22:00:00,81.30356916566062,31.16856455860897,175.4169210288331,0.1856214278712956,0.3116005029163576,31.40414950004966,0.1856214278712956,22,6,1,5,1,118,31.16856455860897,50.13500460705164,81.30356916566062,81.30356916566062,0.0,24.391070749698184,81.30356916566062,73.17321224909456,50.13500460705164,0.3833603478723211,0.6166396521276789,9.306131141494909,22.56075207317324,2383.654992684762,31.16856455860897,175.4169210288331,81.30356916566062,24.391070749698184,16.260713833132126,0.0623201005832715,81.30356916566062,31.16856455860897,0.0,81.30356916566062,31.16856455860897,50.13500460705165,81.30356916566062,0.0,0.0,9.30613114149491,22.56075207317324
2020-01-05 23:00:00,50.40073602804851,14.12133312361026,175.4169210288331,0.2165665229962692,0.0016253289195853,22.61451679128159,0.2165665229962692,23,6,1,5,1,119,14.12133312361026,36.27940290443826,50.40073602804851,50.40073602804851,0.0,15.120220808414553,50.40073602804851,45.36066242524366,36.27940290443826,0.2801810893347192,0.7198189106652809,7.856904143394944,16.325731306997216,482.58579813987126,14.12133312361026,175.4169210288331,50.40073602804851,15.120220808414553,10.080147205609704,0.000325065783917,50.40073602804851,14.12133312361026,0.0,50.40073602804851,14.12133312361026,36.27940290443826,50.40073602804851,0.0,0.0,7.856904143394943,16.325731306997216
2020-01-06 00:00:00,101.76969342586558,18.527951805911734,175.4169210288331,0.2068469573847675,0.5168888141966353,18.984318298899403,0.2068469573847675,0,0,1,6,0,120,18.527951805911734,83.24174161995384,101.76969342586555,101.76969342586555,1.4210854715202004e-14,30.530908027759672,101.76969342586555,91.592724083279,83.24174161995384,0.182057655694998,0.8179423443050021,17.21830098149642,37.45878372897923,2224.8795458420223,18.527951805911734,175.4169210288331,101.76969342586558,30.530908027759672,20.35393868517312,0.103377762839327,101.76969342586558,18.527951805911734,0.0,101.76969342586558,18.527951805911734,83.24174161995384,101.76969342586557,1.4210854715202004e-14,0.0,17.21830098149642,37.45878372897923
2020-01-06 01:00:00,119.79539556699427,40.75944164299699,175.4169210288331,0.2486530920802936,0.6976981313465809,24.656633261312702,0.2486530920802936,1,0,1,6,0,121,40.75944164299699,79.03595392399728,119.79539556699427,119.79539556699427,0.0,35.93861867009828,119.79539556699427,107.81585601029484,79.03595392399728,0.3402421391079485,0.6597578608920515,19.652534328717543,35.56617926579878,511.92779051988464,40.75944164299699,175.4169210288331,119.79539556699427,35.93861867009828,23.959079113398857,0.1395396262693161,119.79539556699427,40.75944164299699,17.96930933504914,101.82608623194514,40.75944164299699,61.06664458894815,101.82608623194514,0.0,0.0,15.184410000010287,27.47999006502667
2020-01-06 02:00:00,67.72425043655976,67.0658050365529,175.4169210288331,0.1763495857101887,0.1753912541699198,13.131693098531752,0.1763495857101887,2,0,1,6,0,122,67.0658050365529,0.6584454000068547,67.72425043655976,67.72425043655976,0.0,20.317275130967925,67.72425043655976,60.951825392903785,0.6584454000068547,0.9902775535238496,0.0097224464761503,0.1161165735039883,0.2963004300030846,6835.058597422011,67.0658050365529,175.4169210288331,67.72425043655976,20.317275130967925,13.544850087311952,0.0350782508339839,67.72425043655976,67.0658050365529,0.0,67.72425043655976,67.0658050365529,0.6584454000068547,67.72425043655976,0.0,0.0,0.1161165735039883,0.29630043000308465
2020-01-06 03:00:00,141.72235039243662,18.579704928624157,175.4169210288331,0.1965878586538561,0.9176395071734916,14.878646652101963,0.1965878586538561,3,0,1,6,0,123,18.579704928624157,123.14264546381249,141.72235039243662,141.72235039243662,0.0,42.516705117730986,141.72235039243662,127.55011535319296,123.14264546381249,0.131099328208825,0.8689006717911749,24.20834898070189,55.414190458715616,17353.281168946447,18.579704928624157,175.4169210288331,141.72235039243662,42.516705117730986,28.344470078487326,0.1835279014346983,141.72235039243662,18.579704928624157,0.0,141.72235039243662,18.579704928624157,123.14264546381247,141.72235039243662,0.0,0.0,24.20834898070188,55.414190458715616
2020-01-06 04:00:00,50.9604613426968,36.4895512068026,175.4169210288331,0.1960190412788112,0.0072397316840791,13.887901660182482,0.1960190412788112,4,0,1,6,0,124,36.4895512068026,14.470910135894194,50.9604613426968,50.9604613426968,0.0,15.288138402809038,50.9604613426968,45.86441520842712,14.470910135894194,0.7160365162595209,0.2839634837404791,2.836573931269812,6.511909561152387,12130.308652889104,36.4895512068026,175.4169210288331,50.9604613426968,15.288138402809038,10.19209226853936,0.0014479463368158,50.9604613426968,36.4895512068026,0.0,50.9604613426968,36.4895512068026,14.4709101358942,50.9604613426968,0.0,0.0,2.836573931269813,6.5119095611523905
2020-01-06 05:00:00,115.27318504630531,33.85426175169511,175.4169210288331,0.2118025464543912,0.652337468563385,16.488460281592012,0.2118025464543912,5,0,1,6,0,125,33.85426175169511,81.41892329461021,115.27318504630531,115.27318504630531,0.0,34.58195551389159,115.27318504630531,103.7458665416748,81.41892329461021,0.2936872242932806,0.7063127757067195,17.2447352833732,36.6385154825746,4488.981216411813,33.85426175169511,175.4169210288331,115.27318504630531,34.58195551389159,23.054637009261064,0.130467493712677,115.27318504630531,33.85426175169511,0.0,115.27318504630531,33.85426175169511,81.41892329461021,115.27318504630531,0.0,0.0,17.244735283373192,36.6385154825746
2020-01-06 06:00:00,131.9775722940962,69.18670565714476,175.4169210288331,0.2081243505347697,0.8198931525547445,12.685135351357566,0.2081243505347697,6,0,1,6,0,126,69.18670565714476,62.79086663695145,131.9775722940962,131.9775722940962,0.0,39.59327168822886,131.9775722940962,118.7798150646866,62.79086663695145,0.5242307799310816,0.4757692200689184,13.068308338330858,28.25588998662815,1595.3860871726906,69.18670565714476,175.4169210288331,131.9775722940962,39.59327168822886,26.395514458819243,0.1639786305109489,131.9775722940962,69.18670565714476,0.0,131.9775722940962,69.18670565714476,62.79086663695145,131.9775722940962,0.0,0.0,13.068308338330858,28.25588998662815
2020-01-06 07:00:00,102.54873640195416,43.12962338172936,175.4169210288331,0.2049126161734649,0.5247031133254135,32.63089004774804,0.2049126161734649,7,0,1,6,0,127,43.12962338172936,59.4191130202248,102.54873640195416,102.54873640195416,0.0,30.76462092058625,102.54873640195416,92.29386276175876,59.4191130202248,0.4205768388278988,0.5794231611721011,12.17572589968106,26.73860085910116,690.3402591596764,43.12962338172936,175.4169210288331,102.54873640195416,30.76462092058625,20.509747280390837,0.1049406226650827,102.54873640195416,43.12962338172936,0.0,102.54873640195416,43.12962338172936,59.4191130202248,102.54873640195416,0.0,0.0,12.175725899681055,26.73860085910116
2020-01-06 08:00:00,83.15652243270799,71.60547299888937,175.4169210288331,0.241371523277863,0.3301868088645273,14.56690824416425,0.241371523277863,8,0,1,6,0,128,71.60547299888937,11.55104943381862,83.15652243270799,83.15652243270799,0.0,24.9469567298124,83.15652243270799,74.8408701894372,11.55104943381862,0.861092682860013,0.138907317139987,2.788094397298697,5.197972245218379,3102.2255229313373,71.60547299888937,175.4169210288331,83.15652243270799,24.9469567298124,16.631304486541598,0.0660373617729054,83.15652243270799,71.60547299888937,0.0,83.15652243270799,71.60547299888937,11.55104943381862,83.15652243270799,0.0,0.0,2.788094397298697,5.197972245218379
2020-01-06 09:00:00,69.41308982512089,19.14597600249949,175.4169210288331,0.2220790750983607,0.1923313929911946,25.577199544935464,0.2220790750983607,9,0,1,6,0,129,19.14597600249949,50.2671138226214,69.41308982512089,69.41308982512089,0.0,20.82392694753627,69.41308982512089,62.4717808426088,50.2671138226214,0.2758265919401628,0.7241734080598371,11.163274145591783,22.62020122017963,4250.932466872161,19.14597600249949,175.4169210288331,69.41308982512089,20.82392694753627,13.88261796502418,0.0384662785982389,69.41308982512089,19.14597600249949,0.0,69.41308982512089,19.14597600249949,50.2671138226214,69.41308982512089,0.0,0.0,11.163274145591782,22.62020122017963
2020-01-06 10:00:00,141.83979441056118,73.91265562029363,175.4169210288331,0.1341569028865829,0.9188175457627346,20.52330084780603,0.1341569028865829,10,0,1,6,0,130,73.91265562029363,67.92713879026755,141.83979441056118,141.83979441056118,0.0,42.55193832316835,141.83979441056118,127.65581496950507,67.92713879026755,0.5210995681955826,0.4789004318044174,9.112894562049362,30.5672124556204,3311.265678215994,73.91265562029363,175.4169210288331,141.83979441056118,42.55193832316835,28.36795888211224,0.1837635091525469,141.83979441056118,73.91265562029363,0.0,141.83979441056118,73.91265562029363,67.92713879026755,141.83979441056118,0.0,0.0,9.112894562049362,30.567212455620396
2020-01-06 11:00:00,132.79164682499925,12.794710704966532,175.4169210288331,0.2508901257576333,0.8280588405756232,30.199112741894684,0.2508901257576333,11,0,1,6,0,131,12.794710704966532,119.99693612003271,132.79164682499925,132.79164682499925,0.0,39.837494047499774,132.79164682499925,119.51248214249932,119.99693612003271,0.0963517737062796,0.9036482262937204,30.106046393685705,53.99862125401472,6446.666984635777,12.794710704966532,175.4169210288331,132.79164682499925,39.837494047499774,26.55832936499985,0.1656117681151246,132.79164682499925,12.794710704966532,19.918747023749887,112.87289980124936,12.794710704966532,100.07818909628283,112.87289980124936,0.0,0.0,25.108629447962606,45.03518509332727
2020-01-06 12:00:00,67.09450765264047,16.805018457634198,175.4169210288331,0.1549107858131219,0.1690745314231951,30.286406271873187,0.1549107858131219,12,0,1,6,0,132,16.805018457634198,50.28948919500628,67.09450765264047,67.09450765264047,0.0,20.12835229579214,67.09450765264047,60.38505688737643,50.28948919500628,0.2504678705541234,0.7495321294458765,7.790384289338928,22.630270137752824,4875.210725076484,16.805018457634198,175.4169210288331,67.09450765264047,20.12835229579214,13.418901530528096,0.033814906284639,67.09450765264047,16.805018457634198,0.0,67.09450765264047,16.805018457634198,50.289489195006276,67.09450765264047,0.0,0.0,7.790384289338925,22.630270137752824
2020-01-06 13:00:00,137.68161394142965,44.22623305425476,175.4169210288331,0.1424166578406279,0.877108337138097,30.815389315090847,0.1424166578406279,13,0,1,6,0,133,44.22623305425476,93.45538088717488,137.68161394142965,137.68161394142965,0.0,41.304484182428894,137.68161394142965,123.91345254728668,93.45538088717488,0.3212210533286513,0.6787789466713486,13.309603003174349,42.0549213992287,2615.217215533948,44.22623305425476,175.4169210288331,137.68161394142965,41.304484182428894,27.53632278828593,0.1754216674276194,137.68161394142965,44.22623305425476,0.0,137.68161394142965,44.22623305425476,93.45538088717488,137.68161394142965,0.0,0.0,13.309603003174342,42.0549213992287
2020-01-06 14:00:00,60.576049084273166,45.50402788206044,175.4169210288331,0.2723522570757862,0.1036902244270458,16.633819595909824,0.2723522570757862,14,0,1,6,0,134,45.50402788206044,15.072021202212724,60.576049084273166,60.576049084273166,0.0,18.17281472528195,60.576049084273166,54.51844417584585,15.072021202212724,0.7511884411404153,0.2488115588595847,4.104898993116741,6.782409540995726,6145.583835124118,45.50402788206044,175.4169210288331,60.576049084273166,18.17281472528195,12.115209816854634,0.0207380448854091,60.576049084273166,45.50402788206044,9.086407362640974,51.48964172163219,45.50402788206044,5.985613839571748,51.48964172163219,0.0,0.0,1.6301954391914284,2.6935262278072867
2020-01-06 15:00:00,51.63193582324911,41.98896507022687,175.4169210288331,0.1687264676695785,0.0139750500290585,28.07658706726059,0.1687264676695785,15,0,1,6,0,135,41.98896507022687,9.64297075302224,51.63193582324911,51.63193582324911,0.0,15.489580746974733,51.63193582324911,46.4687422409242,9.64297075302224,0.8132363119982003,0.1867636880017996,1.627024392998498,4.339336838860008,41.83025535099074,41.98896507022687,175.4169210288331,51.63193582324911,15.489580746974733,10.326387164649825,0.0027950100058117,51.63193582324911,41.98896507022687,0.0,51.63193582324911,41.98896507022687,9.64297075302224,51.63193582324911,0.0,0.0,1.627024392998498,4.339336838860008
2020-01-06 16:00:00,77.8453987343351,20.14542709367507,175.4169210288331,0.2064400725753133,0.2769128425200704,23.57624137733793,0.2064400725753133,16,0,1,6,0,136,20.14542709367507,57.69997164066004,77.8453987343351,77.8453987343351,0.0,23.35361962030053,77.8453987343351,70.0608588609016,57.69997164066004,0.2587876409038107,0.7412123590961893,11.911586333091378,25.964987238297017,2786.615485647481,20.14542709367507,175.4169210288331,77.8453987343351,23.35361962030053,15.569079746867022,0.055382568504014,77.8453987343351,20.14542709367507,0.0,77.8453987343351,20.14542709367507,57.69997164066004,77.8453987343351,0.0,0.0,11.911586333091378,25.964987238297017
2020-01-06 17:00:00,144.609518795361,25.18136828336621,175.4169210288331,0.1266903669203524,0.9465996521566136,19.8113080241044,0.1266903669203524,17,0,1,6,0,137,25.18136828336621,119.4281505119948,144.609518795361,144.609518795361,0.0,43.3828556386083,144.609518795361,130.14856691582492,119.4281505119948,0.1741335459320677,0.8258664540679322,15.1303962089837,53.742667730397656,3835.728770437525,25.18136828336621,175.4169210288331,144.609518795361,43.3828556386083,28.9219037590722,0.1893199304313227,144.609518795361,25.18136828336621,0.0,144.609518795361,25.18136828336621,119.42815051199479,144.609518795361,0.0,0.0,15.130396208983692,53.742667730397656
2020-01-06 18:00:00,86.87464458161284,45.01552309145963,175.4169210288331,0.1727799604545748,0.367481951187426,32.55887043700821,0.1727799604545748,18,0,1,6,0,138,45.01552309145963,41.859121490153214,86.87464458161284,86.87464458161284,0.0,26.06239337448385,86.87464458161284,78.18718012345155,41.859121490153214,0.5181664144728741,0.4818335855271259,7.232417355731916,18.836604670568946,6410.347960342715,45.01552309145963,175.4169210288331,86.87464458161284,26.06239337448385,17.37492891632257,0.0734963902374852,86.87464458161284,45.01552309145963,0.0,86.87464458161284,45.01552309145963,41.859121490153214,86.87464458161284,0.0,0.0,7.232417355731915,18.836604670568946
2020-01-06 19:00:00,94.6029424083518,72.34574165630548,175.4169210288331,0.2357741880865619,0.4450017194518639,30.91688239042352,0.2357741880865619,19,0,1,6,0,139,72.34574165630548,22.25720075204632,94.6029424083518,94.6029424083518,0.0,28.380882722505536,94.6029424083518,85.14264816751661,22.25720075204632,0.7647303542000466,0.2352696457999533,5.247673436393336,10.015740338420844,1131.17614342527,72.34574165630548,175.4169210288331,94.6029424083518,28.380882722505536,18.92058848167036,0.0890003438903728,94.6029424083518,72.34574165630548,0.0,94.6029424083518,72.34574165630548,22.257200752046316,94.6029424083518,0.0,0.0,5.247673436393335,10.015740338420843
2020-01-06 20:00:00,91.3408207456874,47.85631031534808,175.4169210288331,0.2087601358417176,0.4122805535483947,17.02819997631984,0.2087601358417176,20,0,1,6,0,140,47.85631031534808,43.48451043033933,91.3408207456874,91.3408207456874,0.0,27.40224622370622,91.3408207456874,82.20673867111867,43.48451043033933,0.5239312491902213,0.4760687508097787,9.077832304448226,19.568029693652697,1050.3309235816184,47.85631031534808,175.4169210288331,91.3408207456874,27.40224622370622,18.268164149137483,0.0824561107096789,91.3408207456874,47.85631031534808,0.0,91.3408207456874,47.85631031534808,43.48451043033931,91.3408207456874,0.0,0.0,9.07783230444822,19.56802969365269
2020-01-06 21:00:00,64.82701186564651,68.27427289616821,175.4169210288331,0.1774699060314054,0.1463300989635403,11.419264304462148,0.1774699060314054,21,0,1,6,0,141,64.82701186564651,0.0,64.82701186564651,64.82701186564651,0.0,19.44810355969395,64.82701186564651,58.344310679081865,0.0,1.0,0.0,0.0,0.0,2178.9073584755915,68.27427289616821,175.4169210288331,64.82701186564651,19.44810355969395,12.965402373129304,0.029266019792708,64.82701186564651,68.27427289616821,0.0,64.82701186564651,64.82701186564651,0.0,64.82701186564651,0.0,0.0,0.0,0.0
2020-01-06 22:00:00,90.01909055150679,12.153492510011636,175.4169210288331,0.2933817894384791,0.3990227546568338,17.880573931854016,0.2933817894384791,22,0,1,6,0,142,12.153492510011636,77.86559804149516,90.01909055150679,90.01909055150679,0.0,27.00572716545204,90.01909055150679,81.01718149635612,77.86559804149516,0.1350101676827949,0.864989832317205,22.844348489111184,35.03951911867282,8837.550999668138,12.153492510011636,175.4169210288331,90.01909055150679,27.00572716545204,18.00381811030136,0.0798045509313667,90.01909055150679,12.153492510011636,13.502863582726018,76.51622696878077,12.153492510011636,64.36273445876914,76.51622696878077,0.0,0.0,18.88285420866735,28.963230506446113
2020-01-06 23:00:00,68.17509960867427,18.85851859137234,175.4169210288331,0.1945743382973928,0.1799135596151899,30.507712731618565,0.1945743382973928,23,0,1,6,0,143,18.85851859137234,49.31658101730193,68.17509960867427,68.17509960867427,0.0,20.45252988260228,68.17509960867427,61.35758964780685,49.31658101730193,0.2766188637731432,0.7233811362268567,9.595741118531285,22.192461457785868,860.0037477994024,18.85851859137234,175.4169210288331,68.17509960867427,20.45252988260228,13.635019921734855,0.035982711923038,68.17509960867427,18.85851859137234,0.0,68.17509960867427,18.85851859137234,49.31658101730193,68.17509960867427,0.0,0.0,9.595741118531285,22.192461457785868
2020-01-07 00:00:00,110.7001792241432,59.18627290715419,175.4169210288331,0.2478306040493665,0.6064672964306015,28.92879279934694,0.2478306040493665,0,1,1,7,0,144,59.18627290715419,51.51390631698901,110.7001792241432,110.7001792241432,0.0,33.21005376724296,110.7001792241432,99.63016130172888,51.51390631698901,0.5346538128661488,0.4653461871338512,12.766722519481862,23.181257842645053,1631.156006626706,59.18627290715419,175.4169210288331,110.7001792241432,33.21005376724296,22.14003584482864,0.1212934592861203,110.7001792241432,59.18627290715419,16.60502688362148,94.09515234052172,59.18627290715419,34.90887943336753,94.09515234052172,0.0,0.0,8.651488676657982,15.70899574501539
2020-01-07 01:00:00,76.49448296207581,15.79486977292038,175.4169210288331,0.2646541751888497,0.2633622936206753,22.79539347476932,0.2646541751888497,1,1,1,7,0,145,15.79486977292038,60.69961318915543,76.49448296207581,76.49448296207581,0.0,22.948344888622746,76.49448296207581,68.84503466586823,60.69961318915543,0.206483777147054,0.793516222852946,16.064406062858154,27.314825935119945,1967.1910766989613,15.79486977292038,175.4169210288331,76.49448296207581,22.948344888622746,15.29889659241516,0.052672458724135,76.49448296207581,15.79486977292038,11.474172444311371,65.02031051776444,15.79486977292038,49.225440744844065,65.02031051776444,0.0,0.0,13.0277184186343,22.15144833517983
2020-01-07 02:00:00,101.28125690256668,49.20823962780131,175.4169210288331,0.2251022573431032,0.5119894835876341,16.03811789293376,0.2251022573431032,2,1,1,7,0,146,49.20823962780131,52.07301727476536,101.28125690256668,101.28125690256668,0.0,30.38437707077,101.28125690256668,91.15313121231,52.07301727476536,0.4858573158816542,0.5141426841183457,11.721753735216094,23.43285777364441,1190.8714421292373,49.20823962780131,175.4169210288331,101.28125690256668,30.38437707077,20.256251380513334,0.1023978967175268,101.28125690256668,49.20823962780131,0.0,101.28125690256668,49.20823962780131,52.07301727476537,101.28125690256668,0.0,0.0,11.721753735216094,23.432857773644418
2020-01-07 03:00:00,75.65220090425856,65.07333192421211,175.4169210288331,0.2721714712794109,0.254913666070456,26.965531282091987,0.2721714712794109,3,1,1,7,0,147,65.07333192421211,10.578868980046453,75.65220090425856,75.65220090425856,0.0,22.695660271277568,75.65220090425856,68.08698081383271,10.578868980046453,0.8601644254417065,0.1398355745582935,2.8792663347713634,4.760491041020903,1973.465496277757,65.07333192421211,175.4169210288331,75.65220090425856,22.695660271277568,15.130440180851714,0.0509827332140912,75.65220090425856,65.07333192421211,11.347830135638784,64.30437076861978,64.30437076861978,0.0,64.30437076861978,0.0,0.0,0.0,0.0
2020-01-07 04:00:00,71.86508379310506,67.96308375295462,175.4169210288331,0.2462043128712805,0.2169264601644971,23.30882382642455,0.2462043128712805,4,1,1,7,0,148,67.96308375295462,3.90200004015044,71.86508379310506,71.86508379310506,0.0,21.55952513793152,71.86508379310506,64.67857541379455,3.90200004015044,0.9457038128365084,0.0542961871634916,0.9606892387089482,1.7559000180676982,52.93124447226873,67.96308375295462,175.4169210288331,71.86508379310506,21.55952513793152,14.373016758621011,0.0433852920328994,71.86508379310506,67.96308375295462,0.0,71.86508379310506,67.96308375295462,3.9020000401504404,71.86508379310506,0.0,0.0,0.9606892387089481,1.7559000180676982
2020-01-07 05:00:00,129.3334019617261,49.47041169833929,175.4169210288331,0.2583739900606165,0.7933704335793135,29.945541465079508,0.2583739900606165,5,1,1,7,0,149,49.47041169833929,79.86299026338682,129.3334019617261,129.3334019617261,0.0,38.80002058851783,129.3334019617261,116.4000617655535,79.86299026338682,0.3825029802662978,0.6174970197337022,20.634519452523424,35.93834561852407,6112.050955414164,49.47041169833929,175.4169210288331,129.3334019617261,38.80002058851783,25.866680392345224,0.1586740867158627,129.3334019617261,49.47041169833929,19.400010294258916,109.93339166746719,49.47041169833929,60.4629799691279,109.93339166746719,0.0,0.0,15.622061385578707,27.208340986107554
2020-01-07 06:00:00,126.29375716389984,20.316700028554465,175.4169210288331,0.2855335137387595,0.7628808528700354,12.69838911048978,0.2855335137387595,6,1,1,7,0,150,20.316700028554465,105.9770571353454,126.29375716389984,126.29375716389984,0.0,37.888127149169954,126.29375716389984,113.66438144750988,105.9770571353454,0.160868600988631,0.839131399011369,30.26000149954845,47.68967571090543,1531.8833927180722,20.316700028554465,175.4169210288331,126.29375716389984,37.888127149169954,25.25875143277997,0.152576170574007,126.29375716389984,20.316700028554465,18.944063574584977,107.34969358931487,20.316700028554465,87.0329935607604,107.34969358931487,0.0,0.0,24.85083646260675,39.16484710234218
2020-01-07 07:00:00,73.82799667853637,46.27356645064577,175.4169210288331,0.1796777657036291,0.2366157313873844,26.264958896249546,0.1796777657036291,7,1,1,7,0,151,46.27356645064577,27.5544302278906,73.82799667853637,73.82799667853637,0.0,22.148399003560908,73.82799667853637,66.44519701068273,27.5544302278906,0.6267753228105489,0.373224677189451,4.950918458583922,12.39949360255077,6823.867325520144,46.27356645064577,175.4169210288331,73.82799667853637,22.148399003560908,14.765599335707272,0.0473231462774769,73.82799667853637,46.27356645064577,0.0,73.82799667853637,46.27356645064577,27.5544302278906,73.82799667853637,0.0,0.0,4.950918458583922,12.39949360255077
2020-01-07 08:00:00,113.72028618876038,66.00836151862899,175.4169210288331,0.1841407361595669,0.636760900181342,29.110595381709548,0.1841407361595669,8,1,1,7,0,152,66.00836151862899,47.7119246701314,113.72028618876038,113.72028618876038,0.0,34.11608585662811,113.72028618876038,102.34825756988435,47.7119246701314,0.5804449120807169,0.4195550879192831,8.785708932347799,21.47036610155913,795.7867185642635,66.00836151862899,175.4169210288331,113.72028618876038,34.11608585662811,22.74405723775208,0.1273521800362684,113.72028618876038,66.00836151862899,0.0,113.72028618876038,66.00836151862899,47.711924670131395,113.72028618876038,0.0,0.0,8.785708932347795,21.47036610155913
2020-01-07 09:00:00,122.97802232252802,44.12256570093377,175.4169210288331,0.2964813576253952,0.7296219125067178,30.01920029283536,0.2964813576253952,9,1,1,7,0,153,44.12256570093377,78.85545662159424,122.978022322528,122.978022322528,1.4210854715202004e-14,36.8934066967584,122.978022322528,110.6802200902752,78.85545662159424,0.3587841540109974,0.6412158459890026,23.37917283534072,35.484955479717414,1448.9076409856327,44.12256570093377,175.4169210288331,122.97802232252802,36.8934066967584,24.595604464505605,0.1459243825013435,122.97802232252802,44.12256570093377,18.446703348379202,104.53131897414882,44.12256570093377,60.40875327321505,104.53131897414882,0.0,0.0,17.910069182900333,27.183938972946773
2020-01-07 10:00:00,81.40238347405602,60.03873724685731,175.4169210288331,0.2757893739328997,0.3125916736061723,17.93109658020619,0.2757893739328997,10,1,1,7,0,154,60.03873724685731,21.363646227198718,81.40238347405602,81.40238347405602,0.0,24.42071504221681,81.40238347405602,73.26214512665042,21.363646227198718,0.7375550282995389,0.2624449717004611,5.891866617923088,9.613640802239422,3558.632779104392,60.03873724685731,175.4169210288331,81.40238347405602,24.42071504221681,16.280476694811206,0.0625183347212344,81.40238347405602,60.03873724685731,12.210357521108403,69.19202595294762,60.03873724685731,9.153288706090308,69.19202595294762,0.0,0.0,2.5243797616797274,4.1189799177406385
2020-01-07 11:00:00,65.52693544127679,78.04691326223828,175.4169210288331,0.2493701408792333,0.1533507799209887,32.28104683919773,0.2493701408792333,11,1,1,7,0,155,65.52693544127679,0.0,65.52693544127679,65.52693544127679,0.0,19.65808063238304,65.52693544127679,58.97424189714911,0.0,1.0,0.0,0.0,0.0,486.5256995421311,78.04691326223828,175.4169210288331,65.52693544127679,19.65808063238304,13.10538708825536,0.0306701559841977,65.52693544127679,78.04691326223828,9.829040316191518,55.697895125085275,55.697895125085275,0.0,55.697895125085275,0.0,0.0,0.0,0.0
2020-01-07 12:00:00,93.07830144984624,21.70884791375188,175.4169210288331,0.1056845654883237,0.4297085958637823,13.28578043221199,0.1056845654883237,12,1,1,7,0,156,21.70884791375188,71.36945353609435,93.07830144984624,93.07830144984624,0.0,27.92349043495387,93.07830144984624,83.77047130486162,71.36945353609435,0.2332321021720551,0.7667678978279449,7.542649686101241,32.11625409124246,7013.623692610565,21.70884791375188,175.4169210288331,93.07830144984624,27.92349043495387,18.61566028996925,0.0859417191727564,93.07830144984624,21.70884791375188,0.0,93.07830144984624,21.70884791375188,71.36945353609435,93.07830144984624,0.0,0.0,7.542649686101239,32.11625409124246
2020-01-07 13:00:00,69.623200947576,63.75518384977787,175.4169210288331,0.2053717160873646,0.1944389418832866,14.377153137710636,0.2053717160873646,13,1,1,7,0,157,63.75518384977787,5.868017097798123,69.623200947576,69.623200947576,0.0,20.8869602842728,69.623200947576,62.6608808528184,5.868017097798123,0.9157175048269248,0.0842824951730752,1.205124741404798,2.640607694009156,6058.332541125312,63.75518384977787,175.4169210288331,69.623200947576,20.8869602842728,13.9246401895152,0.0388877883766573,69.623200947576,63.75518384977787,0.0,69.623200947576,63.75518384977787,5.868017097798123,69.623200947576,0.0,0.0,1.2051247414047974,2.6406076940091556
2020-01-07 14:00:00,105.80746630800007,39.91800029144825,175.4169210288331,0.2362100366100975,0.5573902577414909,19.147807934264574,0.2362100366100975,14,1,1,7,0,158,39.91800029144825,65.88946601655182,105.80746630800007,105.80746630800007,0.0,31.742239892400026,105.80746630800007,95.22671967720008,65.88946601655182,0.3772701651814344,0.6227298348185655,15.563753179989485,29.65025970744832,4170.785650300059,39.91800029144825,175.4169210288331,105.80746630800007,31.742239892400026,21.16149326160001,0.1114780515482981,105.80746630800007,39.91800029144825,0.0,105.80746630800007,39.91800029144825,65.88946601655182,105.80746630800007,0.0,0.0,15.563753179989481,29.65025970744832
2020-01-07 15:00:00,81.75286827502774,32.614069899037034,175.4169210288331,0.141103685656856,0.3161072602412437,14.238663284412622,0.141103685656856,15,1,1,7,0,159,32.614069899037034,49.1387983759907,81.75286827502774,81.75286827502774,0.0,24.52586048250832,81.75286827502774,73.57758144752496,49.1387983759907,0.3989348702643542,0.6010651297356457,6.933665559601419,22.112459269195817,333.93226558172967,32.614069899037034,175.4169210288331,81.75286827502774,24.52586048250832,16.350573655005547,0.0632214520482487,81.75286827502774,32.614069899037034,0.0,81.75286827502774,32.614069899037034,49.1387983759907,81.75286827502774,0.0,0.0,6.933665559601418,22.112459269195817
2020-01-07 16:00:00,124.26144743125708,18.809356666475864,175.4169210288331,0.1144687286903736,0.742495486900967,19.594190929262496,0.1144687286903736,16,1,1,7,0,160,18.809356666475864,105.45209076478122,124.26144743125708,124.26144743125708,0.0,37.278434229377126,124.26144743125708,111.83530268813138,105.45209076478122,0.1513692062607062,0.8486307937392937,12.070966767586397,47.45344084415155,3361.757007098661,18.809356666475864,175.4169210288331,124.26144743125708,37.278434229377126,24.85228948625142,0.1484990973801934,124.26144743125708,18.809356666475864,0.0,124.26144743125708,18.809356666475864,105.45209076478122,124.26144743125708,0.0,0.0,12.070966767586393,47.45344084415155
2020-01-07 17:00:00,144.95857730498395,10.144265142648148,175.4169210288331,0.1095646632432373,0.950100932177562,14.199207398678508,0.1095646632432373,17,1,1,7,0,161,10.144265142648148,134.8143121623358,144.95857730498395,144.95857730498395,0.0,43.48757319149518,144.95857730498395,130.46271957448556,134.8143121623358,0.0699804408352134,0.9300195591647864,14.770884712435,60.66644047305111,937.2238565153228,10.144265142648148,175.4169210288331,144.95857730498395,43.48757319149518,28.99171546099679,0.1900201864355124,144.95857730498395,10.144265142648148,0.0,144.95857730498395,10.144265142648148,134.8143121623358,144.95857730498395,0.0,0.0,14.770884712434992,60.66644047305111
2020-01-07 18:00:00,102.55449032107536,76.86860812157279,175.4169210288331,0.1074272930670667,0.5247608288129487,11.75590482785441,0.1074272930670667,18,1,1,7,0,162,76.86860812157279,25.68588219950257,102.55449032107536,102.55449032107536,0.0,30.766347096322608,102.55449032107536,92.29904128896784,25.68588219950257,0.7495391755242918,0.2504608244757082,2.7593647947321163,11.558646989776156,16361.152172122163,76.86860812157279,175.4169210288331,102.55449032107536,30.766347096322608,20.510898064215077,0.1049521657625897,102.55449032107536,76.86860812157279,0.0,102.55449032107536,76.86860812157279,25.685882199502572,102.55449032107536,0.0,0.0,2.759364794732115,11.558646989776157
2020-01-07 19:00:00,143.1585990343451,73.22439913003078,175.4169210288331,0.2710787447426093,0.9320459993127624,28.55578687124445,0.2710787447426093,19,1,1,7,0,163,73.22439913003078,69.93419990431431,143.1585990343451,143.1585990343451,0.0,42.94757971030352,143.1585990343451,128.8427391309106,69.93419990431431,0.5114914481138751,0.4885085518861248,18.95767512464023,31.47038995694144,1971.193878879992,73.22439913003078,175.4169210288331,143.1585990343451,42.94757971030352,28.631719806869015,0.1864091998625525,143.1585990343451,73.22439913003078,21.47378985515176,121.68480917919332,73.22439913003078,48.46041004916255,121.68480917919332,0.0,0.0,13.136587125839112,21.807184522123148
2020-01-07 20:00:00,57.55540326909158,58.82102219882941,175.4169210288331,0.1067289281983546,0.0733912156606319,32.08886945112053,0.1067289281983546,20,1,1,7,0,164,57.55540326909158,0.0,57.55540326909158,57.55540326909158,0.0,17.266620980727474,57.55540326909158,51.79986294218242,0.0,1.0,0.0,0.0,0.0,5136.309747546726,58.82102219882941,175.4169210288331,57.55540326909158,17.266620980727474,11.511080653818317,0.0146782431321263,57.55540326909158,58.82102219882941,0.0,57.55540326909158,57.55540326909158,0.0,57.55540326909158,0.0,0.0,0.0,0.0
2020-01-07 21:00:00,65.21723101908124,51.86608373607796,175.4169210288331,0.2754591295915549,0.1502442465578456,24.06565936305343,0.2754591295915549,21,1,1,7,0,165,51.86608373607796,13.35114728300328,65.21723101908124,65.21723101908124,0.0,19.56516930572437,65.21723101908124,58.69550791717312,13.35114728300328,0.7952819051901022,0.2047180948098977,3.6776954096247367,6.008016277351476,210.6214905211761,51.86608373607796,175.4169210288331,65.21723101908124,19.56516930572437,13.043446203816249,0.0300488493115691,65.21723101908124,51.86608373607796,9.782584652862186,55.434646366219056,51.86608373607796,3.568562630141095,55.434646366219056,0.0,0.0,0.9829931559916159,1.6058531835634928
2020-01-07 22:00:00,121.22158238913616,13.305457313503943,175.4169210288331,0.2379829558886471,0.7120036970006011,18.16024300117097,0.2379829558886471,22,1,1,7,0,166,13.305457313503943,107.91612507563224,121.2215823891362,121.2215823891362,0.0,36.36647471674085,121.22158238913616,109.09942415022256,107.91612507563224,0.1097614554377931,0.8902385445622067,25.68219843354791,48.56225628403451,10429.45693502172,13.305457313503943,175.4169210288331,121.22158238913616,36.36647471674085,24.24431647782724,0.1424007394001202,121.22158238913616,13.305457313503943,0.0,121.22158238913616,13.305457313503943,107.91612507563221,121.22158238913616,0.0,0.0,25.682198433547903,48.5622562840345
2020-01-07 23:00:00,54.28739517471865,79.75144588038691,175.4169210288331,0.2928043803231946,0.0406110050836548,24.76649973790049,0.2928043803231946,23,1,1,7,0,167,54.28739517471865,0.0,54.28739517471865,54.28739517471865,0.0,16.286218552415594,54.28739517471865,48.85865565724679,0.0,1.0,0.0,0.0,0.0,13325.409282199964,79.75144588038691,175.4169210288331,54.28739517471865,16.286218552415594,10.85747903494373,0.0081222010167309,54.28739517471865,79.75144588038691,8.143109276207797,46.14428589851085,46.14428589851085,0.0,46.14428589851085,0.0,0.0,0.0,0.0
2020-01-08 00:00:00,119.0295143390936,67.3607583526732,175.4169210288331,0.1423908367131029,0.6900158529670485,17.62676165405032,0.1423908367131029,0,2,1,8,0,168,67.3607583526732,51.66875598642039,119.0295143390936,119.0295143390936,0.0,35.708854301728074,119.0295143390936,107.12656290518424,51.66875598642039,0.5659164344800615,0.4340835655199385,7.357157396831545,23.25094019388918,2840.573169966952,67.3607583526732,175.4169210288331,119.0295143390936,35.708854301728074,23.80590286781872,0.1380031705934097,119.0295143390936,67.3607583526732,0.0,119.0295143390936,67.3607583526732,51.66875598642039,119.0295143390936,0.0,0.0,7.3571573968315445,23.25094019388918
2020-01-08 01:00:00,92.91231261391172,77.12136019024136,175.4169210288331,0.1599872209200862,0.4280436217149332,28.04884983748412,0.1599872209200862,1,2,1,8,0,169,77.12136019024136,15.790952423670362,92.91231261391172,92.91231261391172,0.0,27.873693784173515,92.91231261391172,83.62108135252055,15.790952423670362,0.8300445658985137,0.1699554341014862,2.526350593944322,7.105928590651663,1382.4861367188178,77.12136019024136,175.4169210288331,92.91231261391172,27.873693784173515,18.582462522782347,0.0856087243429866,92.91231261391172,77.12136019024136,0.0,92.91231261391172,77.12136019024136,15.790952423670362,92.91231261391172,0.0,0.0,2.5263505939443207,7.105928590651663
2020-01-08 02:00:00,82.9440361732812,27.95851561389823,175.4169210288331,0.2849402512708839,0.3280554358300732,13.787852439089509,0.2849402512708839,2,2,1,8,0,170,27.95851561389823,54.98552055938298,82.9440361732812,82.9440361732812,0.0,24.88321085198436,82.9440361732812,74.64963255595309,54.98552055938298,0.3370768641580106,0.6629231358419894,15.66758804445094,24.74348425172234,3953.19945818269,27.95851561389823,175.4169210288331,82.9440361732812,24.88321085198436,16.58880723465624,0.0656110871660146,82.9440361732812,27.95851561389823,12.441605425992181,70.50243074728903,27.95851561389823,42.5439151333908,70.50243074728903,0.0,0.0,12.122473868155534,19.14476181002586
2020-01-08 03:00:00,52.13142360239279,52.4550574156956,175.4169210288331,0.1542884689115299,0.0189852317997675,29.124646795806356,0.1542884689115299,3,2,1,8,0,171,52.13142360239279,0.0,52.13142360239279,52.13142360239279,0.0,15.639427080717835,52.13142360239279,46.91828124215351,0.0,1.0,0.0,0.0,0.0,3607.736951806553,52.4550574156956,175.4169210288331,52.13142360239279,15.639427080717835,10.42628472047856,0.0037970463599535,52.13142360239279,52.4550574156956,0.0,52.13142360239279,52.13142360239279,0.0,52.13142360239279,0.0,0.0,0.0,0.0
2020-01-08 04:00:00,134.51305548708635,35.06810425335547,175.4169210288331,0.1202157809254677,0.8453256700334232,13.215412504326052,0.1202157809254677,4,2,1,8,0,172,35.06810425335547,99.44495123373088,134.51305548708635,134.51305548708635,0.0,40.3539166461259,134.51305548708635,121.06174993837772,99.44495123373088,0.2607040939362359,0.739295906063764,11.954852471658016,44.750228055178894,10180.455193086344,35.06810425335547,175.4169210288331,134.51305548708635,40.3539166461259,26.90261109741727,0.1690651340066846,134.51305548708635,35.06810425335547,0.0,134.51305548708635,35.06810425335547,99.44495123373088,134.51305548708635,0.0,0.0,11.95485247165801,44.750228055178894
2020-01-08 05:00:00,71.51954352933785,22.798472322420967,175.4169210288331,0.2339062201093861,0.2134604703988608,11.83254313930582,0.2339062201093861,5,2,1,8,0,173,22.798472322420967,48.72107120691689,71.51954352933785,71.51954352933785,0.0,21.45586305880136,71.51954352933785,64.36758917640407,48.72107120691689,0.3187726207042815,0.6812273792957185,11.396161605690176,21.9244820431126,2723.4558726952264,22.798472322420967,175.4169210288331,71.51954352933785,21.45586305880136,14.30390870586757,0.0426920940797721,71.51954352933785,22.798472322420967,0.0,71.51954352933785,22.798472322420967,48.72107120691689,71.51954352933785,0.0,0.0,11.396161605690176,21.9244820431126
2020-01-08 06:00:00,97.42365881728615,61.584592581686415,175.4169210288331,0.2417538858210214,0.4732953084493984,17.7552313187242,0.2417538858210214,6,2,1,8,0,174,61.584592581686415,35.83906623559975,97.42365881728615,97.42365881728615,0.0,29.22709764518585,97.42365881728615,87.68129293555755,35.83906623559975,0.6321317976487173,0.3678682023512826,8.664233526653208,16.127579806019888,1670.309176847241,61.584592581686415,175.4169210288331,97.42365881728615,29.22709764518585,19.484731763457237,0.0946590616898796,97.42365881728615,61.584592581686415,0.0,97.42365881728615,61.584592581686415,35.83906623559974,97.42365881728615,0.0,0.0,8.664233526653202,16.12757980601988
2020-01-08 07:00:00,63.0566072224884,74.35303678215269,175.4169210288331,0.2797687762663934,0.1285718084901758,19.03612480694504,0.2797687762663934,7,2,1,8,0,175,63.0566072224884,0.0,63.0566072224884,63.0566072224884,0.0,18.91698216674652,63.0566072224884,56.75094650023956,0.0,1.0,0.0,0.0,0.0,1286.6054957424417,74.35303678215269,175.4169210288331,63.0566072224884,18.91698216674652,12.61132144449768,0.0257143616980351,63.0566072224884,74.35303678215269,9.45849108337326,53.59811613911514,53.59811613911514,0.0,53.59811613911514,0.0,0.0,0.0,0.0
2020-01-08 08:00:00,146.42035043880642,23.060944936940903,175.4169210288331,0.1477106939160792,0.9647634512897316,15.117136623794366,0.1477106939160792,8,2,1,8,0,176,23.060944936940903,123.35940550186552,146.42035043880642,146.42035043880642,0.0,43.926105131641926,146.42035043880642,131.77831539492578,123.35940550186552,0.1574982225341605,0.8425017774658395,18.22150338775556,55.51173247583949,16817.19592743326,23.060944936940903,175.4169210288331,146.42035043880642,43.926105131641926,29.28407008776129,0.1929526902579463,146.42035043880642,23.060944936940903,0.0,146.42035043880642,23.060944936940903,123.35940550186552,146.42035043880642,0.0,0.0,18.221503387755554,55.51173247583949
2020-01-08 09:00:00,136.77344828122506,78.26741151174424,175.4169210288331,0.1385364867279187,0.8679988549334643,22.06007751340779,0.1385364867279187,9,2,1,8,0,177,78.26741151174424,58.506036769480815,136.77344828122506,136.77344828122506,0.0,41.03203448436752,136.77344828122506,123.09610345310256,58.506036769480815,0.5722412682819523,0.4277587317180476,8.105220786418306,26.32771654626637,7253.713387613534,78.26741151174424,175.4169210288331,136.77344828122506,41.03203448436752,27.35468965624501,0.1735997709866928,136.77344828122506,78.26741151174424,0.0,136.77344828122506,78.26741151174424,58.506036769480815,136.77344828122506,0.0,0.0,8.105220786418304,26.327716546266366
2020-01-08 10:00:00,103.2177833796582,35.30213486729822,175.4169210288331,0.2474570495487909,0.5314140822648088,21.597393208293227,0.2474570495487909,10,2,1,8,0,178,35.30213486729822,67.91564851236,103.2177833796582,103.2177833796582,0.0,30.965335013897462,103.2177833796582,92.8960050416924,67.91564851236,0.3420160142119021,0.6579839857880978,16.806205999061334,30.562041830562,1934.5557902855085,35.30213486729822,175.4169210288331,103.2177833796582,30.965335013897462,20.643556675931645,0.1062828164529617,103.2177833796582,35.30213486729822,15.48266750694873,87.73511587270947,35.30213486729822,52.43298100541125,87.73511587270947,0.0,0.0,12.974910778646864,23.594841452435062
2020-01-08 11:00:00,113.35417644759926,76.43116768875103,175.4169210288331,0.1377987627208185,0.6330885854064158,24.63858020765064,0.1377987627208185,11,2,1,8,0,179,76.43116768875103,36.92300875884823,113.35417644759926,113.35417644759926,0.0,34.00625293427978,113.35417644759926,102.01875880283932,36.92300875884823,0.6742686514429683,0.3257313485570317,5.087944922899231,16.615353941481704,2652.1410597191007,76.43116768875103,175.4169210288331,113.35417644759926,34.00625293427978,22.670835289519854,0.1266177170812831,113.35417644759926,76.43116768875103,0.0,113.35417644759926,76.43116768875103,36.923008758848226,113.35417644759926,0.0,0.0,5.08794492289923,16.615353941481704
2020-01-08 12:00:00,61.56747101238565,69.2188146043774,175.4169210288331,0.2074699443567558,0.1136348202284206,20.75446870034252,0.2074699443567558,12,2,1,8,0,180,61.56747101238565,0.0,61.56747101238565,61.56747101238565,0.0,18.470241303715696,61.56747101238565,55.41072391114709,0.0,1.0,0.0,0.0,0.0,1584.238054692978,69.2188146043774,175.4169210288331,61.56747101238565,18.470241303715696,12.31349420247713,0.0227269640456841,61.56747101238565,69.2188146043774,0.0,61.56747101238565,61.56747101238565,0.0,61.56747101238565,0.0,0.0,0.0,0.0
2020-01-08 13:00:00,129.37284563019665,13.3581669107828,175.4169210288331,0.242332029704811,0.7937660787922549,19.01922918981206,0.242332029704811,13,2,1,8,0,181,13.3581669107828,116.01467871941384,129.37284563019665,129.37284563019665,0.0,38.81185368905899,129.37284563019665,116.435561067177,116.01467871941384,0.1032532510644946,0.8967467489355054,28.114072569627112,52.20660542373624,15783.54268032964,13.3581669107828,175.4169210288331,129.37284563019665,38.81185368905899,25.874569126039333,0.158753215758451,129.37284563019665,13.3581669107828,0.0,129.37284563019665,13.3581669107828,116.01467871941385,129.37284563019665,0.0,0.0,28.1140725696271,52.206605423736235
2020-01-08 14:00:00,134.74246207880446,22.53226482271469,175.4169210288331,0.1717759039278429,0.8476267648187191,27.441108189613047,0.1717759039278429,14,2,1,8,0,182,22.53226482271469,112.21019725608976,134.74246207880446,134.74246207880446,0.0,40.42273862364134,134.74246207880446,121.26821587092402,112.21019725608976,0.167224677915835,0.8327753220841649,19.275008063586387,50.4945887652404,98.63815170248968,22.53226482271469,175.4169210288331,134.74246207880446,40.42273862364134,26.948492415760896,0.1695253529637438,134.74246207880446,22.53226482271469,0.0,134.74246207880446,22.53226482271469,112.21019725608977,134.74246207880446,0.0,0.0,19.275008063586377,50.4945887652404
2020-01-08 15:00:00,147.61428452157088,78.40632606649777,175.4169210288331,0.1584256696164116,0.9767393734777576,16.0195113537471,0.1584256696164116,15,2,1,8,0,183,78.40632606649777,69.20795845507311,147.61428452157088,147.61428452157088,0.0,44.28428535647127,147.61428452157088,132.8528560694138,69.20795845507311,0.5311567665732259,0.4688432334267741,10.964317161029756,31.143581304782906,4971.103261773685,78.40632606649777,175.4169210288331,147.61428452157088,44.28428535647127,29.522856904314175,0.1953478746955515,147.61428452157088,78.40632606649777,0.0,147.61428452157088,78.40632606649777,69.20795845507311,147.61428452157088,0.0,0.0,10.964317161029753,31.143581304782902
2020-01-08 16:00:00,108.97446063644796,21.49777753722856,175.4169210288331,0.2981172893327473,0.5891572356634148,28.77981708763871,0.2981172893327473,16,2,1,8,0,184,21.49777753722856,87.4766830992194,108.97446063644796,108.97446063644796,0.0,32.692338190934386,108.97446063644796,98.07701457280317,87.4766830992194,0.1972735392464823,0.8027264607535177,26.078311645359037,39.36450739464873,3572.329195831827,21.49777753722856,175.4169210288331,108.97446063644796,32.692338190934386,21.794892127289597,0.1178314471326829,108.97446063644796,21.49777753722856,16.346169095467193,92.62829154098077,21.49777753722856,71.13051400375221,92.62829154098077,0.0,0.0,21.20523602364363,32.0087313016885
2020-01-08 17:00:00,68.40159287504201,54.27428185502581,175.4169210288331,0.1270456714838473,0.1821854318845965,17.346652639791955,0.1270456714838473,17,2,1,8,0,185,54.27428185502581,14.1273110200162,68.40159287504201,68.40159287504201,0.0,20.520477862512603,68.40159287504201,61.56143358753781,14.1273110200162,0.7934651749145027,0.2065348250854973,1.794813714799114,6.35728995900729,6454.429619707975,54.27428185502581,175.4169210288331,68.40159287504201,20.520477862512603,13.680318575008403,0.0364370863769193,68.40159287504201,54.27428185502581,0.0,68.40159287504201,54.27428185502581,14.1273110200162,68.40159287504201,0.0,0.0,1.794813714799114,6.35728995900729
2020-01-08 18:00:00,115.33841472811534,41.31166306598177,175.4169210288331,0.2117964044649922,0.6529917639763259,27.774721050610136,0.2117964044649922,18,2,1,8,0,186,41.31166306598177,74.02675166213356,115.33841472811534,115.33841472811534,0.0,34.6015244184346,115.33841472811534,103.8045732553038,74.02675166213356,0.3581778296794249,0.641822170320575,15.678599836262777,33.3120382479601,3755.9724751086183,41.31166306598177,175.4169210288331,115.33841472811534,34.6015244184346,23.06768294562307,0.1305983527952652,115.33841472811534,41.31166306598177,0.0,115.33841472811534,41.31166306598177,74.02675166213356,115.33841472811534,0.0,0.0,15.678599836262775,33.3120382479601
2020-01-08 19:00:00,65.00106998484372,20.89906612833542,175.4169210288331,0.2953796930700071,0.1480760131825845,24.28137621882277,0.2953796930700071,19,2,1,8,0,187,20.89906612833542,44.102003856508304,65.00106998484372,65.00106998484372,0.0,19.50032099545312,65.00106998484372,58.50096298635936,44.102003856508304,0.3215188016629333,0.6784811983370667,13.026836362907694,19.845901735428736,1312.164644969083,20.89906612833542,175.4169210288331,65.00106998484372,19.50032099545312,13.000213996968746,0.0296152026365169,65.00106998484372,20.89906612833542,9.750160497726558,55.25090948711717,20.89906612833542,34.35184335878175,55.25090948711717,0.0,0.0,10.146836947705916,15.458329511451788
2020-01-08 20:00:00,126.5448042526261,41.607222311825325,175.4169210288331,0.2117995836722113,0.7653990156761046,15.614105639786178,0.2117995836722113,20,2,1,8,0,188,41.607222311825325,84.93758194080077,126.5448042526261,126.5448042526261,0.0,37.96344127578783,126.5448042526261,113.89032382736347,84.93758194080077,0.3287943946616984,0.6712056053383015,17.989744493185935,38.22191187336035,2096.372169998158,41.607222311825325,175.4169210288331,126.5448042526261,37.96344127578783,25.30896085052522,0.1530798031352209,126.5448042526261,41.607222311825325,0.0,126.5448042526261,41.607222311825325,84.93758194080077,126.5448042526261,0.0,0.0,17.989744493185935,38.22191187336035
2020-01-08 21:00:00,116.55050088642508,79.5950022887922,175.4169210288331,0.2863601145759462,0.6651497630875418,31.80160648082848,0.2863601145759462,21,2,1,8,0,189,79.5950022887922,36.95549859763288,116.55050088642508,116.55050088642508,0.0,34.96515026592753,116.55050088642508,104.89545079778256,36.95549859763288,0.6829228676276141,0.3170771323723859,10.582580812629372,16.629974368934796,3745.3517495291535,79.5950022887922,175.4169210288331,116.55050088642508,34.96515026592753,23.31010017728502,0.1330299526175083,116.55050088642508,79.5950022887922,17.482575132963763,99.06792575346132,79.5950022887922,19.472923464669122,99.06792575346132,0.0,0.0,5.576268594471281,8.762815559101105
2020-01-08 22:00:00,105.46946606348908,11.341148574859902,175.4169210288331,0.2126870954121422,0.5539998991896813,11.60284778399886,0.2126870954121422,22,2,1,8,0,190,11.341148574859902,94.12831748862918,105.46946606348908,105.46946606348908,0.0,31.64083981904672,105.46946606348908,94.92251945714015,94.12831748862918,0.1075301601321553,0.8924698398678447,20.01987844268849,42.35774286988313,7927.319766745533,11.341148574859902,175.4169210288331,105.46946606348908,31.64083981904672,21.093893212697814,0.1107999798379362,105.46946606348908,11.341148574859902,0.0,105.46946606348908,11.341148574859902,94.12831748862918,105.46946606348908,0.0,0.0,20.019878442688487,42.35774286988313
2020-01-08 23:00:00,80.99380578026972,45.87267997605653,175.4169210288331,0.1232418013326482,0.3084933781146673,14.324098488358873,0.1232418013326482,23,2,1,8,0,191,45.87267997605653,35.1211258042132,80.99380578026972,80.99380578026972,0.0,24.29814173408092,80.99380578026972,72.89442520224276,35.1211258042132,0.5663726939873125,0.4336273060126875,4.328390808941791,15.80450661189594,4674.275331393239,45.87267997605653,175.4169210288331,80.99380578026972,24.29814173408092,16.198761156053944,0.0616986756229334,80.99380578026972,45.87267997605653,0.0,80.99380578026972,45.87267997605653,35.12112580421319,80.99380578026972,0.0,0.0,4.328390808941786,15.804506611895937
2020-01-09 00:00:00,145.65208469918628,17.631770434003066,175.4169210288331,0.1909705877581999,0.9570572547331232,27.84028717761928,0.1909705877581999,0,3,1,9,0,192,17.631770434003066,128.0203142651832,145.65208469918628,145.65208469918628,0.0,43.69562540975589,145.65208469918628,131.08687622926766,128.0203142651832,0.1210540204104718,0.8789459795895281,24.44811466021151,57.609141419332445,9427.80818846927,17.631770434003066,175.4169210288331,145.65208469918628,43.69562540975589,29.130416939837257,0.1914114509466246,145.65208469918628,17.631770434003066,0.0,145.65208469918628,17.631770434003066,128.0203142651832,145.65208469918628,0.0,0.0,24.4481146602115,57.609141419332445
2020-01-09 01:00:00,80.73146948093063,71.98033815379195,175.4169210288331,0.2025247339059968,0.3058619773084307,14.25641891710926,0.2025247339059968,1,3,1,9,0,193,71.98033815379195,8.75113132713868,80.73146948093063,80.73146948093063,0.0,24.219440844279188,80.73146948093063,72.65832253283757,8.75113132713868,0.8916019814403878,0.1083980185596121,1.772320543405194,3.9380090972124058,17178.904811901208,71.98033815379195,175.4169210288331,80.73146948093063,24.219440844279188,16.146293896186126,0.0611723954616861,80.73146948093063,71.98033815379195,0.0,80.73146948093063,71.98033815379195,8.75113132713868,80.73146948093063,0.0,0.0,1.7723205434051936,3.9380090972124058
2020-01-09 02:00:00,125.46663436681156,11.061429082222247,175.4169210288331,0.1906376012545994,0.7545842823969516,22.61932974445828,0.1906376012545994,2,3,1,9,0,194,11.061429082222247,114.4052052845893,125.46663436681156,125.46663436681156,0.0,37.639990310043466,125.46663436681156,112.9199709301304,114.4052052845893,0.0881623161252838,0.911837683874716,21.809933906494127,51.482342378065184,14873.896826276625,11.061429082222247,175.4169210288331,125.46663436681156,37.639990310043466,25.09332687336231,0.1509168564793903,125.46663436681156,11.061429082222247,0.0,125.46663436681156,11.061429082222247,114.40520528458931,125.46663436681156,0.0,0.0,21.809933906494123,51.48234237806519
2020-01-09 03:00:00,97.12036180062024,17.854862099568017,175.4169210288331,0.2904133394102179,0.4702530454602713,13.481544084139564,0.2904133394102179,3,3,1,9,0,195,17.854862099568017,79.26549970105222,97.12036180062024,97.12036180062024,0.0,29.13610854018607,97.12036180062024,87.40832562055822,79.26549970105222,0.1838426234060218,0.8161573765939782,23.01975846820221,35.669474865473504,1280.9496406588307,17.854862099568017,175.4169210288331,97.12036180062024,29.13610854018607,19.424072360124047,0.0940506090920542,97.12036180062024,17.854862099568017,14.568054270093036,82.5523075305272,17.854862099568017,64.69744543095919,82.5523075305272,0.0,0.0,18.789001178915203,29.113850443931636
2020-01-09 04:00:00,149.10531276026668,68.25175575115935,175.4169210288331,0.1546880036651295,0.9916953399959636,26.36228075920349,0.1546880036651295,4,3,1,9,0,196,68.25175575115935,80.85355700910733,149.10531276026668,149.10531276026668,0.0,44.73159382808,149.10531276026668,134.19478148424002,80.85355700910733,0.4577419441847478,0.5422580558152522,12.507075322963557,36.38410065409831,2542.3688157434744,68.25175575115935,175.4169210288331,149.10531276026668,44.73159382808,29.821062552053338,0.1983390679991927,149.10531276026668,68.25175575115935,0.0,149.10531276026668,68.25175575115935,80.85355700910733,149.10531276026668,0.0,0.0,12.507075322963551,36.384100654098305
2020-01-09 05:00:00,76.7577314683531,69.20099418830743,175.4169210288331,0.2969804055820708,0.2660028444457185,13.254211152399517,0.2969804055820708,5,3,1,9,0,197,69.20099418830743,7.556737280045667,76.7577314683531,76.7577314683531,0.0,23.02731944050593,76.7577314683531,69.08195832151779,7.556737280045667,0.901550799698122,0.0984492003018781,2.244202902305117,3.40053177602055,5373.324836005123,69.20099418830743,175.4169210288331,76.7577314683531,23.02731944050593,15.35154629367062,0.0532005688891437,76.7577314683531,69.20099418830743,11.513659720252965,65.24407174810014,65.24407174810014,0.0,65.24407174810014,0.0,0.0,0.0,0.0
2020-01-09 06:00:00,54.95504228600092,32.04840930129106,175.4169210288331,0.2850811192111653,0.0473079324678395,33.98883555900994,0.2850811192111653,6,3,1,9,0,198,32.04840930129106,22.90663298470986,54.95504228600092,54.95504228600092,0.0,16.486512685800275,54.95504228600092,49.45953805740083,22.90663298470986,0.5831750457856526,0.4168249542143474,6.5302485686404825,10.307984843119437,1615.9338619310256,32.04840930129106,175.4169210288331,54.95504228600092,16.486512685800275,10.991008457200184,0.0094615864935679,54.95504228600092,32.04840930129106,8.243256342900137,46.71178594310078,32.04840930129106,14.66337664180972,46.71178594310078,0.0,0.0,4.1802518244619735,6.598519488814374
2020-01-09 07:00:00,53.374106242577454,20.613647241715643,175.4169210288331,0.2353177535655433,0.0314501331859506,29.878112356860477,0.2353177535655433,7,3,1,9,0,199,20.613647241715643,32.760459000861815,53.374106242577454,53.374106242577454,0.0,16.012231872773235,53.374106242577454,48.03669561831971,32.760459000861815,0.3862106308259224,0.6137893691740777,7.709117617858887,14.742206550387817,227.8516705156985,20.613647241715643,175.4169210288331,53.374106242577454,16.012231872773235,10.674821248515492,0.0062900266371901,53.374106242577454,20.613647241715643,0.0,53.374106242577454,20.613647241715643,32.760459000861815,53.374106242577454,0.0,0.0,7.709117617858885,14.742206550387817
2020-01-09 08:00:00,54.968543521512125,67.23379290119583,175.4169210288331,0.1981870882861788,0.0474433584919882,17.69399897491255,0.1981870882861788,8,3,1,9,0,200,54.968543521512125,0.0,54.968543521512125,54.968543521512125,0.0,16.490563056453638,54.968543521512125,49.471689169360914,0.0,1.0,0.0,0.0,0.0,2253.506572342721,67.23379290119583,175.4169210288331,54.968543521512125,16.490563056453638,10.993708704302426,0.0094886716983976,54.968543521512125,67.23379290119583,0.0,54.968543521512125,54.968543521512125,0.0,54.968543521512125,0.0,0.0,0.0,0.0
2020-01-09 09:00:00,96.02430156374658,48.15026674983128,175.4169210288331,0.2463739778006571,0.4592588605218574,29.296204848543024,0.2463739778006571,9,3,1,9,0,201,48.15026674983128,47.8740348139153,96.02430156374658,96.02430156374658,0.0,28.80729046912397,96.02430156374658,86.42187140737192,47.8740348139153,0.5014383438953346,0.4985616561046653,11.794916390471451,21.543315666261886,2338.412107499217,48.15026674983128,175.4169210288331,96.02430156374658,28.80729046912397,19.20486031274932,0.0918517721043714,96.02430156374658,48.15026674983128,0.0,96.02430156374658,48.15026674983128,47.874034813915294,96.02430156374658,0.0,0.0,11.794916390471451,21.543315666261883
2020-01-09 10:00:00,64.20500892260392,49.86407283501059,175.4169210288331,0.241962750433927,0.1400910117692511,34.927495672862435,0.241962750433927,10,3,1,9,0,202,49.86407283501059,14.340936087593334,64.20500892260392,64.20500892260392,0.0,19.261502676781177,64.20500892260392,57.78450803034353,14.340936087593334,0.7766383600245169,0.223361639975483,3.469972339551244,6.4534212394170005,1127.4058414868537,49.86407283501059,175.4169210288331,64.20500892260392,19.261502676781177,12.841001784520785,0.0280182023538502,64.20500892260392,49.86407283501059,0.0,64.20500892260392,49.86407283501059,14.340936087593334,64.20500892260392,0.0,0.0,3.4699723395512434,6.4534212394170005
2020-01-09 11:00:00,149.81534472488826,66.92380420527849,175.4169210288331,0.2655536365530286,0.9988174145577604,26.644138348657645,0.2655536365530286,11,3,1,9,0,203,66.92380420527849,82.89154051960978,149.81534472488826,149.81534472488826,0.0,44.94460341746648,149.81534472488826,134.83381025239945,82.89154051960978,0.4467086087087625,0.5532913912912374,22.012150024465104,37.3011932338244,4990.219802420495,66.92380420527849,175.4169210288331,149.81534472488826,44.94460341746648,29.963068944977653,0.1997634829115521,149.81534472488826,66.92380420527849,22.472301708733237,127.34304301615502,66.92380420527849,60.419238810876536,127.34304301615502,0.0,0.0,16.044548583994146,27.18865746489444
2020-01-09 12:00:00,136.87526106252704,22.67445178248998,175.4169210288331,0.2518978042362421,0.8690201022235959,19.174981231505285,0.2518978042362421,12,3,1,9,0,204,22.67445178248998,114.20080928003706,136.87526106252704,136.87526106252704,0.0,41.06257831875811,136.87526106252704,123.18773495627434,114.20080928003706,0.1656577792544402,0.8343422207455597,28.7669330996432,51.39036417601668,2938.2755001488067,22.67445178248998,175.4169210288331,136.87526106252704,41.06257831875811,27.37505221250541,0.1738040204447192,136.87526106252704,22.67445178248998,20.531289159379057,116.34397190314799,22.67445178248998,93.669520120658,116.34397190314799,0.0,0.0,23.59514644225625,42.151284054296106
2020-01-09 13:00:00,83.99767909600578,26.70968859155694,175.4169210288331,0.2124824544592906,0.3386241479881992,21.055115975122572,0.2124824544592906,13,3,1,9,0,205,26.70968859155694,57.28799050444884,83.99767909600578,83.99767909600578,0.0,25.19930372880173,83.99767909600578,75.59791118640521,57.28799050444884,0.3179812689946933,0.6820187310053067,12.172692833425822,25.77959572700198,3255.352077088196,26.70968859155694,175.4169210288331,83.99767909600578,25.19930372880173,16.799535819201157,0.0677248295976398,83.99767909600578,26.70968859155694,0.0,83.99767909600578,26.70968859155694,57.28799050444884,83.99767909600578,0.0,0.0,12.172692833425822,25.77959572700198
2020-01-09 14:00:00,121.07854777847054,17.042309869772946,175.4169210288331,0.2191653183779969,0.7105689684069085,15.46529776840306,0.2191653183779969,14,3,1,9,0,206,17.042309869772946,104.0362379086976,121.07854777847054,121.07854777847054,0.0,36.32356433354116,121.07854777847054,108.97069300062348,104.0362379086976,0.1407541648166621,0.8592458351833379,22.80113520410874,46.81630705891392,2278.8568467192517,17.042309869772946,175.4169210288331,121.07854777847054,36.32356433354116,24.215709555694108,0.1421137936813817,121.07854777847054,17.042309869772946,0.0,121.07854777847054,17.042309869772946,104.03623790869759,121.07854777847054,0.0,0.0,22.80113520410874,46.816307058913914
2020-01-09 15:00:00,124.281813880283,45.04972948433038,175.4169210288331,0.2976682752575319,0.7426997754059202,26.60929429923648,0.2976682752575319,15,3,1,9,0,207,45.04972948433038,79.23208439595263,124.281813880283,124.281813880283,0.0,37.2845441640849,124.281813880283,111.8536324922547,79.23208439595263,0.3624804633743553,0.6375195366256445,23.584877907202426,35.654437978178684,1399.6615849497143,45.04972948433038,175.4169210288331,124.281813880283,37.2845441640849,24.8563627760566,0.148539955081184,124.281813880283,45.04972948433038,18.64227208204245,105.63954179824054,45.04972948433038,60.589812313910166,105.63954179824054,0.0,0.0,18.03566492965921,27.265415541259575
2020-01-09 16:00:00,73.91390061199272,25.856588677994345,175.4169210288331,0.2968861046585306,0.237477402762354,21.02544343318219,0.2968861046585306,16,3,1,9,0,208,25.856588677994345,48.05731193399837,73.91390061199272,73.91390061199272,0.0,22.174170183597813,73.91390061199272,66.52251055079344,48.05731193399837,0.3498203783578842,0.6501796216421157,14.267548140444694,21.625790370299267,1340.2430920664629,25.856588677994345,175.4169210288331,73.91390061199272,22.174170183597813,14.782780122398544,0.0474954805524708,73.91390061199272,25.856588677994345,11.087085091798906,62.82681552019381,25.856588677994345,36.970226842199466,62.82681552019381,0.0,0.0,10.975946635522847,16.63660207898976
2020-01-09 17:00:00,87.19893806890815,41.13517317986434,175.4169210288331,0.2858039987825218,0.3707348222009913,15.637283035630222,0.2858039987825218,17,3,1,9,0,209,41.13517317986434,46.06376488904381,87.19893806890815,87.19893806890815,0.0,26.159681420672445,87.19893806890815,78.47904426201734,46.06376488904381,0.4717393822773122,0.5282606177226877,13.16520820426665,20.728694200069715,237.40937420122896,41.13517317986434,175.4169210288331,87.19893806890815,26.159681420672445,17.43978761378163,0.0741469644401982,87.19893806890815,41.13517317986434,13.079840710336223,74.11909735857192,41.13517317986434,32.98392417870758,74.11909735857192,0.0,0.0,9.426937425814133,14.842765880418412
2020-01-09 18:00:00,111.70560982592198,27.174983009778707,175.4169210288331,0.1112666973073124,0.6165524081852495,29.454213947828137,0.1112666973073124,18,3,1,9,0,210,27.174983009778707,84.53062681614327,111.70560982592198,111.70560982592198,0.0,33.51168294777659,111.70560982592198,100.5350488433298,84.53062681614327,0.2432732165566906,0.7567267834433093,9.4054436671492,38.03878206726447,1674.586376103489,27.174983009778707,175.4169210288331,111.70560982592198,33.51168294777659,22.3411219651844,0.1233104816370499,111.70560982592198,27.174983009778707,0.0,111.70560982592198,27.174983009778707,84.53062681614327,111.70560982592198,0.0,0.0,9.405443667149196,38.03878206726447
2020-01-09 19:00:00,57.93652217315361,69.23152893168391,175.4169210288331,0.1220564851716846,0.077214081935514,19.59271433260637,0.1220564851716846,19,3,1,9,0,211,57.93652217315361,0.0,57.93652217315361,57.93652217315361,0.0,17.380956651946082,57.93652217315361,52.14286995583825,0.0,1.0,0.0,0.0,0.0,8091.699161629927,69.23152893168391,175.4169210288331,57.93652217315361,17.380956651946082,11.587304434630724,0.0154428163871028,57.93652217315361,69.23152893168391,0.0,57.93652217315361,57.93652217315361,0.0,57.93652217315361,0.0,0.0,0.0,0.0
2020-01-09 20:00:00,131.4383150523238,48.7093354333231,175.4169210288331,0.2851554800834057,0.8144840576473918,13.865404524677531,0.2851554800834057,20,3,1,9,0,212,48.7093354333231,82.72897961900068,131.4383150523238,131.4383150523238,0.0,39.43149451569713,131.4383150523238,118.29448354709142,82.72897961900068,0.3705870347921957,0.6294129652078042,23.590621900066424,37.22804082855031,6929.225043932735,48.7093354333231,175.4169210288331,131.4383150523238,39.43149451569713,26.28766301046476,0.1628968115294783,131.4383150523238,48.7093354333231,19.715747257848566,111.72256779447522,48.7093354333231,63.01323236115213,111.72256779447522,0.0,0.0,17.96856852555153,28.35595456251846
2020-01-09 21:00:00,76.80934549712956,53.79113911313608,175.4169210288331,0.1780408062752389,0.2665205661536089,32.795274002874535,0.1780408062752389,21,3,1,9,0,213,53.79113911313608,23.01820638399348,76.80934549712956,76.80934549712956,0.0,23.042803649138865,76.80934549712956,69.1284109474166,23.01820638399348,0.7003202379213908,0.2996797620786092,4.098180023616051,10.358192872797066,3591.2011689626133,53.79113911313608,175.4169210288331,76.80934549712956,23.042803649138865,15.361869099425912,0.0533041132307217,76.80934549712956,53.79113911313608,0.0,76.80934549712956,53.79113911313608,23.018206383993473,76.80934549712956,0.0,0.0,4.09818002361605,10.358192872797064
2020-01-09 22:00:00,90.15929895247862,46.40316636681335,175.4169210288331,0.2035619357620148,0.4004291345603695,14.84773608183954,0.2035619357620148,22,3,1,9,0,214,46.40316636681335,43.75613258566527,90.15929895247862,90.15929895247862,0.0,27.047789685743584,90.15929895247862,81.14336905723076,43.75613258566527,0.5146797602238637,0.4853202397761362,8.907083050597398,19.690259663549373,484.6437244463927,46.40316636681335,175.4169210288331,90.15929895247862,27.047789685743584,18.031859790495727,0.0800858269120739,90.15929895247862,46.40316636681335,0.0,90.15929895247862,46.40316636681335,43.75613258566527,90.15929895247862,0.0,0.0,8.907083050597397,19.690259663549373
2020-01-09 23:00:00,83.67999535562143,74.68890176585819,175.4169210288331,0.2906148504039614,0.3354375769620711,20.33456994773875,0.2906148504039614,23,3,1,9,0,215,74.68890176585819,8.991093589763238,83.67999535562143,83.67999535562143,0.0,25.103998606686428,83.67999535562143,75.3119958200593,8.991093589763238,0.8925538469313593,0.1074461530686406,2.61294531855706,4.0459921153934575,2008.6907634513675,74.68890176585819,175.4169210288331,83.67999535562143,25.103998606686428,16.735999071124287,0.0670875153924142,83.67999535562143,74.68890176585819,12.551999303343214,71.12799605227822,71.12799605227822,0.0,71.12799605227822,0.0,0.0,0.0,0.0
2020-01-10 00:00:00,54.25466628159475,66.73548817193691,175.4169210288331,0.1266101480896918,0.0402827133605101,25.897736288698265,0.1266101480896918,0,4,1,10,0,216,54.25466628159475,0.0,54.25466628159475,54.25466628159475,0.0,16.276399884478426,54.25466628159475,48.82919965343528,0.0,1.0,0.0,0.0,0.0,498.3977437662127,66.73548817193691,175.4169210288331,54.25466628159475,16.276399884478426,10.850933256318951,0.008056542672102,54.25466628159475,66.73548817193691,0.0,54.25466628159475,54.25466628159475,0.0,54.25466628159475,0.0,0.0,0.0,0.0
2020-01-10 01:00:00,86.95921071930928,62.5195059464958,175.4169210288331,0.1475708479194271,0.3683302036156082,33.554354596787235,0.1475708479194271,1,4,1,10,0,217,62.5195059464958,24.439704772813485,86.95921071930928,86.95921071930928,0.0,26.087763215792783,86.95921071930928,78.26328964737836,24.439704772813485,0.7189520860337495,0.2810479139662505,3.6065879562245575,10.997867147766067,665.6067440688039,62.5195059464958,175.4169210288331,86.95921071930928,26.087763215792783,17.391842143861858,0.0736660407231216,86.95921071930928,62.5195059464958,0.0,86.95921071930928,62.5195059464958,24.439704772813485,86.95921071930928,0.0,0.0,3.6065879562245553,10.997867147766069
2020-01-10 02:00:00,93.34241939811054,59.07898481097767,175.4169210288331,0.1399707453780979,0.4323578677478302,16.754116375456643,0.1399707453780979,2,4,1,10,0,218,59.07898481097767,34.26343458713286,93.34241939811054,93.34241939811054,0.0,28.00272581943316,93.34241939811054,84.00817745829949,34.26343458713286,0.6329275070426722,0.3670724929573277,4.795878478374688,15.418545564209788,108.34285314869436,59.07898481097767,175.4169210288331,93.34241939811054,28.00272581943316,18.66848387962211,0.086471573549566,93.34241939811054,59.07898481097767,0.0,93.34241939811054,59.07898481097767,34.26343458713286,93.34241939811054,0.0,0.0,4.795878478374687,15.418545564209788
2020-01-10 03:00:00,113.31292020915876,10.208612335566896,175.4169210288331,0.1048926693467325,0.6326747589578149,33.39831514850834,0.1048926693467325,3,4,1,10,0,219,10.208612335566896,103.10430787359186,113.31292020915876,113.31292020915876,0.0,33.993876062747624,113.31292020915876,101.9816281882429,103.10430787359186,0.0900922182282772,0.9099077817717228,10.814886074008385,46.39693854311634,7127.379140727692,10.208612335566896,175.4169210288331,113.31292020915876,33.993876062747624,22.662584041831757,0.126534951791563,113.31292020915876,10.208612335566896,0.0,113.31292020915876,10.208612335566896,103.10430787359186,113.31292020915876,0.0,0.0,10.81488607400838,46.39693854311634
2020-01-10 04:00:00,134.76495838882016,74.81634607016265,175.4169210288331,0.1525477489724775,0.8478524171911197,30.88494777270939,0.1525477489724775,4,4,1,10,0,220,74.81634607016265,59.94861231865751,134.76495838882016,134.76495838882016,0.0,40.42948751664605,134.76495838882016,121.28846254993816,59.94861231865751,0.5551617198166944,0.4448382801833056,9.145025863234938,26.97687554339588,6036.573317150603,74.81634607016265,175.4169210288331,134.76495838882016,40.42948751664605,26.952991677764032,0.1695704834382239,134.76495838882016,74.81634607016265,0.0,134.76495838882016,74.81634607016265,59.94861231865751,134.76495838882016,0.0,0.0,9.145025863234938,26.97687554339588
2020-01-10 05:00:00,141.04400151303884,45.13741723937915,175.4169210288331,0.2007045538711477,0.9108352342129676,29.78446458536345,0.2007045538711477,5,4,1,10,0,221,45.13741723937915,95.90658427365967,141.04400151303884,141.04400151303884,0.0,42.31320045391165,141.04400151303884,126.93960136173496,95.90658427365967,0.320023657547793,0.679976342452207,19.248888209950497,43.15796292314686,2173.8145636594354,45.13741723937915,175.4169210288331,141.04400151303884,42.31320045391165,28.20880030260777,0.1821670468425935,141.04400151303884,45.13741723937915,0.0,141.04400151303884,45.13741723937915,95.90658427365969,141.04400151303884,0.0,0.0,19.248888209950497,43.15796292314686
2020-01-10 06:00:00,66.58666926023182,24.18290902699876,175.4169210288331,0.1066548904801039,0.1639805876625009,12.35991936978511,0.1066548904801039,6,4,1,10,0,222,24.18290902699876,42.40376023323306,66.58666926023182,66.58666926023182,0.0,19.976000778069544,66.58666926023182,59.92800233420864,42.40376023323306,0.3631794365999584,0.6368205634000417,4.522568403620057,19.081692104954875,3301.643594723571,24.18290902699876,175.4169210288331,66.58666926023182,19.976000778069544,13.317333852046364,0.0327961175325001,66.58666926023182,24.18290902699876,0.0,66.58666926023182,24.18290902699876,42.40376023323306,66.58666926023182,0.0,0.0,4.522568403620057,19.081692104954875
2020-01-10 07:00:00,95.12102808337534,24.762840576849907,175.4169210288331,0.2767909087269216,0.4501984500087525,24.009196705564968,0.2767909087269216,7,4,1,10,0,223,24.762840576849907,70.35818750652543,95.12102808337534,95.12102808337534,0.0,28.5363084250126,95.12102808337534,85.6089252750378,70.35818750652543,0.260329824811658,0.7396701751883419,19.474506656310314,31.661184377936443,781.7863247803049,24.762840576849907,175.4169210288331,95.12102808337534,28.5363084250126,19.02420561667507,0.0900396900017505,95.12102808337534,24.762840576849907,14.2681542125063,80.85287387086903,24.762840576849907,56.09003329401912,80.85287387086903,0.0,0.0,15.525211285974839,25.240514982308607
2020-01-10 08:00:00,98.09273352044312,68.17390684297041,175.4169210288331,0.1768891800093942,0.4800065554928123,28.94694843337721,0.1768891800093942,8,4,1,10,0,224,68.17390684297041,29.91882667747271,98.09273352044312,98.09273352044312,0.0,29.427820056132934,98.09273352044312,88.2834601683988,29.91882667747271,0.6949944648933915,0.3050055351066085,5.292316717821335,13.46347200486272,3519.862578623828,68.17390684297041,175.4169210288331,98.09273352044312,29.427820056132934,19.618546704088622,0.0960013110985624,98.09273352044312,68.17390684297041,0.0,98.09273352044312,68.17390684297041,29.91882667747271,98.09273352044312,0.0,0.0,5.292316717821335,13.46347200486272
2020-01-10 09:00:00,91.13962384147824,48.31078721052484,175.4169210288331,0.193478993250157,0.4102624199645862,10.311293114717476,0.193478993250157,9,4,1,10,0,225,48.31078721052484,42.82883663095342,91.13962384147824,91.13962384147824,0.0,27.34188715244348,91.13962384147824,82.02566145733043,42.82883663095342,0.5300744634907992,0.4699255365092008,8.286480193432315,19.27297648392904,561.2118785318158,48.31078721052484,175.4169210288331,91.13962384147824,27.34188715244348,18.22792476829565,0.0820524839929172,91.13962384147824,48.31078721052484,0.0,91.13962384147824,48.31078721052484,42.8288366309534,91.13962384147824,0.0,0.0,8.28648019343231,19.27297648392903
2020-01-10 10:00:00,78.59239013217339,27.99452471440317,175.4169210288331,0.2614413318846391,0.2844056438269252,16.71481724959141,0.2614413318846391,10,4,1,10,0,226,27.99452471440317,50.59786541777022,78.59239013217339,78.59239013217339,0.0,23.57771703965202,78.59239013217339,70.73315111895606,50.59786541777022,0.3561989229150958,0.6438010770849042,13.22837332534157,22.7690394379966,473.1083301017081,27.99452471440317,175.4169210288331,78.59239013217339,23.57771703965202,15.71847802643468,0.056881128765385,78.59239013217339,27.99452471440317,11.78885851982601,66.80353161234738,27.99452471440317,38.809006897944215,66.80353161234738,0.0,0.0,10.14627845251868,17.464053104074896
2020-01-10 11:00:00,77.5747071888027,10.42135298323879,175.4169210288331,0.205972172764504,0.2741976332526153,31.78312765206543,0.205972172764504,11,4,1,10,0,227,10.42135298323879,67.15335420556391,77.5747071888027,77.5747071888027,0.0,23.27241215664081,77.5747071888027,69.81723646992243,67.15335420556391,0.1343395722767617,0.8656604277232383,13.831722274144347,30.21900939250376,582.9005736957574,10.42135298323879,175.4169210288331,77.5747071888027,23.27241215664081,15.51494143776054,0.054839526650523,77.5747071888027,10.42135298323879,0.0,77.5747071888027,10.42135298323879,67.15335420556391,77.5747071888027,0.0,0.0,13.831722274144342,30.21900939250376
2020-01-10 12:00:00,106.58930707644586,54.25011391478332,175.4169210288331,0.2673474798425006,0.5652326205163714,21.40494887825393,0.2673474798425006,12,4,1,10,0,228,54.25011391478332,52.33919316166254,106.58930707644586,106.58930707644586,0.0,31.97679212293376,106.58930707644586,95.93037636880128,52.33919316166254,0.5089639420948213,0.4910360579051787,13.992751388760324,23.552636922748142,2140.419652229129,54.25011391478332,175.4169210288331,106.58930707644586,31.97679212293376,21.317861415289173,0.1130465241032742,106.58930707644586,54.25011391478332,15.98839606146688,90.60091101497898,54.25011391478332,36.350797100195656,90.60091101497898,0.0,0.0,9.718293995003389,16.357858695088044
2020-01-10 13:00:00,115.63093551208134,57.18665964838627,175.4169210288331,0.2673796965828096,0.655925934461723,31.412120033676825,0.2673796965828096,13,4,1,10,0,229,57.18665964838627,58.44427586369507,115.63093551208134,115.63093551208134,0.0,34.6892806536244,115.63093551208134,104.0678419608732,58.44427586369507,0.4945619387677729,0.5054380612322271,15.626812747436809,26.29992413866278,45.89533564419845,57.18665964838627,175.4169210288331,115.63093551208134,34.6892806536244,23.126187102416267,0.1311851868923446,115.63093551208134,57.18665964838627,17.3446403268122,98.28629518526914,57.18665964838627,41.09963553688287,98.28629518526914,0.0,0.0,10.9892080795158,18.49483599159729
2020-01-10 14:00:00,135.83437562063892,21.08288697234735,175.4169210288331,0.2241084571782795,0.8585793557547138,21.15296150387018,0.2241084571782795,14,4,1,10,0,230,21.08288697234735,114.75148864829156,135.83437562063892,135.83437562063892,0.0,40.75031268619168,135.83437562063892,122.25093805857504,114.75148864829156,0.1552102468614283,0.8447897531385716,25.71677907987948,51.63816989173121,4473.984613012922,21.08288697234735,175.4169210288331,135.83437562063892,40.75031268619168,27.166875124127785,0.1717158711509427,135.83437562063892,21.08288697234735,0.0,135.83437562063892,21.08288697234735,114.75148864829157,135.83437562063892,0.0,0.0,25.71677907987948,51.63816989173121
2020-01-10 15:00:00,52.9739658086683,30.52566698631462,175.4169210288331,0.1467156395113562,0.0274364688053482,30.18757122890677,0.1467156395113562,15,4,1,10,0,231,30.52566698631462,22.44829882235368,52.9739658086683,52.9739658086683,0.0,15.892189742600488,52.9739658086683,47.676569227801465,22.44829882235368,0.5762390359175187,0.4237609640824813,3.2935165176636456,10.101734470059156,8609.044946435304,30.52566698631462,175.4169210288331,52.9739658086683,15.892189742600488,10.59479316173366,0.0054872937610696,52.9739658086683,30.52566698631462,0.0,52.9739658086683,30.52566698631462,22.448298822353678,52.9739658086683,0.0,0.0,3.293516517663644,10.101734470059155
2020-01-10 16:00:00,110.87782808953872,61.85816593520768,175.4169210288331,0.1513846198370401,0.6082492281297466,33.013868303593775,0.1513846198370401,16,4,1,10,0,232,61.85816593520768,49.01966215433103,110.87782808953872,110.87782808953872,0.0,33.26334842686161,110.87782808953872,99.79004528058483,49.01966215433103,0.5578948199206653,0.4421051800793347,7.420822919773546,22.05884796944897,1687.7628397023354,61.85816593520768,175.4169210288331,110.87782808953872,33.26334842686161,22.175565617907743,0.1216498456259493,110.87782808953872,61.85816593520768,0.0,110.87782808953872,61.85816593520768,49.019662154331044,110.87782808953872,0.0,0.0,7.420822919773547,22.05884796944897
2020-01-10 17:00:00,107.90054001814252,52.41562142126199,175.4169210288331,0.141511070558707,0.5783851252541335,24.08401376099671,0.141511070558707,17,4,1,10,0,233,52.41562142126199,55.48491859688052,107.90054001814252,107.90054001814252,0.0,32.37016200544275,107.90054001814252,97.11048601632824,55.48491859688052,0.4857771927040288,0.5142228072959711,7.851730230507275,24.968213368596235,130.96118776577353,52.41562142126199,175.4169210288331,107.90054001814252,32.37016200544275,21.580108003628503,0.1156770250508267,107.90054001814252,52.41562142126199,0.0,107.90054001814252,52.41562142126199,55.48491859688053,107.90054001814252,0.0,0.0,7.8517302305072745,24.968213368596242
2020-01-10 18:00:00,72.23251344362642,71.44967686333119,175.4169210288331,0.2511670958886527,0.2206120144741862,12.304334308889857,0.2511670958886527,18,4,1,10,0,234,71.44967686333119,0.7828365802952248,72.23251344362642,72.23251344362642,0.0,21.669754033087923,72.23251344362642,65.00926209926378,0.7828365802952248,0.9891622685827458,0.0108377314172541,0.1966227904281557,0.3522764611328512,3354.6130435209884,71.44967686333119,175.4169210288331,72.23251344362642,21.669754033087923,14.446502688725284,0.0441224028948372,72.23251344362642,71.44967686333119,10.834877016543961,61.39763642708245,61.39763642708245,0.0,61.39763642708245,0.0,0.0,0.0,0.0
2020-01-10 19:00:00,141.79906423987063,70.56585677074074,175.4169210288331,0.2181369307703867,0.9184089961100051,34.080062243269055,0.2181369307703867,19,4,1,10,0,235,70.56585677074074,71.2332074691299,141.79906423987063,141.79906423987063,0.0,42.53971927196119,141.79906423987063,127.61915781588355,71.2332074691299,0.4976468437857239,0.502353156214276,15.53859324624618,32.05494336110846,4964.03589633043,70.56585677074074,175.4169210288331,141.79906423987063,42.53971927196119,28.359812847974126,0.183681799222001,141.79906423987063,70.56585677074074,0.0,141.79906423987063,70.56585677074074,71.2332074691299,141.79906423987063,0.0,0.0,15.538593246246181,32.05494336110846
2020-01-10 20:00:00,136.65712039433777,28.701541664683944,175.4169210288331,0.2119301141151732,0.8668320118541261,34.260828618074015,0.2119301141151732,20,4,1,10,0,236,28.701541664683944,107.95557872965382,136.65712039433777,136.65712039433777,0.0,40.99713611830133,136.65712039433777,122.991408354904,107.95557872965382,0.21002595094835,0.78997404905165,22.8790381195451,48.580010428344224,3101.1534302949685,28.701541664683944,175.4169210288331,136.65712039433777,40.99713611830133,27.33142407886756,0.1733664023708252,136.65712039433777,28.701541664683944,0.0,136.65712039433777,28.701541664683944,107.95557872965382,136.65712039433777,0.0,0.0,22.8790381195451,48.580010428344224
2020-01-10 21:00:00,90.54171588954492,52.288034685023085,175.4169210288331,0.1424759930882057,0.4042650209361776,30.40740774712568,0.1424759930882057,21,4,1,10,0,237,52.288034685023085,38.25368120452183,90.54171588954492,90.54171588954492,0.0,27.162514766863477,90.54171588954492,81.48754430059043,38.25368120452183,0.5775021399949072,0.4224978600050927,5.450231218893879,17.214156542034825,5414.677171602507,52.288034685023085,175.4169210288331,90.54171588954492,27.162514766863477,18.108343177908985,0.0808530041872355,90.54171588954492,52.288034685023085,0.0,90.54171588954492,52.288034685023085,38.25368120452183,90.54171588954492,0.0,0.0,5.450231218893877,17.214156542034825
2020-01-10 22:00:00,81.46113799836867,24.009655680621428,175.4169210288331,0.1409101209979467,0.3131810190495435,18.19645343525862,0.1409101209979467,22,4,1,10,0,238,24.009655680621428,57.45148231774724,81.46113799836867,81.46113799836867,0.0,24.4383413995106,81.46113799836867,73.3150241985318,57.45148231774724,0.2947375432086677,0.7052624567913323,8.095495324905158,25.85316704298626,1168.2222866995432,24.009655680621428,175.4169210288331,81.46113799836867,24.4383413995106,16.292227599673733,0.0626362038099087,81.46113799836867,24.009655680621428,0.0,81.46113799836867,24.009655680621428,57.45148231774724,81.46113799836867,0.0,0.0,8.095495324905158,25.85316704298626
2020-01-10 23:00:00,149.80424230279704,58.60374923181861,175.4169210288331,0.2127639802660519,0.9987060501658878,17.59145247506984,0.2127639802660519,23,4,1,10,0,239,58.60374923181861,91.20049307097842,149.80424230279704,149.80424230279704,0.0,44.94127269083911,149.80424230279704,134.82381807251733,91.20049307097842,0.3912022004915171,0.6087977995084829,19.40417990800785,41.04022188194029,2335.747035450697,58.60374923181861,175.4169210288331,149.80424230279704,44.94127269083911,29.960848460559408,0.1997412100331775,149.80424230279704,58.60374923181861,0.0,149.80424230279704,58.60374923181861,91.20049307097842,149.80424230279704,0.0,0.0,19.404179908007855,41.04022188194029
2020-01-11 00:00:00,110.16103146348586,62.75406099775675,175.4169210288331,0.1401886427462451,0.6010592996888295,27.184034449812494,0.1401886427462451,0,5,1,11,1,240,62.75406099775675,47.4069704657291,110.16103146348586,110.16103146348586,0.0,33.04830943904575,110.16103146348586,99.14492831713729,47.4069704657291,0.5696575292013066,0.4303424707986933,6.64591884630189,21.333136709578092,1935.097709930968,62.75406099775675,175.4169210288331,110.16103146348586,33.04830943904575,22.03220629269717,0.1202118599377659,110.16103146348586,62.75406099775675,0.0,110.16103146348586,62.75406099775675,47.4069704657291,110.16103146348586,0.0,0.0,6.64591884630189,21.333136709578095
2020-01-11 01:00:00,133.58523722630338,24.78730806311432,175.4169210288331,0.2922347097074496,0.8360190596801627,34.472694289481325,0.2922347097074496,1,5,1,11,1,241,24.78730806311432,108.79792916318904,133.58523722630338,133.58523722630338,0.0,40.07557116789101,133.58523722630338,120.22671350367304,108.79792916318904,0.1855542466951102,0.8144457533048898,31.794531245776216,48.959068123435074,5210.324138193413,24.78730806311432,175.4169210288331,133.58523722630338,40.07557116789101,26.717047445260675,0.1672038119360325,133.58523722630338,24.78730806311432,20.037785583945507,113.54745164235787,24.78730806311432,88.76014357924355,113.54745164235787,0.0,0.0,25.938794792471782,39.9420646106596
2020-01-11 02:00:00,94.76093024262865,34.54376232881117,175.4169210288331,0.2356491691507323,0.4465864384386722,17.491047370810662,0.2356491691507323,2,5,1,11,1,242,34.54376232881117,60.21716791381748,94.76093024262865,94.76093024262865,0.0,28.428279072788595,94.76093024262865,85.28483721836578,60.21716791381748,0.3645359141195038,0.6354640858804962,14.190125587501225,27.097725561217864,2455.2787634070773,34.54376232881117,175.4169210288331,94.76093024262865,28.428279072788595,18.95218604852573,0.0893172876877344,94.76093024262865,34.54376232881117,0.0,94.76093024262865,34.54376232881117,60.21716791381748,94.76093024262865,0.0,0.0,14.190125587501225,27.097725561217864
2020-01-11 03:00:00,70.04628571537437,66.03184523445739,175.4169210288331,0.1396075775189665,0.1986827526021836,15.318220165757232,0.1396075775189665,3,5,1,11,1,243,66.03184523445739,4.014440480916974,70.04628571537437,70.04628571537437,0.0,21.01388571461231,70.04628571537437,63.04165714383693,4.014440480916974,0.9426887458782722,0.0573112541217278,0.5604463106348936,1.8064982164126384,4150.245935969757,66.03184523445739,175.4169210288331,70.04628571537437,21.01388571461231,14.009257143074874,0.0397365505204367,70.04628571537437,66.03184523445739,0.0,70.04628571537437,66.03184523445739,4.014440480916974,70.04628571537437,0.0,0.0,0.5604463106348936,1.8064982164126384
2020-01-11 04:00:00,56.88411344637037,58.41345842345213,175.4169210288331,0.155238623381646,0.0666577495517588,27.550521257366896,0.155238623381646,4,5,1,11,1,244,56.88411344637037,0.0,56.88411344637037,56.88411344637037,0.0,17.065234033911107,56.88411344637037,51.19570210173333,0.0,1.0,0.0,0.0,0.0,99.7967292416028,58.41345842345213,175.4169210288331,56.88411344637037,17.065234033911107,11.376822689274071,0.0133315499103517,56.88411344637037,58.41345842345213,0.0,56.88411344637037,56.88411344637037,0.0,56.88411344637037,0.0,0.0,0.0,0.0
2020-01-11 05:00:00,96.79505649503488,35.76318603883962,175.4169210288331,0.2557863540853053,0.466990025262354,11.799837041687768,0.2557863540853053,5,5,1,11,1,245,35.76318603883962,61.03187045619525,96.79505649503488,96.79505649503488,0.0,29.03851694851046,96.79505649503488,87.11555084553139,61.03187045619525,0.3694732699564476,0.6305267300435523,15.611119626996846,27.464341705287865,4170.982785935982,35.76318603883962,175.4169210288331,96.79505649503488,29.03851694851046,19.359011299006976,0.0933980050524708,96.79505649503488,35.76318603883962,14.519258474255231,82.27579802077966,35.76318603883962,46.51261198194004,82.27579802077966,0.0,0.0,11.89729143784493,20.93067539187302
2020-01-11 06:00:00,146.1725865768928,22.9809951626548,175.4169210288331,0.1229790932509172,0.9622782213477136,19.9057732239667,0.1229790932509172,6,5,1,11,1,246,22.9809951626548,123.191591414238,146.1725865768928,146.1725865768928,0.0,43.85177597306784,146.1725865768928,131.5553279192035,123.191591414238,0.1572182288131424,0.8427817711868576,15.149990208260473,55.4362161364071,4027.215313176961,22.9809951626548,175.4169210288331,146.1725865768928,43.85177597306784,29.23451731537856,0.1924556442695427,146.1725865768928,22.9809951626548,0.0,146.1725865768928,22.9809951626548,123.19159141423799,146.1725865768928,0.0,0.0,15.149990208260464,55.4362161364071
2020-01-11 07:00:00,78.02692266287002,17.304710884080023,175.4169210288331,0.166996458818264,0.2787336435800128,10.008733309955552,0.166996458818264,7,5,1,11,1,247,17.304710884080023,60.72221177879,78.02692266287002,78.02692266287002,0.0,23.408076798861007,78.02692266287002,70.22423039658302,60.72221177879,0.2217787180823249,0.778221281917675,10.14039433867061,27.324995300455495,3934.64359524892,17.304710884080023,175.4169210288331,78.02692266287002,23.408076798861007,15.605384532574003,0.0557467287160025,78.02692266287002,17.304710884080023,0.0,78.02692266287002,17.304710884080023,60.72221177879,78.02692266287002,0.0,0.0,10.140394338670609,27.324995300455498
2020-01-11 08:00:00,53.71529387661758,20.938287529042388,175.4169210288331,0.189161573244753,0.0348724632925846,26.254062148821347,0.189161573244753,8,5,1,11,1,248,20.938287529042388,32.777006347575195,53.71529387661758,53.71529387661758,0.0,16.114588162985275,53.71529387661758,48.34376448895582,32.777006347575195,0.3898012282523671,0.6101987717476329,6.20015008696058,14.749652856408838,794.1373858276131,20.938287529042388,175.4169210288331,53.71529387661758,16.114588162985275,10.743058775323515,0.0069744926585169,53.71529387661758,20.938287529042388,0.0,53.71529387661758,20.938287529042388,32.777006347575195,53.71529387661758,0.0,0.0,6.200150086960579,14.749652856408838
2020-01-11 09:00:00,80.86632155806548,63.46657648474978,175.4169210288331,0.2603112213523871,0.3072146298593331,17.91226163906024,0.2603112213523871,9,5,1,11,1,249,63.46657648474978,17.3997450733157,80.86632155806548,80.86632155806548,0.0,24.259896467419644,80.86632155806548,72.77968940225894,17.3997450733157,0.7848332317079374,0.2151667682920625,4.52934889125499,7.829885282992065,2045.1155257969845,63.46657648474978,175.4169210288331,80.86632155806548,24.259896467419644,16.173264311613096,0.0614429259718666,80.86632155806548,63.46657648474978,12.129948233709822,68.73637332435565,63.46657648474978,5.269796839605874,68.73637332435565,0.0,0.0,1.3717872515967546,2.3714085778226432
2020-01-11 10:00:00,110.04717590307908,43.775443984782406,175.4169210288331,0.1201297172079531,0.5999172556247647,19.015757691209245,0.1201297172079531,10,5,1,11,1,250,43.775443984782406,66.27173191829667,110.04717590307908,110.04717590307908,0.0,33.014152770923715,110.04717590307908,99.04245831277116,66.27173191829667,0.3977879816137797,0.6022120183862202,7.961204414226262,29.822279363233505,2776.211797307264,43.775443984782406,175.4169210288331,110.04717590307908,33.014152770923715,22.009435180615814,0.1199834511249529,110.04717590307908,43.775443984782406,0.0,110.04717590307908,43.775443984782406,66.27173191829667,110.04717590307908,0.0,0.0,7.961204414226257,29.822279363233502
2020-01-11 11:00:00,73.27176086748308,66.3731020552317,175.4169210288331,0.1173419059054306,0.2310363305749513,28.94752948252506,0.1173419059054306,11,5,1,11,1,251,66.3731020552317,6.898658812251384,73.27176086748308,73.27176086748308,0.0,21.981528260244925,73.27176086748308,65.94458478073477,6.898658812251384,0.9058483277789916,0.0941516722210085,0.809501773220872,3.104396465513122,4035.81596032474,66.3731020552317,175.4169210288331,73.27176086748308,21.981528260244925,14.654352173496616,0.0462072661149902,73.27176086748308,66.3731020552317,0.0,73.27176086748308,66.3731020552317,6.898658812251384,73.27176086748308,0.0,0.0,0.8095017732208715,3.1043964655131226
2020-01-11 12:00:00,51.63510359811123,43.361302774513696,175.4169210288331,0.1833579036969227,0.0140068248362322,27.83969566041012,0.1833579036969227,12,5,1,11,1,252,43.361302774513696,8.273800823597533,51.63510359811123,51.63510359811123,0.0,15.490531079433367,51.63510359811123,46.47159323830011,8.273800823597533,0.8397640316945122,0.1602359683054878,1.5170667746207165,3.7232103706188897,531.4339216874226,43.361302774513696,175.4169210288331,51.63510359811123,15.490531079433367,10.327020719622247,0.0028013649672464,51.63510359811123,43.361302774513696,0.0,51.63510359811123,43.361302774513696,8.273800823597533,51.63510359811123,0.0,0.0,1.5170667746207163,3.7232103706188897
2020-01-11 13:00:00,61.02136941965468,60.61050605377088,175.4169210288331,0.2752649737585947,0.10815707210504,16.900328069940418,0.2752649737585947,13,5,1,11,1,253,60.61050605377088,0.4108633658838059,61.02136941965468,61.02136941965468,0.0,18.306410825896403,61.02136941965468,54.919232477689214,0.4108633658838059,0.9932668937162288,0.0067331062837712,0.1130962936283737,0.1848885146477126,359.3607992330543,60.61050605377088,175.4169210288331,61.02136941965468,18.306410825896403,12.204273883930938,0.021631414421008,61.02136941965468,60.61050605377088,9.153205412948202,51.86816400670648,51.86816400670648,0.0,51.86816400670648,0.0,0.0,0.0,0.0
2020-01-11 14:00:00,134.7542654626937,67.03588103775957,175.4169210288331,0.1574990591705786,0.8477451603055834,15.95838206725141,0.1574990591705786,14,5,1,11,1,254,67.03588103775957,67.71838442493413,134.7542654626937,134.7542654626937,0.0,40.4262796388081,134.7542654626937,121.27883891642432,67.71838442493413,0.4974676000613742,0.5025323999386258,10.665581835478692,30.47327299122036,4571.587834799369,67.03588103775957,175.4169210288331,134.7542654626937,40.4262796388081,26.95085309253874,0.1695490320611167,134.7542654626937,67.03588103775957,0.0,134.7542654626937,67.03588103775957,67.71838442493413,134.7542654626937,0.0,0.0,10.665581835478688,30.47327299122036
2020-01-11 15:00:00,78.51247110199968,18.401179462357888,175.4169210288331,0.234805610199728,0.2836040048583091,27.107312391037453,0.234805610199728,15,5,1,11,1,255,18.401179462357888,60.11129163964179,78.51247110199968,78.51247110199968,0.0,23.5537413305999,78.51247110199968,70.66122399179972,60.11129163964179,0.2343726952429245,0.7656273047570755,14.1144685133399,27.050081237838807,2423.2020579724253,18.401179462357888,175.4169210288331,78.51247110199968,23.5537413305999,15.702494220399936,0.0567208009716618,78.51247110199968,18.401179462357888,0.0,78.51247110199968,18.401179462357888,60.11129163964179,78.51247110199968,0.0,0.0,14.114468513339899,27.050081237838807
2020-01-11 16:00:00,55.05729660281391,13.84866372310309,175.4169210288331,0.1606161323658617,0.0483336086414409,10.66097797438021,0.1606161323658617,16,5,1,11,1,256,13.84866372310309,41.20863287971082,55.05729660281391,55.05729660281391,0.0,16.51718898084417,55.05729660281391,49.55156694253252,41.20863287971082,0.2515318509553428,0.7484681490446572,6.618771233223834,18.543884795869868,378.0359077505578,13.84866372310309,175.4169210288331,55.05729660281391,16.51718898084417,11.011459320562782,0.0096667217282881,55.05729660281391,13.84866372310309,0.0,55.05729660281391,13.84866372310309,41.20863287971082,55.057296602813906,7.105427357601002e-15,0.0,6.618771233223834,18.543884795869868
2020-01-11 17:00:00,106.63653768141884,41.06912491637216,175.4169210288331,0.287863754809911,0.5657063736809851,11.844546833523484,0.287863754809911,17,5,1,11,1,257,41.06912491637216,65.56741276504668,106.63653768141884,106.63653768141884,0.0,31.990961304425653,106.63653768141884,95.97288391327696,65.56741276504668,0.3851318301337568,0.6148681698662432,18.874481631717625,29.505335744271008,1334.3036650765105,41.06912491637216,175.4169210288331,106.63653768141884,31.990961304425653,21.32730753628377,0.113141274736197,106.63653768141884,41.06912491637216,15.995480652212827,90.64105702920602,41.06912491637216,49.57193211283386,90.64105702920602,0.0,0.0,14.26996251118236,22.30736945077524
2020-01-11 18:00:00,86.86005393238075,61.76617254163502,175.4169210288331,0.2491581080146934,0.3673355976471437,20.129744687420963,0.2491581080146934,18,5,1,11,1,258,61.76617254163502,25.09388139074573,86.86005393238075,86.86005393238075,0.0,26.058016179714222,86.86005393238075,78.17404853914267,25.09388139074573,0.7110998640378356,0.2889001359621643,6.25234401006333,11.292246625835578,2066.4745223089226,61.76617254163502,175.4169210288331,86.86005393238075,26.058016179714222,17.37201078647615,0.0734671195294287,86.86005393238075,61.76617254163502,13.029008089857113,73.83104584252364,61.76617254163502,12.064873300888614,73.83104584252364,0.0,0.0,3.0060610050863956,5.429192985399877
2020-01-11 19:00:00,86.14072925577631,78.34398670427773,175.4169210288331,0.1859688826347036,0.3601203112428932,27.6027368401528,0.1859688826347036,19,5,1,11,1,259,78.34398670427773,7.796742551498582,86.14072925577631,86.14072925577631,0.0,25.84221877673289,86.14072925577631,77.52665633019868,7.796742551498582,0.9094883150066232,0.0905116849933767,1.4499515004926395,3.508534148174362,574.0149344353091,78.34398670427773,175.4169210288331,86.14072925577631,25.84221877673289,17.22814585115526,0.0720240622485786,86.14072925577631,78.34398670427773,0.0,86.14072925577631,78.34398670427773,7.796742551498582,86.14072925577631,0.0,0.0,1.4499515004926393,3.508534148174362
2020-01-11 20:00:00,62.12477378047283,54.587870941884766,175.4169210288331,0.1392634210330375,0.1192249233020591,30.76433591157542,0.1392634210330375,20,5,1,11,1,260,54.587870941884766,7.5369028385880625,62.12477378047283,62.12477378047283,0.0,18.637432134141847,62.12477378047283,55.91229640242555,7.5369028385880625,0.8786812026837983,0.1213187973162016,1.0496148732953854,3.391606277364628,564.4205527926206,54.587870941884766,175.4169210288331,62.12477378047283,18.637432134141847,12.424954756094566,0.0238449846604118,62.12477378047283,54.587870941884766,0.0,62.12477378047283,54.587870941884766,7.5369028385880625,62.12477378047283,0.0,0.0,1.0496148732953847,3.391606277364628
2020-01-11 21:00:00,82.99825679491083,65.14651753666139,175.4169210288331,0.2168823943361969,0.3285993033307976,25.46142710247335,0.2168823943361969,21,5,1,11,1,261,65.14651753666139,17.851739258249438,82.99825679491083,82.99825679491083,0.0,24.899477038473247,82.99825679491083,74.69843111541975,17.851739258249438,0.7849142867860323,0.2150857132139677,3.8717279533946223,8.033282666212248,217.88086827776075,65.14651753666139,175.4169210288331,82.99825679491083,24.899477038473247,16.599651358982168,0.0657198606661595,82.99825679491083,65.14651753666139,0.0,82.99825679491083,65.14651753666139,17.851739258249438,82.99825679491083,0.0,0.0,3.871727953394622,8.033282666212248
2020-01-11 22:00:00,57.68235043248399,10.412919805433017,175.4169210288331,0.1214286842380879,0.0746645768727165,23.654803904660238,0.1214286842380879,22,5,1,11,1,262,10.412919805433017,47.269430627050966,57.68235043248399,57.68235043248399,0.0,17.304705129745194,57.68235043248399,51.91411538923559,47.269430627050966,0.1805217666645038,0.8194782333354961,5.739864765726376,21.27124378217293,3861.167286073988,10.412919805433017,175.4169210288331,57.68235043248399,17.304705129745194,11.5364700864968,0.0149329153745433,57.68235043248399,10.412919805433017,0.0,57.68235043248399,10.412919805433017,47.26943062705098,57.682350432484,0.0,0.0,5.739864765726375,21.27124378217294
2020-01-11 23:00:00,136.65927816185055,43.54112897521473,175.4169210288331,0.1112050777287278,0.866853655641841,28.87733888674948,0.1112050777287278,23,5,1,11,1,263,43.54112897521473,93.11814918663582,136.65927816185055,136.65927816185055,0.0,40.99778344855516,136.65927816185055,122.9933503456655,93.11814918663582,0.3186108514611601,0.6813891485388398,10.355211018255108,41.90316713398612,3199.5832363528298,43.54112897521473,175.4169210288331,136.65927816185055,40.99778344855516,27.33185563237011,0.1733707311283682,136.65927816185055,43.54112897521473,0.0,136.65927816185055,43.54112897521473,93.11814918663582,136.65927816185055,0.0,0.0,10.355211018255108,41.903167133986116
2020-01-12 00:00:00,115.00881649183528,22.312903735354787,175.4169210288331,0.2176645979251856,0.6496856829388695,29.88802321462973,0.2176645979251856,0,6,1,12,1,264,22.312903735354787,92.69591275648052,115.00881649183528,115.00881649183528,0.0,34.502644947550586,115.00881649183528,103.50793484265176,92.69591275648052,0.1940103760387694,0.8059896239612306,20.176618579447418,41.71316074041623,450.8158304371771,22.312903735354787,175.4169210288331,115.00881649183528,34.502644947550586,23.00176329836706,0.1299371365877739,115.00881649183528,22.312903735354787,0.0,115.00881649183528,22.312903735354787,92.69591275648048,115.00881649183526,1.4210854715202004e-14,0.0,20.176618579447407,41.71316074041622
2020-01-12 01:00:00,107.28604063945956,13.20257539924586,175.4169210288331,0.212071882254931,0.5722213036077514,23.907706244748216,0.212071882254931,1,6,1,12,1,265,13.20257539924586,94.08346524021373,107.28604063945956,107.28604063945956,0.0,32.18581219183787,107.28604063945956,96.55743657551362,94.08346524021373,0.123059582780334,0.876940417219666,19.952457562558504,42.33755935809617,84.92338428682345,13.20257539924586,175.4169210288331,107.28604063945956,32.18581219183787,21.45720812789192,0.1144442607215502,107.28604063945956,13.20257539924586,0.0,107.28604063945956,13.20257539924586,94.0834652402137,107.28604063945956,0.0,0.0,19.952457562558493,42.337559358096165
2020-01-12 02:00:00,59.60021718753828,62.32204751765983,175.4169210288331,0.2280696954181663,0.0939020066078245,23.096314600477307,0.2280696954181663,2,6,1,12,1,266,59.60021718753828,0.0,59.60021718753828,59.60021718753828,0.0,17.880065156261484,59.60021718753828,53.64019546878445,0.0,1.0,0.0,0.0,0.0,11004.4395951212,62.32204751765983,175.4169210288331,59.60021718753828,17.880065156261484,11.920043437507656,0.0187804013215649,59.60021718753828,62.32204751765983,0.0,59.60021718753828,59.60021718753828,0.0,59.60021718753828,0.0,0.0,0.0,0.0
2020-01-12 03:00:00,104.17082732972868,14.003840513602857,175.4169210288331,0.28819882317772,0.5409737224095856,21.535059963612444,0.28819882317772,3,6,1,12,1,267,14.003840513602857,90.1669868161258,104.17082732972868,104.17082732972868,0.0,31.2512481989186,104.17082732972868,93.7537445967558,90.1669868161258,0.134431499418517,0.865568500581483,25.98601948988846,40.575144067256616,10209.11507729081,14.003840513602857,175.4169210288331,104.17082732972868,31.2512481989186,20.83416546594573,0.1081947444819171,104.17082732972868,14.003840513602857,15.625624099459301,88.54520323026938,14.003840513602857,74.54136271666653,88.54520323026938,0.0,0.0,21.482733013006865,33.543613222499935
2020-01-12 04:00:00,96.47327432691928,22.471756509453225,175.4169210288331,0.1291891239268386,0.4637623443857651,28.850543559661062,0.1291891239268386,4,6,1,12,1,268,22.471756509453225,74.00151781746607,96.4732743269193,96.4732743269193,0.0,28.941982298075786,96.47327432691928,86.82594689422736,74.00151781746607,0.2329324537415731,0.7670675462584268,9.56019125609478,33.30068301785973,333.02798925940783,22.471756509453225,175.4169210288331,96.47327432691928,28.941982298075786,19.29465486538386,0.092752468877153,96.47327432691928,22.471756509453225,0.0,96.47327432691928,22.471756509453225,74.00151781746605,96.47327432691928,0.0,0.0,9.560191256094775,33.300683017859726
2020-01-12 05:00:00,56.36850340956795,70.10548055679627,175.4169210288331,0.1835378205854191,0.0614858512290194,22.32434148427055,0.1835378205854191,5,6,1,12,1,269,56.36850340956795,0.0,56.36850340956795,56.36850340956795,0.0,16.910551022870383,56.36850340956795,50.73165306861116,0.0,1.0,0.0,0.0,0.0,6625.214089699185,70.10548055679627,175.4169210288331,56.36850340956795,16.910551022870383,11.27370068191359,0.0122971702458039,56.36850340956795,70.10548055679627,0.0,56.36850340956795,56.36850340956795,0.0,56.36850340956795,0.0,0.0,0.0,0.0
2020-01-12 06:00:00,111.57504266778533,62.69001283035693,175.4169210288331,0.1613163307815052,0.6152427361114481,10.523259637527614,0.1613163307815052,6,6,1,12,1,270,62.69001283035693,48.8850298374284,111.57504266778533,111.57504266778533,0.0,33.47251280033559,111.57504266778533,100.4175384010068,48.8850298374284,0.5618641170231629,0.4381358829768371,7.885953643518352,21.99826342684278,2429.707623563389,62.69001283035693,175.4169210288331,111.57504266778533,33.47251280033559,22.315008533557062,0.1230485472222896,111.57504266778533,62.69001283035693,0.0,111.57504266778533,62.69001283035693,48.8850298374284,111.57504266778533,0.0,0.0,7.885953643518351,21.99826342684278
2020-01-12 07:00:00,53.79876889824891,18.699846565884453,175.4169210288331,0.2270570952620879,0.0357097711290322,10.621116841738308,0.2270570952620879,7,6,1,12,1,271,18.699846565884453,35.09892233236445,53.79876889824891,53.79876889824891,0.0,16.139630669474673,53.79876889824891,48.41889200842402,35.09892233236445,0.3475887450371213,0.6524112549628786,7.969459351616299,15.794515049564003,2125.191488117113,18.699846565884453,175.4169210288331,53.79876889824891,16.139630669474673,10.759753779649785,0.0071419542258064,53.79876889824891,18.699846565884453,0.0,53.79876889824891,18.699846565884453,35.09892233236445,53.79876889824891,0.0,0.0,7.969459351616299,15.794515049564003
2020-01-12 08:00:00,88.79875768895785,73.6154372690768,175.4169210288331,0.2731943763596823,0.386782035829595,13.557729969158496,0.2731943763596823,8,6,1,12,1,272,73.6154372690768,15.183320419881042,88.79875768895785,88.79875768895785,0.0,26.639627306687355,88.79875768895785,79.91888192006206,15.183320419881042,0.8290142698497561,0.1709857301502439,4.147997753178631,6.832494188946469,3412.353301817059,73.6154372690768,175.4169210288331,88.79875768895785,26.639627306687355,17.75975153779157,0.077356407165919,88.79875768895785,73.6154372690768,13.319813653343678,75.47894403561418,73.6154372690768,1.8635067665373697,75.47894403561418,0.0,0.0,0.5090995689262248,0.8385780449418164
2020-01-12 09:00:00,102.052711251664,78.92069446044725,175.4169210288331,0.2369970182053909,0.519727663935926,10.709778438355215,0.2369970182053909,9,6,1,12,1,273,78.92069446044725,23.132016791216746,102.052711251664,102.052711251664,0.0,30.6158133754992,102.052711251664,91.8474401264976,23.132016791216746,0.7733326581184822,0.2266673418815178,5.482219004595404,10.409407556047537,91.32752787027314,78.92069446044725,175.4169210288331,102.052711251664,30.6158133754992,20.4105422503328,0.1039455327871852,102.052711251664,78.92069446044725,0.0,102.052711251664,78.92069446044725,23.132016791216742,102.052711251664,0.0,0.0,5.482219004595402,10.409407556047535
2020-01-12 10:00:00,106.74823986731414,78.61453711399409,175.4169210288331,0.2867016827900922,0.5668268180219466,18.954986519957508,0.2867016827900922,10,6,1,12,1,274,78.61453711399409,28.13370275332005,106.74823986731414,106.74823986731414,0.0,32.02447196019424,106.74823986731414,96.07341588058271,28.13370275332005,0.7364480876847275,0.2635519123152725,8.06597992249311,12.660166238994025,25.110594784288548,78.61453711399409,175.4169210288331,106.74823986731414,32.02447196019424,21.34964797346283,0.1133653636043893,106.74823986731414,78.61453711399409,16.01223598009712,90.73600388721702,78.61453711399409,12.121466773222934,90.73600388721702,0.0,0.0,3.4752449217672043,5.454660047950321
2020-01-12 11:00:00,145.6485672239449,28.272722644280684,175.4169210288331,0.1391517424530174,0.9570219722075656,21.544164398635704,0.1391517424530174,11,6,1,12,1,275,28.272722644280684,117.3758445796642,145.6485672239449,145.6485672239449,0.0,43.69457016718346,145.6485672239449,131.0837105015504,117.3758445796642,0.1941160368629606,0.8058839631370394,16.33305329515483,52.81913006084889,10498.458161856372,28.272722644280684,175.4169210288331,145.6485672239449,43.69457016718346,29.12971344478898,0.1914043944415131,145.6485672239449,28.272722644280684,0.0,145.6485672239449,28.272722644280684,117.3758445796642,145.6485672239449,0.0,0.0,16.33305329515483,52.81913006084889
2020-01-12 12:00:00,62.52618049043327,40.33529038777774,175.4169210288331,0.2736379587790232,0.1232512892410455,31.346711840292564,0.2736379587790232,12,6,1,12,1,276,40.33529038777774,22.19089010265553,62.52618049043327,62.52618049043327,0.0,18.75785414712998,62.52618049043327,56.27356244138994,22.19089010265553,0.6450944239901105,0.3549055760098894,6.072269871180287,9.985900546194989,9205.681099356669,40.33529038777774,175.4169210288331,62.52618049043327,18.75785414712998,12.505236098086655,0.0246502578482091,62.52618049043327,40.33529038777774,9.37892707356499,53.14725341686828,40.33529038777774,12.811963029090542,53.14725341686828,0.0,0.0,3.505839411232647,5.765383363090744
2020-01-12 13:00:00,73.89621391958056,43.36603169398615,175.4169210288331,0.1505173538209306,0.2372999939295304,15.583649456173603,0.1505173538209306,13,6,1,12,1,277,43.36603169398615,30.53018222559441,73.89621391958056,73.89621391958056,0.0,22.16886417587417,73.89621391958056,66.5065925276225,30.53018222559441,0.586850521749062,0.4131494782509379,4.595322240267281,13.738582001517484,78.72918597686831,43.36603169398615,175.4169210288331,73.89621391958056,22.16886417587417,14.779242783916112,0.047459998785906,73.89621391958056,43.36603169398615,0.0,73.89621391958056,43.36603169398615,30.53018222559441,73.89621391958056,0.0,0.0,4.59532224026728,13.738582001517484
2020-01-12 14:00:00,90.34001265562937,24.53435459590784,175.4169210288331,0.1179997851543094,0.4022418085416935,12.662640699991448,0.1179997851543094,14,6,1,12,1,278,24.53435459590784,65.80565805972151,90.34001265562937,90.34001265562937,0.0,27.102003796688805,90.34001265562937,81.30601139006642,65.80565805972151,0.2715779406566092,0.7284220593433907,7.765053512985093,29.61254612687468,1598.9912576503723,24.53435459590784,175.4169210288331,90.34001265562937,27.102003796688805,18.06800253112587,0.0804483617083387,90.34001265562937,24.53435459590784,0.0,90.34001265562937,24.53435459590784,65.80565805972152,90.34001265562937,0.0,0.0,7.765053512985088,29.612546126874687
2020-01-12 15:00:00,127.62662973420402,52.61085626320174,175.4169210288331,0.1114810293932908,0.7762504169179576,31.348288701321632,0.1114810293932908,15,6,1,12,1,279,52.61085626320174,75.01577347100228,127.62662973420402,127.62662973420402,0.0,38.287988920261206,127.62662973420402,114.8639667607836,75.01577347100228,0.4122247557016072,0.5877752442983927,8.362835647281253,33.75709806195103,873.1161717626688,52.61085626320174,175.4169210288331,127.62662973420402,38.287988920261206,25.525325946840805,0.1552500833835915,127.62662973420402,52.61085626320174,0.0,127.62662973420402,52.61085626320174,75.01577347100228,127.62662973420402,0.0,0.0,8.36283564728125,33.75709806195103
2020-01-12 16:00:00,61.16587410898675,14.850587660067276,175.4169210288331,0.2740887897699399,0.1096065465276469,11.467417778175111,0.2740887897699399,16,6,1,12,1,280,14.850587660067276,46.31528644891947,61.16587410898675,61.16587410898675,0.0,18.349762232696023,61.16587410898675,55.04928669808808,46.31528644891947,0.2427920450152672,0.7572079549847328,12.694500810632436,20.841878902013764,2249.555840285606,14.850587660067276,175.4169210288331,61.16587410898675,18.349762232696023,12.23317482179735,0.0219213093055293,61.16587410898675,14.850587660067276,9.174881116348011,51.99099299263874,14.850587660067276,37.14040533257146,51.99099299263874,0.0,0.0,10.179768749169533,16.713182399657157
2020-01-12 17:00:00,125.87869104949728,68.35731101221707,175.4169210288331,0.2519748728163024,0.7587174743713984,14.081059886459144,0.2519748728163024,17,6,1,12,1,281,68.35731101221707,57.52138003728021,125.87869104949728,125.87869104949728,0.0,37.76360731484918,125.87869104949728,113.29082194454756,57.52138003728021,0.5430411648095229,0.4569588351904771,14.493942419111876,25.88462101677609,2988.545977394592,68.35731101221707,175.4169210288331,125.87869104949728,37.76360731484918,25.175738209899457,0.1517434948742796,125.87869104949728,68.35731101221707,18.88180365742459,106.9968873920727,68.35731101221707,38.639576379855626,106.9968873920727,0.0,0.0,9.736202343989923,17.38780937093503
2020-01-12 18:00:00,110.53588275035504,31.779231442429207,175.4169210288331,0.214281182635614,0.6048192977560864,23.01906280626864,0.214281182635614,18,6,1,12,1,282,31.779231442429207,78.75665130792582,110.53588275035504,110.53588275035504,0.0,33.160764825106504,110.53588275035504,99.48229447531952,78.75665130792582,0.2875014941003593,0.7124985058996407,16.876068382683027,35.44049308856662,1788.8926509516389,31.779231442429207,175.4169210288331,110.53588275035504,33.160764825106504,22.107176550071006,0.1209638595512173,110.53588275035504,31.779231442429207,0.0,110.53588275035504,31.779231442429207,78.75665130792584,110.53588275035504,0.0,0.0,16.876068382683023,35.440493088566626
2020-01-12 19:00:00,135.45937477230552,15.20424593412644,175.4169210288331,0.152469936839488,0.854817857490349,22.109280095973844,0.152469936839488,19,6,1,12,1,283,15.20424593412644,120.25512883817908,135.45937477230552,135.45937477230552,0.0,40.63781243169166,135.45937477230552,121.91343729507496,120.25512883817908,0.1122421091909168,0.8877578908090831,18.335291898581666,54.11480797718058,1996.8537819293808,15.20424593412644,175.4169210288331,135.45937477230552,40.63781243169166,27.091874954461105,0.1709635714980698,135.45937477230552,15.20424593412644,0.0,135.45937477230552,15.20424593412644,120.25512883817908,135.45937477230552,0.0,0.0,18.335291898581655,54.11480797718058
2020-01-12 20:00:00,114.47084439050388,29.355040541476495,175.4169210288331,0.1624685695405033,0.6442894788117906,15.294786201310483,0.1624685695405033,20,6,1,12,1,284,29.355040541476495,85.11580384902737,114.47084439050388,114.47084439050388,0.0,34.34125331715116,114.47084439050388,103.02375995145348,85.11580384902737,0.2564411986106717,0.7435588013893283,13.828642896641544,38.30211173206232,1435.0171487126288,29.355040541476495,175.4169210288331,114.47084439050388,34.34125331715116,22.89416887810077,0.1288578957623581,114.47084439050388,29.355040541476495,0.0,114.47084439050388,29.355040541476495,85.11580384902739,114.47084439050388,0.0,0.0,13.828642896641544,38.30211173206232
2020-01-12 21:00:00,99.99714636417488,17.152293583579556,175.4169210288331,0.1122037750719985,0.4991090338956406,13.937488403048512,0.1122037750719985,21,6,1,12,1,285,17.152293583579556,82.84485278059532,99.99714636417488,99.99714636417488,0.0,29.999143909252464,99.99714636417488,89.9974317277574,82.84485278059532,0.17152783061542,0.8284721693845799,9.295505227266748,37.28018375126789,154.06425207367573,17.152293583579556,175.4169210288331,99.99714636417488,29.999143909252464,19.999429272834977,0.0998218067791281,99.99714636417488,17.152293583579556,0.0,99.99714636417488,17.152293583579556,82.84485278059532,99.99714636417488,0.0,0.0,9.295505227266746,37.28018375126789
2020-01-12 22:00:00,147.92144813664532,37.3666088849877,175.4169210288331,0.2456776566480521,0.9798204209210192,28.58245891369652,0.2456776566480521,22,6,1,12,1,286,37.3666088849877,110.55483925165764,147.92144813664532,147.92144813664532,0.0,44.3764344409936,147.92144813664532,133.1293033229808,110.55483925165764,0.2526111619085122,0.7473888380914878,27.16085383844934,49.74967766324593,1176.4618933311997,37.3666088849877,175.4169210288331,147.92144813664532,44.3764344409936,29.584289627329067,0.1959640841842038,147.92144813664532,37.3666088849877,0.0,147.92144813664532,37.3666088849877,110.55483925165763,147.92144813664532,0.0,0.0,27.160853838449334,49.74967766324593
2020-01-12 23:00:00,83.26909641562764,53.36687786716668,175.4169210288331,0.200754533720686,0.3313159978870237,24.3411252082429,0.200754533720686,23,6,1,12,1,287,53.36687786716668,29.902218548460965,83.26909641562764,83.26909641562764,0.0,24.980728924688293,83.26909641562764,74.94218677406488,29.902218548460965,0.6408965650448799,0.3591034349551201,6.00300594191033,13.455998346807435,6760.853833795785,53.36687786716668,175.4169210288331,83.26909641562764,24.980728924688293,16.65381928312553,0.0662631995774047,83.26909641562764,53.36687786716668,0.0,83.26909641562764,53.36687786716668,29.902218548460965,83.26909641562764,0.0,0.0,6.003005941910329,13.455998346807435
2020-01-13 00:00:00,106.511954494053,26.27615523843599,175.4169210288331,0.1245792295613658,0.5644567246598474,29.702241565530247,0.1245792295613658,0,0,1,13,0,288,26.27615523843599,80.23579925561702,106.511954494053,106.511954494053,0.0,31.953586348215904,106.511954494053,95.86075904464772,80.23579925561702,0.2466967709235219,0.7533032290764781,9.99571405450518,36.10610966502766,3267.3765993506136,26.27615523843599,175.4169210288331,106.511954494053,31.953586348215904,21.302390898810604,0.1128913449319694,106.511954494053,26.27615523843599,0.0,106.511954494053,26.27615523843599,80.23579925561701,106.511954494053,0.0,0.0,9.995714054505175,36.10610966502765
2020-01-13 01:00:00,106.01206013642316,15.535471066181437,175.4169210288331,0.1356554238935902,0.5594424646469776,12.547753870880722,0.1356554238935902,1,0,1,13,0,289,15.535471066181437,90.47658907024172,106.01206013642316,106.01206013642316,0.0,31.803618040926946,106.01206013642316,95.41085412278083,90.47658907024172,0.1465443747266998,0.8534556252733002,12.273640042769816,40.71446508160878,220.23607251544064,15.535471066181437,175.4169210288331,106.01206013642316,31.803618040926946,21.202412027284637,0.1118884929293955,106.01206013642316,15.535471066181437,0.0,106.01206013642316,15.535471066181437,90.47658907024172,106.01206013642314,1.4210854715202004e-14,0.0,12.27364004276981,40.71446508160877
2020-01-13 02:00:00,67.17279282879879,54.41929195066048,175.4169210288331,0.2826702715198567,0.1698597817914375,20.447059175596927,0.2826702715198567,2,0,1,13,0,290,54.41929195066048,12.753500878138311,67.17279282879879,67.17279282879879,0.0,20.15183784863964,67.17279282879879,60.45551354591891,12.753500878138311,0.8101388919373538,0.1898611080626461,3.605035556052087,5.73907539516224,7552.829964693734,54.41929195066048,175.4169210288331,67.17279282879879,20.15183784863964,13.434558565759758,0.0339719563582875,67.17279282879879,54.41929195066048,10.075918924319819,57.09687390447897,54.41929195066048,2.677581953818489,57.09687390447897,0.0,0.0,0.7568728179025407,1.2049118792183202
2020-01-13 03:00:00,92.92811619632008,22.345264514643077,175.4169210288331,0.1315344015545163,0.4282021417504585,23.75204613259178,0.1315344015545163,3,0,1,13,0,291,22.345264514643077,70.58285168167701,92.92811619632008,92.92811619632008,0.0,27.878434858896025,92.92811619632008,83.63530457668809,70.58285168167701,0.2404575216766089,0.7595424783233911,9.28407315596057,31.762283256754657,4372.977050325139,22.345264514643077,175.4169210288331,92.92811619632008,27.878434858896025,18.58562323926402,0.0856404283500917,92.92811619632008,22.345264514643077,0.0,92.92811619632008,22.345264514643077,70.582851681677,92.92811619632008,0.0,0.0,9.284073155960568,31.76228325675465
2020-01-13 04:00:00,76.46428840406477,19.54488277594153,175.4169210288331,0.2885314203308982,0.2630594228990315,21.307616720842447,0.2885314203308982,4,0,1,13,0,292,19.54488277594153,56.91940562812324,76.46428840406477,76.46428840406477,0.0,22.939286521219437,76.46428840406477,68.8178595636583,56.91940562812324,0.2556079862099722,0.7443920137900277,16.423036950272923,25.61373253265546,194.5318959408272,19.54488277594153,175.4169210288331,76.46428840406477,22.939286521219437,15.292857680812956,0.0526118845798063,76.46428840406477,19.54488277594153,11.469643260609717,64.99464514345506,19.54488277594153,45.44976236751353,64.99464514345506,0.0,0.0,13.113684489600484,20.452393065381088
2020-01-13 05:00:00,128.2974868847731,78.69940350475926,175.4169210288331,0.2867359393806638,0.7829795430485171,13.338381277666976,0.2867359393806638,5,0,1,13,0,293,78.69940350475926,49.59808338001383,128.2974868847731,128.2974868847731,0.0,38.48924606543193,128.2974868847731,115.46773819629578,49.59808338001383,0.6134134457009356,0.3865865542990643,14.221553029448756,22.319137521006223,3552.859082116788,78.69940350475926,175.4169210288331,128.2974868847731,38.48924606543193,25.65949737695462,0.1565959086097034,128.2974868847731,78.69940350475926,19.244623032715964,109.05286385205713,78.69940350475926,30.35346034729787,109.05286385205713,0.0,0.0,8.703427966136184,13.65905715628404
2020-01-13 06:00:00,59.42138543166939,35.84700767751784,175.4169210288331,0.1240051696518779,0.0921082097609542,11.019319811533808,0.1240051696518779,6,0,1,13,0,294,35.84700767751784,23.57437775415156,59.42138543166939,59.42138543166939,0.0,17.82641562950082,59.42138543166939,53.47924688850245,23.57437775415156,0.6032677867926773,0.3967322132073226,2.923344712841021,10.6084699893682,2513.561082636114,35.84700767751784,175.4169210288331,59.42138543166939,17.82641562950082,11.88427708633388,0.0184216419521908,59.42138543166939,35.84700767751784,0.0,59.42138543166939,35.84700767751784,23.574377754151556,59.42138543166939,0.0,0.0,2.9233447128410197,10.608469989368201
2020-01-13 07:00:00,125.6218188603263,72.39827022315228,175.4169210288331,0.2205726493179474,0.7561408820836092,16.950292031109363,0.2205726493179474,7,0,1,13,0,295,72.39827022315228,53.22354863717402,125.6218188603263,125.6218188603263,0.0,37.68654565809789,125.6218188603263,113.05963697429368,53.22354863717402,0.5763192324388243,0.4236807675611757,11.739659129004108,23.95059688672831,2215.068127730566,72.39827022315228,175.4169210288331,125.6218188603263,37.68654565809789,25.124363772065266,0.1512281764167218,125.6218188603263,72.39827022315228,0.0,125.6218188603263,72.39827022315228,53.22354863717402,125.6218188603263,0.0,0.0,11.739659129004103,23.95059688672831
2020-01-13 08:00:00,146.86546652941308,43.288236285941565,175.4169210288331,0.1632766096996934,0.969228250262051,25.164146911122472,0.1632766096996934,8,0,1,13,0,296,43.288236285941565,103.57723024347152,146.86546652941308,146.86546652941308,0.0,44.05963995882392,146.86546652941308,132.17891987647178,103.57723024347152,0.2947475489568008,0.7052524510431992,16.911738996238583,46.60975360956218,3382.8873271339426,43.288236285941565,175.4169210288331,146.86546652941308,44.05963995882392,29.37309330588262,0.1938456500524102,146.86546652941308,43.288236285941565,0.0,146.86546652941308,43.288236285941565,103.57723024347152,146.86546652941308,0.0,0.0,16.91173899623858,46.60975360956218
2020-01-13 09:00:00,128.33196836038022,26.048558244644347,175.4169210288331,0.2850287277769404,0.7833254142944767,10.586437950306312,0.2850287277769404,9,0,1,13,0,297,26.048558244644347,102.28341011573588,128.33196836038022,128.33196836038022,0.0,38.49959050811406,128.33196836038022,115.4987715243422,102.28341011573588,0.2029779374340703,0.7970220625659298,29.15371025797524,46.02753455208114,298.8804694905193,26.048558244644347,175.4169210288331,128.33196836038022,38.49959050811406,25.666393672076044,0.1566650828588953,128.33196836038022,26.048558244644347,19.24979525405703,109.08217310632318,26.048558244644347,83.03361486167884,109.08217310632318,0.0,0.0,23.66696560674477,37.36512668775548
2020-01-13 10:00:00,86.42134591052928,71.00135468935594,175.4169210288331,0.290403797879639,0.3629350757014171,25.32828211844499,0.290403797879639,10,0,1,13,0,298,71.00135468935594,15.419991221173348,86.42134591052928,86.42134591052928,0.0,25.926403773158786,86.42134591052928,77.77921131947636,15.419991221173348,0.8215719616639917,0.1784280383360082,4.478024013899432,6.938996049528007,9566.007450251916,71.00135468935594,175.4169210288331,86.42134591052928,25.926403773158786,17.284269182105856,0.0725870151402834,86.42134591052928,71.00135468935594,12.963201886579393,73.45814402394988,71.00135468935594,2.4567893345939495,73.45814402394988,0.0,0.0,0.7134609533562741,1.1055552005672773
2020-01-13 11:00:00,80.23144870723402,67.54697309363061,175.4169210288331,0.1304468283823445,0.3008464492615876,24.883394287508104,0.1304468283823445,11,0,1,13,0,299,67.54697309363061,12.68447561360341,80.23144870723402,80.23144870723402,0.0,24.069434612170205,80.23144870723402,72.20830383651062,12.68447561360341,0.8419014511393246,0.1580985488606754,1.6546496134877589,5.708014026121535,19.41579784814455,67.54697309363061,175.4169210288331,80.23144870723402,24.069434612170205,16.046289741446806,0.0601692898523175,80.23144870723402,67.54697309363061,0.0,80.23144870723402,67.54697309363061,12.68447561360341,80.23144870723402,0.0,0.0,1.6546496134877582,5.708014026121535
2020-01-13 12:00:00,141.123324042432,46.62092798505126,175.4169210288331,0.1733799854519839,0.9116308898973836,34.82820922517034,0.1733799854519839,12,0,1,13,0,300,46.62092798505126,94.50239605738074,141.123324042432,141.123324042432,0.0,42.33699721272959,141.123324042432,127.0109916381888,94.50239605738074,0.3303559372725206,0.6696440627274794,16.384824053606298,42.52607822582133,7132.071469630573,46.62092798505126,175.4169210288331,141.123324042432,42.33699721272959,28.2246648084864,0.1823261779794767,141.123324042432,46.62092798505126,0.0,141.123324042432,46.62092798505126,94.50239605738074,141.123324042432,0.0,0.0,16.384824053606295,42.52607822582133
2020-01-13 13:00:00,123.0063382251941,38.96831392639675,175.4169210288331,0.1881498373363316,0.7299059391141395,16.042429463541755,0.1881498373363316,13,0,1,13,0,301,38.96831392639675,84.03802429879735,123.0063382251941,123.0063382251941,0.0,36.90190146755823,123.0063382251941,110.7057044026747,84.03802429879735,0.3167992356219517,0.6832007643780483,15.811740601885404,37.81711093445881,168.0655782325541,38.96831392639675,175.4169210288331,123.0063382251941,36.90190146755823,24.60126764503882,0.1459811878228279,123.0063382251941,38.96831392639675,0.0,123.0063382251941,38.96831392639675,84.03802429879735,123.0063382251941,0.0,0.0,15.811740601885404,37.81711093445881
2020-01-13 14:00:00,118.65362263090852,24.788908757829702,175.4169210288331,0.2386636512213827,0.6862454188088032,18.285768853116657,0.2386636512213827,14,0,1,13,0,302,24.788908757829702,93.86471387307884,118.65362263090852,118.65362263090852,0.0,35.596086789272555,118.65362263090852,106.78826036781768,93.86471387307884,0.2089182631611649,0.7910817368388351,22.40209533379937,42.239121242885474,297.61935892367813,24.788908757829702,175.4169210288331,118.65362263090852,35.596086789272555,23.730724526181707,0.1372490837617606,118.65362263090852,24.788908757829702,0.0,118.65362263090852,24.788908757829702,93.86471387307881,118.65362263090852,0.0,0.0,22.402095333799362,42.23912124288547
2020-01-13 15:00:00,149.0915727052065,24.16530568530049,175.4169210288331,0.1721832792727079,0.99155751845905,27.89616168333659,0.1721832792727079,15,0,1,13,0,303,24.16530568530049,124.926267019906,149.0915727052065,149.0915727052065,0.0,44.72747181156195,149.0915727052065,134.18241543468585,124.926267019906,0.1620836459555074,0.8379163540444925,21.510214322785355,56.216820158957695,965.2089646852364,24.16530568530049,175.4169210288331,149.0915727052065,44.72747181156195,29.8183145410413,0.19831150369181,149.0915727052065,24.16530568530049,0.0,149.0915727052065,24.16530568530049,124.92626701990599,149.0915727052065,0.0,0.0,21.51021432278535,56.216820158957695
2020-01-13 16:00:00,110.98223245552198,48.06409135777216,175.4169210288331,0.1760285702169683,0.6092964706711529,12.522849677439805,0.1760285702169683,16,0,1,13,0,304,48.06409135777216,62.91814109774982,110.98223245552198,110.98223245552198,0.0,33.294669736656594,110.98223245552198,99.8840092099698,62.91814109774982,0.4330791541523069,0.5669208458476931,11.075390418146377,28.313163493987417,4416.159636996714,48.06409135777216,175.4169210288331,110.98223245552198,33.294669736656594,22.1964464911044,0.1218592941342305,110.98223245552198,48.06409135777216,0.0,110.98223245552198,48.06409135777216,62.91814109774982,110.98223245552198,0.0,0.0,11.075390418146373,28.313163493987417
2020-01-13 17:00:00,67.04337356131364,28.214775290451275,175.4169210288331,0.1559624354725333,0.1685616237947709,16.4466668692869,0.1559624354725333,17,0,1,13,0,305,28.214775290451275,38.82859827086237,67.04337356131364,67.04337356131364,0.0,20.11301206839409,67.04337356131364,60.33903620518228,38.82859827086237,0.4208436090204772,0.5791563909795229,6.055802752308292,17.472869221888068,974.3014219488476,28.214775290451275,175.4169210288331,67.04337356131364,20.11301206839409,13.40867471226273,0.0337123247589541,67.04337356131364,28.214775290451275,0.0,67.04337356131364,28.214775290451275,38.82859827086237,67.04337356131364,0.0,0.0,6.055802752308291,17.472869221888068
2020-01-13 18:00:00,85.67008375337544,18.39372881410484,175.4169210288331,0.100525161773302,0.3553994359481311,17.511401325272182,0.100525161773302,18,0,1,13,0,306,18.39372881410484,67.2763549392706,85.67008375337544,85.67008375337544,0.0,25.70102512601263,85.67008375337544,77.1030753780379,67.2763549392706,0.2147042235543526,0.7852957764456474,6.762966463788267,30.27435972267177,905.727813355522,18.39372881410484,175.4169210288331,85.67008375337544,25.70102512601263,17.134016750675087,0.0710798871896262,85.67008375337544,18.39372881410484,0.0,85.67008375337544,18.39372881410484,67.27635493927059,85.67008375337542,1.4210854715202004e-14,0.0,6.762966463788261,30.274359722671765
2020-01-13 19:00:00,102.09393132355156,77.66129946024567,175.4169210288331,0.1082174380269339,0.520141127610878,19.73210919819683,0.1082174380269339,19,0,1,13,0,307,77.66129946024567,24.4326318633059,102.09393132355156,102.09393132355156,0.0,30.62817939706547,102.09393132355156,91.8845381911964,24.4326318633059,0.7606847777672986,0.2393152222327014,2.644036824502199,10.994684338487655,5348.229537305246,77.66129946024567,175.4169210288331,102.09393132355156,30.62817939706547,20.41878626471032,0.1040282255221756,102.09393132355156,77.66129946024567,0.0,102.09393132355156,77.66129946024567,24.432631863305886,102.09393132355156,0.0,0.0,2.6440368245021952,10.99468433848765
2020-01-13 20:00:00,88.7364174381976,45.28302076844837,175.4169210288331,0.2107262707334601,0.3861567232574319,15.196598287787491,0.2107262707334601,20,0,1,13,0,308,45.28302076844837,43.45339666974924,88.7364174381976,88.7364174381976,0.0,26.62092523145928,88.7364174381976,79.86277569437785,43.45339666974924,0.5103093191697389,0.489690680830261,9.156772230918016,19.55402850138716,1410.142424865729,45.28302076844837,175.4169210288331,88.7364174381976,26.62092523145928,17.74728348763952,0.0772313446514863,88.7364174381976,45.28302076844837,0.0,88.7364174381976,45.28302076844837,43.45339666974924,88.7364174381976,0.0,0.0,9.156772230918012,19.554028501387158
2020-01-13 21:00:00,64.67389571084018,61.12924577799346,175.4169210288331,0.1088506908340553,0.144794246036514,29.01565342897189,0.1088506908340553,21,0,1,13,0,309,61.12924577799346,3.544649932846724,64.67389571084018,64.67389571084018,0.0,19.402168713252056,64.67389571084018,58.206506139756165,3.544649932846724,0.9451919527363094,0.0548080472636905,0.3858375939552538,1.5950924697810258,1843.8109131633596,61.12924577799346,175.4169210288331,64.67389571084018,19.402168713252056,12.934779142168038,0.0289588492073028,64.67389571084018,61.12924577799346,0.0,64.67389571084018,61.12924577799346,3.544649932846724,64.67389571084018,0.0,0.0,0.38583759395525363,1.5950924697810258
2020-01-13 22:00:00,52.42865334942457,36.07082959536956,175.4169210288331,0.2958595778702386,0.0219666361953746,34.13433605092428,0.2958595778702386,22,0,1,13,0,310,36.07082959536956,16.357823754055012,52.42865334942457,52.42865334942457,0.0,15.72859600482737,52.42865334942457,47.185788014482114,16.357823754055012,0.6879983995577001,0.3120016004422998,4.839618830750478,7.361020689324755,792.1016449540848,36.07082959536956,175.4169210288331,52.42865334942457,15.72859600482737,10.485730669884916,0.0043933272390749,52.42865334942457,36.07082959536956,7.864298002413685,44.56435534701089,36.07082959536956,8.493525751641329,44.56435534701089,0.0,0.0,2.5128909435106044,3.822086588238598
2020-01-13 23:00:00,68.75731248004172,34.37448058331415,175.4169210288331,0.2391609975433184,0.1857535269509237,31.54745175930077,0.2391609975433184,23,0,1,13,0,311,34.37448058331415,34.382831896727566,68.75731248004172,68.75731248004172,0.0,20.62719374401252,68.75731248004172,61.88158123203755,34.382831896727566,0.49993926963466,0.5000607303653399,8.223032374785591,15.472274353527403,327.7785185141132,34.37448058331415,175.4169210288331,68.75731248004172,20.62719374401252,13.751462496008344,0.0371507053901847,68.75731248004172,34.37448058331415,0.0,68.75731248004172,34.37448058331415,34.382831896727566,68.75731248004172,0.0,0.0,8.223032374785591,15.472274353527405
2020-01-14 00:00:00,79.57237206968124,36.67343306624327,175.4169210288331,0.1416212894941339,0.2942354892084144,10.475238221543416,0.1416212894941339,0,1,1,14,0,312,36.67343306624327,42.89893900343797,79.57237206968124,79.57237206968124,0.0,23.87171162090437,79.57237206968124,71.61513486271312,42.89893900343797,0.4608814857766019,0.5391185142233981,6.075403059597082,19.304522551547084,77.80926277172934,36.67343306624327,175.4169210288331,79.57237206968124,23.87171162090437,15.914474413936247,0.0588470978416828,79.57237206968124,36.67343306624327,0.0,79.57237206968124,36.67343306624327,42.89893900343797,79.57237206968124,0.0,0.0,6.075403059597081,19.304522551547084
2020-01-14 01:00:00,67.15174572509684,52.799504877401226,175.4169210288331,0.2762346057330164,0.1696486658849092,12.313720130089145,0.2762346057330164,1,1,1,14,0,313,52.799504877401226,14.35224084769562,67.15174572509684,67.15174572509684,0.0,20.14552371752905,67.15174572509684,60.43657115258716,14.35224084769562,0.786271515465134,0.213728484534866,3.964585591948492,6.458508381463028,1074.964167653687,52.799504877401226,175.4169210288331,67.15174572509684,20.14552371752905,13.43034914501937,0.0339297331769818,67.15174572509684,52.799504877401226,10.072761858764526,57.07898386633232,52.799504877401226,4.279478988931096,57.07898386633232,0.0,0.0,1.182140191250109,1.9257655450189934
2020-01-14 02:00:00,120.07676521299466,34.7014143344788,175.4169210288331,0.1675151108170775,0.7005204487887389,18.094963484370776,0.1675151108170775,2,1,1,14,0,314,34.7014143344788,85.37535087851586,120.07676521299466,120.07676521299466,0.0,36.0230295638984,120.07676521299466,108.0690886916952,85.37535087851586,0.2889935806725365,0.7110064193274634,14.30166136346146,38.41890789533214,5371.823039749818,34.7014143344788,175.4169210288331,120.07676521299466,36.0230295638984,24.01535304259893,0.1401040897577477,120.07676521299466,34.7014143344788,0.0,120.07676521299466,34.7014143344788,85.37535087851586,120.07676521299466,0.0,0.0,14.30166136346146,38.41890789533214
2020-01-14 03:00:00,108.3808269303571,70.89382257769708,175.4169210288331,0.2163969491108277,0.5832027100535315,13.951013814524938,0.2163969491108277,3,1,1,14,0,315,70.89382257769708,37.48700435266002,108.3808269303571,108.3808269303571,0.0,32.514248079107126,108.3808269303571,97.5427442373214,37.48700435266002,0.6541177492883657,0.3458822507116343,8.11207337321995,16.86915195869701,3603.184147424224,70.89382257769708,175.4169210288331,108.3808269303571,32.514248079107126,21.67616538607142,0.1166405420107063,108.3808269303571,70.89382257769708,0.0,108.3808269303571,70.89382257769708,37.48700435266002,108.3808269303571,0.0,0.0,8.112073373219948,16.86915195869701
2020-01-14 04:00:00,136.01207038066346,21.179087218982936,175.4169210288331,0.2050841949581242,0.8603617478063307,21.928211180398133,0.2050841949581242,4,1,1,14,0,316,21.179087218982936,114.83298316168052,136.01207038066346,136.01207038066346,0.0,40.80362111419904,136.01207038066346,122.41086334259712,114.83298316168052,0.1557147623715161,0.8442852376284838,23.55042990635308,51.67484242275624,8453.955349712429,21.179087218982936,175.4169210288331,136.01207038066346,40.80362111419904,27.20241407613269,0.1720723495612661,136.01207038066346,21.179087218982936,0.0,136.01207038066346,21.179087218982936,114.83298316168052,136.01207038066346,0.0,0.0,23.55042990635308,51.674842422756235
2020-01-14 05:00:00,127.6168108314159,32.191365322840305,175.4169210288331,0.1374275531649612,0.776151927045309,11.314162591673346,0.1374275531649612,5,1,1,14,0,317,32.191365322840305,95.4254455085756,127.6168108314159,127.6168108314159,0.0,38.28504324942477,127.6168108314159,114.85512974827432,95.4254455085756,0.2522501942582288,0.7477498057417711,13.11408548591988,42.94145047885902,497.9227867933818,32.191365322840305,175.4169210288331,127.6168108314159,38.28504324942477,25.52336216628318,0.1552303854090618,127.6168108314159,32.191365322840305,0.0,127.6168108314159,32.191365322840305,95.42544550857559,127.6168108314159,0.0,0.0,13.11408548591988,42.94145047885902
2020-01-14 06:00:00,103.73228964875176,34.69613747853878,175.4169210288331,0.1889935235942976,0.536574909091738,20.44363218893355,0.1889935235942976,6,1,1,14,0,318,34.69613747853878,69.036152170213,103.7322896487518,103.7322896487518,0.0,31.11968689462553,103.73228964875176,93.3590606838766,69.036152170213,0.3344776982752764,0.6655223017247235,13.047385654040674,31.06626847659585,702.6686864501106,34.69613747853878,175.4169210288331,103.73228964875176,31.11968689462553,20.74645792975036,0.1073149818183476,103.73228964875176,34.69613747853878,0.0,103.73228964875176,34.69613747853878,69.03615217021297,103.73228964875176,0.0,0.0,13.047385654040665,31.066268476595837
2020-01-14 07:00:00,70.85914004785423,53.985619314753386,175.4169210288331,0.2053465003330183,0.2068362012527478,11.95623603747054,0.2053465003330183,7,1,1,14,0,319,53.985619314753386,16.87352073310084,70.85914004785423,70.85914004785423,0.0,21.257742014356268,70.85914004785423,63.7732260430688,16.87352073310084,0.7618723467190622,0.2381276532809377,3.464918430838883,7.593084329895378,3093.024227953655,53.985619314753386,175.4169210288331,70.85914004785423,21.257742014356268,14.171828009570843,0.0413672402505495,70.85914004785423,53.985619314753386,0.0,70.85914004785423,53.985619314753386,16.87352073310084,70.85914004785423,0.0,0.0,3.4649184308388827,7.593084329895378
2020-01-14 08:00:00,102.43161624843664,49.00644580839135,175.4169210288331,0.1131147995900016,0.5235283233052411,23.65128511953843,0.1131147995900016,8,1,1,14,0,320,49.00644580839135,53.42517044004531,102.43161624843664,102.43161624843664,0.0,30.729484874531,102.43161624843664,92.188454623593,53.42517044004531,0.4784308556601468,0.5215691443398531,6.043177447387404,24.041326698020388,1360.8152651056312,49.00644580839135,175.4169210288331,102.43161624843664,30.729484874531,20.48632324968733,0.1047056646610482,102.43161624843664,49.00644580839135,0.0,102.43161624843664,49.00644580839135,53.42517044004529,102.43161624843664,0.0,0.0,6.043177447387401,24.04132669802038
2020-01-14 09:00:00,89.83586453435802,32.12627773502204,175.4169210288331,0.1676506028550007,0.3971848805598696,22.00002526081033,0.1676506028550007,9,1,1,14,0,321,32.12627773502204,57.70958679933598,89.83586453435802,89.83586453435802,0.0,26.950759360307405,89.83586453435802,80.85227808092222,57.70958679933598,0.3576108261610288,0.6423891738389712,9.675047017421669,25.96931405970119,303.29629772495394,32.12627773502204,175.4169210288331,89.83586453435802,26.950759360307405,17.967172906871607,0.0794369761119739,89.83586453435802,32.12627773502204,0.0,89.83586453435802,32.12627773502204,57.70958679933598,89.83586453435802,0.0,0.0,9.675047017421667,25.96931405970119
2020-01-14 10:00:00,59.40636335543892,67.1503466843431,175.4169210288331,0.1066414165139767,0.0919575287320467,34.009056263135875,0.1066414165139767,10,1,1,14,0,322,59.40636335543892,0.0,59.40636335543892,59.40636335543892,0.0,17.821909006631675,59.40636335543892,53.46572701989503,0.0,1.0,0.0,0.0,0.0,4074.5994800073695,67.1503466843431,175.4169210288331,59.40636335543892,17.821909006631675,11.881272671087784,0.0183915057464093,59.40636335543892,67.1503466843431,0.0,59.40636335543892,59.40636335543892,0.0,59.40636335543892,0.0,0.0,0.0,0.0
2020-01-14 11:00:00,139.90926673505692,49.722643205247,175.4169210288331,0.1820695587007944,0.8994531189007948,13.318520510457091,0.1820695587007944,11,1,1,14,0,323,49.722643205247,90.1866235298099,139.90926673505692,139.90926673505692,0.0,41.97278002051707,139.90926673505692,125.91834006155123,90.1866235298099,0.3553920649116521,0.6446079350883478,16.42023874678717,40.58398058841446,8227.401499654896,49.722643205247,175.4169210288331,139.90926673505692,41.97278002051707,27.981853347011384,0.1798906237801589,139.90926673505692,49.722643205247,0.0,139.90926673505692,49.722643205247,90.1866235298099,139.90926673505692,0.0,0.0,16.42023874678717,40.58398058841446
2020-01-14 12:00:00,97.253571675754,24.739894824054208,175.4169210288331,0.2284029516749172,0.4715892256751663,29.950294681136395,0.2284029516749172,12,1,1,14,0,324,24.739894824054208,72.5136768516998,97.253571675754,97.253571675754,0.0,29.1760715027262,97.253571675754,87.5282145081786,72.5136768516998,0.2543854626392301,0.7456145373607699,16.56233782972935,32.63115458326491,936.4707609653144,24.739894824054208,175.4169210288331,97.253571675754,29.1760715027262,19.450714335150803,0.0943178451350332,97.253571675754,24.739894824054208,0.0,97.253571675754,24.739894824054208,72.5136768516998,97.253571675754,0.0,0.0,16.56233782972935,32.63115458326491
2020-01-14 13:00:00,91.69580608469418,38.11309575559111,175.4169210288331,0.209229903934879,0.4158412834573622,13.54490374568813,0.209229903934879,13,1,1,14,0,325,38.11309575559111,53.58271032910307,91.69580608469418,91.69580608469418,0.0,27.50874182540825,91.69580608469418,82.52622547622477,53.58271032910307,0.4156470986294424,0.5843529013705576,11.211105334728687,24.11221964809638,537.2239966349375,38.11309575559111,175.4169210288331,91.69580608469418,27.50874182540825,18.33916121693884,0.0831682566914724,91.69580608469418,38.11309575559111,0.0,91.69580608469418,38.11309575559111,53.58271032910307,91.69580608469418,0.0,0.0,11.211105334728686,24.11221964809638
2020-01-14 14:00:00,62.34639724771869,71.5924912117431,175.4169210288331,0.1777677055886081,0.1214479483727828,19.406561762295503,0.1777677055886081,14,1,1,14,0,326,62.34639724771869,0.0,62.34639724771869,62.34639724771869,0.0,18.703919174315605,62.34639724771869,56.11175752294682,0.0,1.0,0.0,0.0,0.0,3458.3597474209214,71.5924912117431,175.4169210288331,62.34639724771869,18.703919174315605,12.469279449543738,0.0242895896745565,62.34639724771869,71.5924912117431,0.0,62.34639724771869,62.34639724771869,0.0,62.34639724771869,0.0,0.0,0.0,0.0
2020-01-14 15:00:00,66.1204094654018,42.58004434952832,175.4169210288331,0.2047051386237373,0.1593037038186625,19.707223999767766,0.2047051386237373,15,1,1,14,0,327,42.58004434952832,23.54036511587349,66.1204094654018,66.1204094654018,0.0,19.83612283962054,66.1204094654018,59.50836851886163,23.54036511587349,0.6439773240032455,0.3560226759967546,4.818833704298273,10.593164302143071,944.8574966844324,42.58004434952832,175.4169210288331,66.1204094654018,19.83612283962054,13.224081893080362,0.0318607407637325,66.1204094654018,42.58004434952832,0.0,66.1204094654018,42.58004434952832,23.540365115873485,66.1204094654018,0.0,0.0,4.818833704298271,10.593164302143068
2020-01-14 16:00:00,104.0580207649281,65.41253821388628,175.4169210288331,0.2687453980271617,0.5398422004421233,32.14498091171786,0.2687453980271617,16,1,1,14,0,328,65.41253821388628,38.64548255104182,104.0580207649281,104.0580207649281,0.0,31.217406229478428,104.0580207649281,93.6522186884353,38.64548255104182,0.6286160137684748,0.3713839862315252,10.385795590131467,17.39046714796882,749.4873487961704,65.41253821388628,175.4169210288331,104.0580207649281,31.217406229478428,20.811604152985623,0.1079684400884246,104.0580207649281,65.41253821388628,15.608703114739214,88.44931765018889,65.41253821388628,23.03677943630261,88.44931765018889,0.0,0.0,6.191028458873078,10.366550746336175
2020-01-14 17:00:00,128.0614022876894,34.56641416735236,175.4169210288331,0.1717140190358957,0.7806114635998432,31.71521974128063,0.1717140190358957,17,1,1,14,0,329,34.56641416735236,93.49498812033704,128.0614022876894,128.0614022876894,0.0,38.41842068630682,128.0614022876894,115.25526205892044,93.49498812033704,0.2699206283068731,0.7300793716931269,16.054400169856397,42.07274465415166,3959.951629890304,34.56641416735236,175.4169210288331,128.0614022876894,38.41842068630682,25.61228045753788,0.1561222927199686,128.0614022876894,34.56641416735236,0.0,128.0614022876894,34.56641416735236,93.49498812033703,128.0614022876894,0.0,0.0,16.054400169856393,42.07274465415166
2020-01-14 18:00:00,107.92606416999402,59.00794639874725,175.4169210288331,0.2597026595684459,0.5786411488159883,10.088608683885983,0.2597026595684459,18,1,1,14,0,330,59.00794639874725,48.91811777124677,107.92606416999402,107.92606416999402,0.0,32.37781925099821,107.92606416999402,97.13345775299462,48.91811777124677,0.5467441702108585,0.4532558297891415,12.704165286275243,22.01315299706105,2584.485867937917,59.00794639874725,175.4169210288331,107.92606416999402,32.37781925099821,21.585212833998806,0.1157282297631976,107.92606416999402,59.00794639874725,16.188909625499104,91.73715454449491,59.00794639874725,32.72920814574766,91.73715454449491,0.0,0.0,8.499862401019913,14.72814366558645
2020-01-14 19:00:00,53.19051399587613,55.47600645799184,175.4169210288331,0.106656663933445,0.0296085855724266,10.280914633493436,0.106656663933445,19,1,1,14,0,331,53.19051399587613,0.0,53.19051399587613,53.19051399587613,0.0,15.957154198762838,53.19051399587613,47.87146259628852,0.0,1.0,0.0,0.0,0.0,2426.824766043544,55.47600645799184,175.4169210288331,53.19051399587613,15.957154198762838,10.638102799175227,0.0059217171144853,53.19051399587613,55.47600645799184,0.0,53.19051399587613,53.19051399587613,0.0,53.19051399587613,0.0,0.0,0.0,0.0
2020-01-14 20:00:00,135.99367015835605,46.86665287007962,175.4169210288331,0.2444613470911541,0.8601771818124647,16.388828777524303,0.2444613470911541,20,1,1,14,0,332,46.86665287007962,89.12701728827643,135.99367015835605,135.99367015835605,0.0,40.79810104750681,135.99367015835605,122.39430314252046,89.12701728827643,0.344623781500318,0.655376218499682,21.78811070850864,40.1071577797244,7983.616430243087,46.86665287007962,175.4169210288331,135.99367015835605,40.79810104750681,27.19873403167121,0.1720354363624929,135.99367015835605,46.86665287007962,0.0,135.99367015835605,46.86665287007962,89.12701728827643,135.99367015835605,0.0,0.0,21.78811070850864,40.107157779724396
2020-01-14 21:00:00,93.5736811624602,26.718656287565366,175.4169210288331,0.191203035848726,0.434677571100719,17.077944773527395,0.191203035848726,21,1,1,14,0,333,26.718656287565366,66.85502487489482,93.5736811624602,93.5736811624602,0.0,28.07210434873805,93.5736811624602,84.21631304621417,66.85502487489482,0.2855360177738132,0.7144639822261868,12.782883717821989,30.084761193702672,901.983412350734,26.718656287565366,175.4169210288331,93.5736811624602,28.07210434873805,18.71473623249204,0.0869355142201438,93.5736811624602,26.718656287565366,0.0,93.5736811624602,26.718656287565366,66.85502487489484,93.5736811624602,0.0,0.0,12.782883717821987,30.08476119370268
2020-01-14 22:00:00,78.58073365323207,43.01884398123711,175.4169210288331,0.1337666298688322,0.2842887218906116,23.447951307727468,0.1337666298688322,22,1,1,14,0,334,43.01884398123711,35.56188967199496,78.58073365323207,78.58073365323207,0.0,23.574220095969626,78.58073365323207,70.72266028790887,35.56188967199496,0.5474477264500281,0.4525522735499718,4.7569941331899965,16.002850352397733,1244.9564296758983,43.01884398123711,175.4169210288331,78.58073365323207,23.574220095969626,15.716146730646416,0.0568577443781223,78.58073365323207,43.01884398123711,0.0,78.58073365323207,43.01884398123711,35.56188967199496,78.58073365323207,0.0,0.0,4.7569941331899965,16.002850352397733
2020-01-14 23:00:00,85.8561289551324,56.16973722221735,175.4169210288331,0.1487287369634664,0.3572655882691521,31.27195892808852,0.1487287369634664,23,1,1,14,0,335,56.16973722221735,29.68639173291505,85.8561289551324,85.8561289551324,0.0,25.75683868653972,85.8561289551324,77.27051605961917,29.68639173291505,0.6542309548054643,0.3457690451945356,4.415219547439149,13.358876279811776,207.46746906779197,56.16973722221735,175.4169210288331,85.8561289551324,25.75683868653972,17.171225791026483,0.0714531176538304,85.8561289551324,56.16973722221735,0.0,85.8561289551324,56.16973722221735,29.686391732915055,85.8561289551324,0.0,0.0,4.415219547439146,13.358876279811776
2020-01-15 00:00:00,139.30719257388307,44.01606387681485,175.4169210288331,0.1417708002867332,0.8934139301300514,13.242495735581535,0.1417708002867332,0,2,1,15,0,336,44.01606387681485,95.29112869706822,139.30719257388307,139.30719257388307,0.0,41.79215777216492,139.30719257388307,125.37647331649475,95.29112869706822,0.3159640436617833,0.6840359563382167,13.509499575609452,42.8810079136807,4451.693287922471,44.01606387681485,175.4169210288331,139.30719257388307,41.79215777216492,27.861438514776616,0.1786827860260103,139.30719257388307,44.01606387681485,0.0,139.30719257388307,44.01606387681485,95.29112869706822,139.30719257388307,0.0,0.0,13.509499575609448,42.8810079136807
2020-01-15 01:00:00,55.24160840967044,33.24681570592309,175.4169210288331,0.1345698712603256,0.0501823739033701,11.51671064229053,0.1345698712603256,1,2,1,15,0,337,33.24681570592309,21.99479270374735,55.24160840967044,55.24160840967044,0.0,16.572482522901133,55.24160840967044,49.7174475687034,21.99479270374735,0.6018437308951163,0.3981562691048837,2.95983642254083,9.897656716686308,5488.329576212039,33.24681570592309,175.4169210288331,55.24160840967044,16.572482522901133,11.04832168193409,0.010036474780674,55.24160840967044,33.24681570592309,0.0,55.24160840967044,33.24681570592309,21.99479270374735,55.24160840967044,0.0,0.0,2.95983642254083,9.897656716686308
2020-01-15 02:00:00,65.57205789273092,77.61968256845483,175.4169210288331,0.2421890247460581,0.1538033869579672,29.14612059510707,0.2421890247460581,2,2,1,15,0,338,65.57205789273092,0.0,65.57205789273092,65.57205789273092,0.0,19.67161736781928,65.57205789273092,59.01485210345784,0.0,1.0,0.0,0.0,0.0,1528.692188516599,77.61968256845483,175.4169210288331,65.57205789273092,19.67161736781928,13.114411578546186,0.0307606773915934,65.57205789273092,77.61968256845483,0.0,65.57205789273092,65.57205789273092,0.0,65.57205789273092,0.0,0.0,0.0,0.0
2020-01-15 03:00:00,114.7221985573169,41.164412000627706,175.4169210288331,0.2499050020273343,0.6468107218073997,29.91961335780241,0.2499050020273343,3,2,1,15,0,339,41.164412000627706,73.5577865566892,114.7221985573169,114.7221985573169,0.0,34.41665956719507,114.7221985573169,103.2499787015852,73.5577865566892,0.3588181931508343,0.6411818068491656,18.38245879857564,33.10100395051014,6006.481141113749,41.164412000627706,175.4169210288331,114.7221985573169,34.41665956719507,22.94443971146338,0.1293621443614799,114.7221985573169,41.164412000627706,17.208329783597534,97.51386877371937,41.164412000627706,56.34945677309166,97.51386877371937,0.0,0.0,14.082011109118657,25.35725554789125
2020-01-15 04:00:00,61.53334474081878,41.32822887300363,175.4169210288331,0.2756527237309161,0.1132925119060833,17.116951376663835,0.2756527237309161,4,2,1,15,0,340,41.32822887300363,20.205115867815145,61.53334474081878,61.53334474081878,0.0,18.46000342224563,61.53334474081878,55.3800102667369,20.205115867815145,0.6716395646471031,0.3283604353528969,5.569595222261997,9.092302140516816,2846.534305603115,41.32822887300363,175.4169210288331,61.53334474081878,18.46000342224563,12.306668948163756,0.0226585023812166,61.53334474081878,41.32822887300363,9.230001711122815,52.30334302969596,41.32822887300363,10.975114156692328,52.30334302969596,0.0,0.0,3.0253201105499765,4.938801370511547
2020-01-15 05:00:00,59.308943190140816,23.88766938864437,175.4169210288331,0.2978107341259232,0.0909803421888388,34.36454923568637,0.2978107341259232,5,2,1,15,0,341,23.88766938864437,35.42127380149645,59.308943190140816,59.308943190140816,0.0,17.792682957042246,59.308943190140816,53.37804887112674,35.42127380149645,0.4027667347243395,0.5972332652756605,10.548835554498988,15.939573210673402,535.7045773902062,23.88766938864437,175.4169210288331,59.308943190140816,17.792682957042246,11.861788638028164,0.0181960684377677,59.308943190140816,23.88766938864437,8.896341478521123,50.41260171161969,23.88766938864437,26.524932322975324,50.41260171161969,0.0,0.0,7.89940956774571,11.936219545338897
2020-01-15 06:00:00,128.38963948856122,43.36117638134551,175.4169210288331,0.2114457571263124,0.7839038925819816,11.439179430490729,0.2114457571263124,6,2,1,15,0,342,43.36117638134551,85.02846310721571,128.38963948856122,128.38963948856122,0.0,38.51689184656836,128.38963948856122,115.5506755397051,85.02846310721571,0.3377311171997545,0.6622688828002454,17.978907758991955,38.262808398247074,2840.090705408248,43.36117638134551,175.4169210288331,128.38963948856122,38.51689184656836,25.677927897712244,0.1567807785163963,128.38963948856122,43.36117638134551,0.0,128.38963948856122,43.36117638134551,85.02846310721571,128.38963948856122,0.0,0.0,17.978907758991948,38.262808398247074
2020-01-15 07:00:00,115.85662706259431,11.456041142171312,175.4169210288331,0.265688594593345,0.6581897650085318,31.236458607700538,0.265688594593345,7,2,1,15,0,343,11.456041142171312,104.400585920423,115.85662706259431,115.85662706259431,0.0,34.756988118778295,115.85662706259431,104.27096435633489,104.400585920423,0.0988811899036376,0.9011188100963624,27.738044947918947,46.98026366419035,1393.216796919981,11.456041142171312,175.4169210288331,115.85662706259431,34.756988118778295,23.171325412518865,0.1316379530017063,115.85662706259431,11.456041142171312,17.378494059389148,98.47813300320516,11.456041142171312,87.02209186103384,98.47813300320516,0.0,0.0,23.120777285131048,39.15994133746523
2020-01-15 08:00:00,62.81963288829036,52.92727659676422,175.4169210288331,0.241652283440187,0.1261948044093945,31.827655009040928,0.241652283440187,8,2,1,15,0,344,52.92727659676422,9.892356291526134,62.81963288829036,62.81963288829036,0.0,18.845889866487106,62.81963288829036,56.53766959946133,9.892356291526134,0.842527632895956,0.157472367104044,2.3905104864511912,4.45156033118676,10651.668837718582,52.92727659676422,175.4169210288331,62.81963288829036,18.845889866487106,12.563926577658073,0.0252389608818789,62.81963288829036,52.92727659676422,0.0,62.81963288829036,52.92727659676422,9.892356291526134,62.81963288829036,0.0,0.0,2.3905104864511904,4.45156033118676
2020-01-15 09:00:00,70.0237113308709,23.29918687812883,175.4169210288331,0.1752059133368996,0.198456317092754,12.765091888231764,0.1752059133368996,9,2,1,15,0,345,23.29918687812883,46.72452445274207,70.0237113308709,70.0237113308709,0.0,21.007113399261268,70.0237113308709,63.02134019778381,46.72452445274207,0.3327328191451781,0.6672671808548218,8.186412981974975,21.02603600373393,2234.432311831597,23.29918687812883,175.4169210288331,70.0237113308709,21.007113399261268,14.00474226617418,0.0396912634185508,70.0237113308709,23.29918687812883,0.0,70.0237113308709,23.29918687812883,46.72452445274207,70.0237113308709,0.0,0.0,8.186412981974973,21.026036003733932
2020-01-15 10:00:00,85.43671747502539,54.15172142327359,175.4169210288331,0.1562871349980144,0.353058622974304,24.02967244974177,0.1562871349980144,10,2,1,15,0,346,54.15172142327359,31.2849960517518,85.43671747502539,85.43671747502539,0.0,25.631015242507612,85.43671747502539,76.89304572752285,31.2849960517518,0.6338225885036263,0.3661774114963737,4.88944240135248,14.078248223288307,1190.2579251043362,54.15172142327359,175.4169210288331,85.43671747502539,25.631015242507612,17.08734349500508,0.0706117245948608,85.43671747502539,54.15172142327359,0.0,85.43671747502539,54.15172142327359,31.284996051751797,85.43671747502539,0.0,0.0,4.88944240135248,14.078248223288309
2020-01-15 11:00:00,62.843508031868254,50.1517579035499,175.4169210288331,0.1935445129887551,0.1264342873639767,23.5842307306905,0.1935445129887551,11,2,1,15,0,347,50.1517579035499,12.691750128318354,62.843508031868254,62.843508031868254,0.0,18.85305240956048,62.843508031868254,56.55915722868143,12.691750128318354,0.7980419851501239,0.201958014849876,2.4564185975603463,5.711287557743259,361.7085021283947,50.1517579035499,175.4169210288331,62.843508031868254,18.85305240956048,12.56870160637365,0.0252868574727953,62.843508031868254,50.1517579035499,0.0,62.843508031868254,50.1517579035499,12.691750128318354,62.843508031868254,0.0,0.0,2.456418597560346,5.711287557743259
2020-01-15 12:00:00,90.01669742671388,71.83583055820101,175.4169210288331,0.1242248726649331,0.3989987500851243,20.05425775010853,0.1242248726649331,12,2,1,15,0,348,71.83583055820101,18.180866868512865,90.01669742671388,90.01669742671388,0.0,27.005009228014163,90.01669742671388,81.0150276840425,18.180866868512865,0.7980278394092982,0.2019721605907017,2.2585158716791125,8.18139009083079,500.32940947967165,71.83583055820101,175.4169210288331,90.01669742671388,27.005009228014163,18.003339485342774,0.0797997500170248,90.01669742671388,71.83583055820101,0.0,90.01669742671388,71.83583055820101,18.180866868512865,90.01669742671388,0.0,0.0,2.2585158716791116,8.18139009083079
2020-01-15 13:00:00,124.1559304304307,40.49875333757343,175.4169210288331,0.2291948595098862,0.7414370839207248,11.985031958957704,0.2291948595098862,13,2,1,15,0,349,40.49875333757343,83.65717709285727,124.1559304304307,124.1559304304307,0.0,37.24677912912921,124.1559304304307,111.74033738738764,83.65717709285727,0.3261926610929506,0.6738073389070494,19.17379495079109,37.645729691785775,5269.159609326163,40.49875333757343,175.4169210288331,124.1559304304307,37.24677912912921,24.83118608608614,0.1482874167841449,124.1559304304307,40.49875333757343,0.0,124.1559304304307,40.49875333757343,83.65717709285727,124.1559304304307,0.0,0.0,19.17379495079109,37.645729691785775
2020-01-15 14:00:00,146.5389305623106,71.35012387480961,175.4169210288331,0.1900081971980235,0.9659528857422977,31.157912803856597,0.1900081971980235,14,2,1,15,0,350,71.35012387480961,75.188806687501,146.5389305623106,146.5389305623106,0.0,43.96167916869318,146.5389305623106,131.88503750607956,75.188806687501,0.4869021740572239,0.5130978259427761,14.28648960816276,33.83496300937545,1023.5203613481584,71.35012387480961,175.4169210288331,146.5389305623106,43.96167916869318,29.307786112462125,0.1931905771484595,146.5389305623106,71.35012387480961,0.0,146.5389305623106,71.35012387480961,75.188806687501,146.5389305623106,0.0,0.0,14.286489608162759,33.83496300937545
2020-01-15 15:00:00,82.63251576856297,18.899922530749063,175.4169210288331,0.192214997069588,0.324930687001185,21.72091914643722,0.192214997069588,15,2,1,15,0,351,18.899922530749063,63.7325932378139,82.63251576856297,82.63251576856297,0.0,24.78975473056889,82.63251576856297,74.36926419170668,63.7325932378139,0.2287225840210885,0.7712774159789114,12.250360222443646,28.679666957016256,2882.2684476372824,18.899922530749063,175.4169210288331,82.63251576856297,24.78975473056889,16.526503153712593,0.064986137400237,82.63251576856297,18.899922530749063,0.0,82.63251576856297,18.899922530749063,63.7325932378139,82.63251576856297,0.0,0.0,12.250360222443643,28.679666957016256
2020-01-15 16:00:00,142.97987553881225,24.332913929391115,175.4169210288331,0.1501958575023552,0.9302532883862786,15.413561573057066,0.1501958575023552,16,2,1,15,0,352,24.332913929391115,118.64696160942114,142.97987553881225,142.97987553881225,0.0,42.89396266164368,142.97987553881225,128.68188798493102,118.64696160942114,0.1701841873738789,0.829815812626121,17.820282138976037,53.39113272423951,3045.105249190296,24.332913929391115,175.4169210288331,142.97987553881225,42.89396266164368,28.59597510776245,0.1860506576772557,142.97987553881225,24.332913929391115,0.0,142.97987553881225,24.332913929391115,118.64696160942114,142.97987553881225,0.0,0.0,17.820282138976026,53.39113272423951
2020-01-15 17:00:00,136.95837799249097,19.30723941308215,175.4169210288331,0.2133834900778367,0.8698538181716747,13.413950129595822,0.2133834900778367,17,2,1,15,0,353,19.30723941308215,117.6511385794088,136.95837799249097,136.95837799249097,0.0,41.08751339774729,136.95837799249097,123.26254019324188,117.6511385794088,0.1409715834553817,0.8590284165446183,25.104810561705477,52.94301236073397,26.24906785098028,19.30723941308215,175.4169210288331,136.95837799249097,41.08751339774729,27.3916755984982,0.1739707636343349,136.95837799249097,19.30723941308215,0.0,136.95837799249097,19.30723941308215,117.65113857940881,136.95837799249097,0.0,0.0,25.10481056170547,52.94301236073397
2020-01-15 18:00:00,124.08247817204486,11.46805546333764,175.4169210288331,0.1609109663521371,0.7407003108076508,16.441511917599257,0.1609109663521371,18,2,1,15,0,354,11.46805546333764,112.61442270870722,124.08247817204486,124.08247817204486,0.0,37.224743451613456,124.08247817204486,111.67423035484038,112.61442270870722,0.0924228435173317,0.9075771564826682,18.12089558324613,50.676490218918254,86.82131176010917,11.46805546333764,175.4169210288331,124.08247817204486,37.224743451613456,24.816495634408973,0.1481400621615301,124.08247817204486,11.46805546333764,0.0,124.08247817204486,11.46805546333764,112.61442270870722,124.08247817204486,0.0,0.0,18.120895583246135,50.676490218918254
2020-01-15 19:00:00,59.56666950890318,38.65968830003716,175.4169210288331,0.1624974512957482,0.0935655019425145,18.535633722269104,0.1624974512957482,19,2,1,15,0,355,38.65968830003716,20.90698120886602,59.56666950890318,59.56666950890318,0.0,17.870000852670955,59.56666950890318,53.61000255801287,20.90698120886602,0.6490154413326543,0.3509845586673457,3.3973311607288297,9.40814154398971,9149.63972277267,38.65968830003716,175.4169210288331,59.56666950890318,17.870000852670955,11.913333901780636,0.0187131003885029,59.56666950890318,38.65968830003716,0.0,59.56666950890318,38.65968830003716,20.90698120886602,59.56666950890318,0.0,0.0,3.397331160728829,9.40814154398971
2020-01-15 20:00:00,106.52458189425856,76.88099293649599,175.4169210288331,0.276642716062622,0.5645833855571964,11.936599938631216,0.276642716062622,20,2,1,15,0,356,76.88099293649599,29.64358895776256,106.52458189425856,106.52458189425856,0.0,31.95737456827756,106.52458189425856,95.87212370483267,29.64358895776256,0.721720673006835,0.278279326993165,8.200682963119384,13.339615030993151,1537.196443071068,76.88099293649599,175.4169210288331,106.52458189425856,31.95737456827756,21.30491637885171,0.1129166771114393,106.52458189425856,76.88099293649599,15.978687284138783,90.54589461011977,76.88099293649599,13.664901673623788,90.54589461011977,0.0,0.0,3.7802955137199534,6.149205753130705
2020-01-15 21:00:00,141.87442304306254,51.51132059297995,175.4169210288331,0.1202116555276,0.9191648930864276,10.41593497070659,0.1202116555276,21,2,1,15,0,357,51.51132059297995,90.36310245008258,141.87442304306254,141.87442304306254,0.0,42.56232691291876,141.87442304306254,127.68698073875628,90.36310245008258,0.3630768639485141,0.6369231360514859,10.862698144134558,40.66339610253716,4330.479593561396,51.51132059297995,175.4169210288331,141.87442304306254,42.56232691291876,28.374884608612508,0.1838329786172855,141.87442304306254,51.51132059297995,0.0,141.87442304306254,51.51132059297995,90.36310245008258,141.87442304306254,0.0,0.0,10.862698144134555,40.66339610253716
2020-01-15 22:00:00,99.25602526201988,48.455119440106095,175.4169210288331,0.1141443531189087,0.4916751154076438,34.33588610834337,0.1141443531189087,22,2,1,15,0,358,48.455119440106095,50.800905821913794,99.25602526201988,99.25602526201988,0.0,29.776807578605965,99.25602526201988,89.3304227358179,50.800905821913794,0.4881831537399608,0.5118168462600391,5.798636532896955,22.860407619861206,1574.507767532717,48.455119440106095,175.4169210288331,99.25602526201988,29.776807578605965,19.85120505240398,0.0983350230815287,99.25602526201988,48.455119440106095,0.0,99.25602526201988,48.455119440106095,50.80090582191378,99.25602526201988,0.0,0.0,5.798636532896952,22.860407619861203
2020-01-15 23:00:00,73.0982335584537,76.92279112029115,175.4169210288331,0.1415678218012135,0.2292957407212623,12.67955353140113,0.1415678218012135,23,2,1,15,0,359,73.0982335584537,0.0,73.0982335584537,73.0982335584537,0.0,21.92947006753611,73.0982335584537,65.78841020260833,0.0,1.0,0.0,0.0,0.0,3188.0151057768576,76.92279112029115,175.4169210288331,73.0982335584537,21.92947006753611,14.61964671169074,0.0458591481442524,73.0982335584537,76.92279112029115,0.0,73.0982335584537,73.0982335584537,0.0,73.0982335584537,0.0,0.0,0.0,0.0
2020-01-16 00:00:00,107.60877043435644,49.09879122771067,175.4169210288331,0.2079774186032255,0.5754584897868185,14.754634121656078,0.2079774186032255,0,3,1,16,0,360,49.09879122771067,58.50997920664576,107.60877043435644,107.60877043435644,0.0,32.282631130306925,107.60877043435644,96.8478933909208,58.50997920664576,0.456271278163725,0.543728721836275,12.168754437926586,26.329490642990592,3999.39089894878,49.09879122771067,175.4169210288331,107.60877043435644,32.282631130306925,21.521754086871287,0.1150916979573637,107.60877043435644,49.09879122771067,0.0,107.60877043435644,49.09879122771067,58.509979206645774,107.60877043435644,0.0,0.0,12.168754437926587,26.3294906429906
2020-01-16 01:00:00,65.3718564048272,33.30132460651716,175.4169210288331,0.2509799257622013,0.1517952380361184,30.78810106960089,0.2509799257622013,1,3,1,16,0,361,33.30132460651716,32.07053179831004,65.3718564048272,65.3718564048272,0.0,19.61155692144816,65.3718564048272,58.83467076434448,32.07053179831004,0.5094137819842931,0.4905862180157069,8.04905968989417,14.43173930923952,948.6043309058734,33.30132460651716,175.4169210288331,65.3718564048272,19.61155692144816,13.07437128096544,0.0303590476072236,65.3718564048272,33.30132460651716,9.80577846072408,55.56607794410312,33.30132460651716,22.264753337585958,55.56607794410312,0.0,0.0,5.588006139781047,10.01913900191368
2020-01-16 02:00:00,147.3643586021445,54.38096722921303,175.4169210288331,0.2889223165056149,0.9742324567165822,21.33843606607793,0.2889223165056149,2,3,1,16,0,362,54.38096722921303,92.98339137293152,147.3643586021445,147.3643586021445,0.0,44.20930758064336,147.3643586021445,132.6279227419301,92.98339137293152,0.3690238789423377,0.6309761210576623,26.864976832015586,41.842526117819176,4154.72779465813,54.38096722921303,175.4169210288331,147.3643586021445,44.20930758064336,29.47287172042891,0.1948464913433164,147.3643586021445,54.38096722921303,22.104653790321674,125.25970481182283,54.38096722921303,70.8787375826098,125.25970481182283,0.0,0.0,20.47844905336121,31.895431912174413
2020-01-16 03:00:00,105.50680175939534,74.47662245367204,175.4169210288331,0.2089200682395327,0.5543744000900777,30.146937760763397,0.2089200682395327,3,3,1,16,0,363,74.47662245367204,31.03017930572331,105.50680175939534,105.50680175939534,0.0,31.652040527818603,105.50680175939534,94.9561215834558,31.03017930572331,0.7058940391683318,0.2941059608316682,6.482827178036652,13.963580687575488,4242.035844344799,74.47662245367204,175.4169210288331,105.50680175939534,31.652040527818603,21.10136035187907,0.1108748800180155,105.50680175939534,74.47662245367204,0.0,105.50680175939534,74.47662245367204,31.03017930572331,105.50680175939534,0.0,0.0,6.48282717803665,13.963580687575488
2020-01-16 04:00:00,148.2356759379316,68.04490603551795,175.4169210288331,0.2444608461446097,0.98297232666845,18.83312872784836,0.2444608461446097,4,3,1,16,0,364,68.04490603551795,80.19076990241365,148.2356759379316,148.2356759379316,0.0,44.47070278137948,148.2356759379316,133.41210834413846,80.19076990241365,0.4590319139099101,0.5409680860900898,19.60350346333174,36.08584645608615,2458.130643898952,68.04490603551795,175.4169210288331,148.2356759379316,44.47070278137948,29.64713518758632,0.19659446533369,148.2356759379316,68.04490603551795,0.0,148.2356759379316,68.04490603551795,80.19076990241365,148.2356759379316,0.0,0.0,19.60350346333174,36.085846456086145
2020-01-16 05:00:00,76.43145167640043,77.24932337141864,175.4169210288331,0.1208008424069212,0.2627300495265024,18.72294723829419,0.1208008424069212,5,3,1,16,0,365,76.43145167640043,0.0,76.43145167640043,76.43145167640043,0.0,22.92943550292013,76.43145167640043,68.78830650876039,0.0,1.0,0.0,0.0,0.0,6500.893725328456,77.24932337141864,175.4169210288331,76.43145167640043,22.92943550292013,15.286290335280086,0.0525460099053004,76.43145167640043,77.24932337141864,0.0,76.43145167640043,76.43145167640043,0.0,76.43145167640043,0.0,0.0,0.0,0.0
2020-01-16 06:00:00,73.08066438390586,15.113342087613326,175.4169210288331,0.102376057059149,0.2291195106677524,14.396556982153676,0.102376057059149,6,3,1,16,0,366,15.113342087613326,57.96732229629253,73.08066438390586,73.08066438390586,0.0,21.924199315171755,73.08066438390586,65.77259794551527,57.96732229629253,0.2068035671955611,0.7931964328044389,5.934465894971325,26.08529503333164,7120.121017744757,15.113342087613326,175.4169210288331,73.08066438390586,21.924199315171755,14.616132876781172,0.0458239021335504,73.08066438390586,15.113342087613326,0.0,73.08066438390586,15.113342087613326,57.96732229629253,73.08066438390586,0.0,0.0,5.934465894971324,26.08529503333164
2020-01-16 07:00:00,112.71770637690928,62.81975699766056,175.4169210288331,0.2556326999779804,0.6267043836723121,26.718846875137352,0.2556326999779804,7,3,1,16,0,367,62.81975699766056,49.89794937924873,112.71770637690928,112.71770637690928,0.0,33.81531191307278,112.71770637690928,101.44593573921836,49.89794937924873,0.5573193335535211,0.4426806664464789,12.755547523181946,22.45407722066193,2341.016802843897,62.81975699766056,175.4169210288331,112.71770637690928,33.81531191307278,22.54354127538186,0.1253408767344624,112.71770637690928,62.81975699766056,16.90765595653639,95.81005042037289,62.81975699766056,32.99029342271233,95.81005042037289,0.0,0.0,8.43339778071376,14.845632040220547
2020-01-16 08:00:00,132.0114983447063,11.443410582183262,175.4169210288331,0.2810971004118358,0.8202334525328745,12.155129818176942,0.2810971004118358,8,3,1,16,0,368,11.443410582183262,120.56808776252304,132.0114983447063,132.0114983447063,0.0,39.60344950341189,132.0114983447063,118.81034851023568,120.56808776252304,0.0866849533993047,0.9133150466006952,33.89133987224496,54.25563949313537,7633.797430114268,11.443410582183262,175.4169210288331,132.0114983447063,39.60344950341189,26.40229966894126,0.1640466905065749,132.0114983447063,11.443410582183262,19.801724751705944,112.20977359300035,11.443410582183262,100.76636301081709,112.20977359300035,0.0,0.0,28.325132461387145,45.34486335486769
2020-01-16 09:00:00,136.80235308346198,61.54721876572046,175.4169210288331,0.1919836058078407,0.8682887885800925,23.62028343829174,0.1919836058078407,9,3,1,16,0,369,61.54721876572046,75.25513431774152,136.80235308346198,136.80235308346198,0.0,41.040705925038594,136.80235308346198,123.12211777511578,75.25513431774152,0.4498988312589259,0.5501011687410742,14.447752041873397,33.86481044298369,4563.655344381626,61.54721876572046,175.4169210288331,136.80235308346198,41.040705925038594,27.3604706166924,0.1736577577160185,136.80235308346198,61.54721876572046,0.0,136.80235308346198,61.54721876572046,75.25513431774152,136.80235308346198,0.0,0.0,14.447752041873395,33.86481044298369
2020-01-16 10:00:00,147.33698845676133,52.47255508759012,175.4169210288331,0.148340537979931,0.9739579166593748,34.128247669107154,0.148340537979931,10,3,1,16,0,370,52.47255508759012,94.8644333691712,147.33698845676133,147.33698845676133,0.0,44.2010965370284,147.33698845676133,132.60328961108522,94.8644333691712,0.3561397286397579,0.643860271360242,14.072241081144174,42.688995016127045,466.8741301595792,52.47255508759012,175.4169210288331,147.33698845676133,44.2010965370284,29.467397691352268,0.1947915833318749,147.33698845676133,52.47255508759012,0.0,147.33698845676133,52.47255508759012,94.86443336917121,147.33698845676133,0.0,0.0,14.072241081144174,42.688995016127045
2020-01-16 11:00:00,107.97906217747392,70.49770185671362,175.4169210288331,0.1526025503954479,0.5791727527151166,23.79147154653879,0.1526025503954479,11,3,1,16,0,371,70.49770185671362,37.48136032076032,107.97906217747392,107.97906217747392,0.0,32.39371865324218,107.97906217747392,97.18115595972654,37.48136032076032,0.6528830722834386,0.3471169277165615,5.719751177238767,16.86661214434214,3617.722988527704,70.49770185671362,175.4169210288331,107.97906217747392,32.39371865324218,21.59581243549479,0.1158345505430233,107.97906217747392,70.49770185671362,0.0,107.97906217747392,70.49770185671362,37.4813603207603,107.97906217747392,0.0,0.0,5.7197511772387655,16.866612144342138
2020-01-16 12:00:00,129.3556039110926,18.719248342986987,175.4169210288331,0.2257967855374784,0.793593133326204,34.78710285664518,0.2257967855374784,12,3,1,16,0,372,18.719248342986987,110.6363555681056,129.3556039110926,129.3556039110926,0.0,38.80668117332778,129.3556039110926,116.42004351998334,110.6363555681056,0.1447115376296562,0.8552884623703437,24.98133345085976,49.78636000564753,8032.661577912264,18.719248342986987,175.4169210288331,129.3556039110926,38.80668117332778,25.87112078221852,0.1587186266652408,129.3556039110926,18.719248342986987,0.0,129.3556039110926,18.719248342986987,110.63635556810561,129.3556039110926,0.0,0.0,24.981333450859747,49.78636000564753
2020-01-16 13:00:00,138.8161854809587,13.840496013736049,175.4169210288331,0.2493930729440115,0.8884888150642212,34.48735032193682,0.2493930729440115,13,3,1,16,0,373,13.840496013736049,124.97568946722262,138.8161854809587,138.8161854809587,0.0,41.6448556442876,138.8161854809587,124.9345669328628,124.97568946722262,0.0997037626828792,0.9002962373171208,31.16807123952718,56.23906026025018,229.41872096053768,13.840496013736049,175.4169210288331,138.8161854809587,41.6448556442876,27.76323709619173,0.1776977630128442,138.8161854809587,13.840496013736049,20.822427822143805,117.99375765881489,13.840496013736049,104.15326164507884,117.99375765881489,0.0,0.0,25.975101978807864,46.86896774028548
2020-01-16 14:00:00,140.7262168066942,37.82498126475621,175.4169210288331,0.2655138767164507,0.9076476504337057,10.053004499575954,0.2655138767164507,14,3,1,16,0,374,37.82498126475621,102.901235541938,140.7262168066942,140.7262168066942,0.0,42.217865042008256,140.7262168066942,126.65359512602478,102.901235541938,0.268784183381507,0.731215816618493,27.321705967652587,46.3055559938721,1062.5370488559172,37.82498126475621,175.4169210288331,140.7262168066942,42.217865042008256,28.14524336133884,0.1815295300867411,140.7262168066942,37.82498126475621,21.108932521004128,119.61728428569006,37.82498126475621,81.79230302093384,119.61728428569006,0.0,0.0,21.716991460654807,36.80653635942023
2020-01-16 15:00:00,146.33620551958845,46.6313767949889,175.4169210288331,0.1749775724861832,0.9639194239521932,24.576610511252245,0.1749775724861832,15,3,1,16,0,375,46.6313767949889,99.70482872459954,146.33620551958845,146.33620551958845,0.0,43.90086165587653,146.33620551958845,131.7025849676296,99.70482872459954,0.3186591905223814,0.6813408094776185,17.4461088953811,44.86717292606979,87.76961877683021,46.6313767949889,175.4169210288331,146.33620551958845,43.90086165587653,29.26724110391769,0.1927838847904386,146.33620551958845,46.6313767949889,0.0,146.33620551958845,46.6313767949889,99.70482872459954,146.33620551958845,0.0,0.0,17.446108895381098,44.86717292606979
2020-01-16 16:00:00,63.25452263130153,17.83976429740588,175.4169210288331,0.2213634486214768,0.1305570265771487,16.30708304791967,0.2213634486214768,16,3,1,16,0,376,17.83976429740588,45.414758333895655,63.25452263130153,63.25452263130153,0.0,18.976356789390454,63.25452263130153,56.92907036817138,45.414758333895655,0.2820314430541266,0.7179685569458735,10.053167523102095,20.436641250253047,3776.368693238561,17.83976429740588,175.4169210288331,63.25452263130153,18.976356789390454,12.650904526260309,0.0261114053154297,63.25452263130153,17.83976429740588,0.0,63.25452263130153,17.83976429740588,45.414758333895655,63.25452263130153,0.0,0.0,10.053167523102097,20.436641250253047
2020-01-16 17:00:00,59.47487657926133,46.66851134609026,175.4169210288331,0.2381375018359003,0.0926447601706938,12.406886911376604,0.2381375018359003,17,3,1,16,0,377,46.66851134609026,12.806365233171071,59.47487657926133,59.47487657926133,0.0,17.8424629737784,59.47487657926133,53.5273889213352,12.806365233171071,0.7846760519779439,0.2153239480220561,3.049675824225486,5.762864354926983,1894.4039570084117,46.66851134609026,175.4169210288331,59.47487657926133,17.8424629737784,11.894975315852268,0.0185289520341387,59.47487657926133,46.66851134609026,0.0,59.47487657926133,46.66851134609026,12.806365233171064,59.47487657926133,0.0,0.0,3.049675824225484,5.762864354926979
2020-01-16 18:00:00,129.95162674575525,21.51161744324531,175.4169210288331,0.2571267366592465,0.7995716234231439,34.27410908859774,0.2571267366592465,18,3,1,16,0,378,21.51161744324531,108.44000930250994,129.95162674575525,129.95162674575525,0.0,38.985488023726575,129.95162674575525,116.95646407117972,108.44000930250994,0.1655355764443939,0.8344644235556061,27.88282571525272,48.79800418612948,9778.66318881999,21.51161744324531,175.4169210288331,129.95162674575525,38.985488023726575,25.99032534915105,0.1599143246846288,129.95162674575525,21.51161744324531,19.492744011863287,110.45888273389195,21.51161744324531,88.94726529064664,110.45888273389195,0.0,0.0,22.870720058948237,40.02626938079099
2020-01-16 19:00:00,112.4294594118894,54.688309561614375,175.4169210288331,0.1431667037988228,0.6238130823233969,18.565305242135715,0.1431667037988228,19,3,1,16,0,379,54.688309561614375,57.74114985027504,112.4294594118894,112.4294594118894,0.0,33.72883782356682,112.4294594118894,101.18651347070048,57.74114985027504,0.4864233079807114,0.5135766920192886,8.26661009761777,25.983517432623767,3671.06724967452,54.688309561614375,175.4169210288331,112.4294594118894,33.72883782356682,22.485891882377885,0.1247626164646794,112.4294594118894,54.688309561614375,0.0,112.4294594118894,54.688309561614375,57.74114985027502,112.4294594118894,0.0,0.0,8.266610097617765,25.98351743262376
2020-01-16 20:00:00,122.9928784367974,64.54108793715369,175.4169210288331,0.1121732781275048,0.7297709288310484,23.19008516597345,0.1121732781275048,20,3,1,16,0,380,64.54108793715369,58.45179049964372,122.9928784367974,122.9928784367974,0.0,36.89786353103922,122.9928784367974,110.69359059311768,58.45179049964372,0.5247546748840385,0.4752453251159615,6.556728952767183,26.303305724839674,97.5822518500303,64.54108793715369,175.4169210288331,122.9928784367974,36.89786353103922,24.598575687359485,0.1459541857662097,122.9928784367974,64.54108793715369,0.0,122.9928784367974,64.54108793715369,58.45179049964371,122.9928784367974,0.0,0.0,6.556728952767176,26.303305724839667
2020-01-16 21:00:00,79.44952889841605,65.38637005660269,175.4169210288331,0.2661127941401133,0.2930032936612399,30.377030314058427,0.2661127941401133,21,3,1,16,0,381,65.38637005660269,14.063158841813362,79.44952889841605,79.44952889841605,0.0,23.834858669524813,79.44952889841605,71.50457600857445,14.063158841813362,0.8229925458740671,0.1770074541259329,3.742386493831194,6.328421478816013,1971.065122316,65.38637005660269,175.4169210288331,79.44952889841605,23.834858669524813,15.889905779683213,0.0586006587322479,79.44952889841605,65.38637005660269,11.917429334762407,67.53209956365365,65.38637005660269,2.1457295070509588,67.53209956365365,0.0,0.0,0.5710060745902186,0.9655782781729315
2020-01-16 22:00:00,137.01356495482872,13.949095559157858,175.4169210288331,0.2402226578043521,0.8704073786875285,30.98116689612288,0.2402226578043521,22,3,1,16,0,382,13.949095559157858,123.06446939567088,137.01356495482872,137.01356495482872,0.0,41.104069486448616,137.01356495482872,123.31220845934584,123.06446939567088,0.1018081353021991,0.8981918646978009,29.56287391951041,55.37901122805189,14527.078910183976,13.949095559157858,175.4169210288331,137.01356495482872,41.104069486448616,27.402712990965743,0.1740814757375057,137.01356495482872,13.949095559157858,0.0,137.01356495482872,13.949095559157858,123.06446939567087,137.01356495482872,0.0,0.0,29.562873919510405,55.379011228051894
2020-01-16 23:00:00,70.16175909475086,27.293739208376667,175.4169210288331,0.1840733290904119,0.1998410244248619,10.756703747413573,0.1840733290904119,23,3,1,16,0,383,27.293739208376667,42.8680198863742,70.16175909475086,70.16175909475086,0.0,21.04852772842526,70.16175909475086,63.145583185275775,42.8680198863742,0.3890116148815123,0.6109883851184877,7.890859131998881,19.29060894886839,6609.550028021807,27.293739208376667,175.4169210288331,70.16175909475086,21.04852772842526,14.032351818950174,0.0399682048849723,70.16175909475086,27.293739208376667,0.0,70.16175909475086,27.293739208376667,42.8680198863742,70.16175909475086,0.0,0.0,7.89085913199888,19.29060894886839
2020-01-17 00:00:00,56.133878108936166,76.7025858253163,175.4169210288331,0.2173239576893774,0.0591324094567547,32.826642338673096,0.2173239576893774,0,4,1,17,0,384,56.133878108936166,0.0,56.133878108936166,56.133878108936166,0.0,16.84016343268085,56.133878108936166,50.52049029804255,0.0,1.0,0.0,0.0,0.0,2669.420740782139,76.7025858253163,175.4169210288331,56.133878108936166,16.84016343268085,11.226775621787231,0.0118264818913509,56.133878108936166,76.7025858253163,0.0,56.133878108936166,56.133878108936166,0.0,56.133878108936166,0.0,0.0,0.0,0.0
2020-01-17 01:00:00,68.73058522657675,77.7041233303844,175.4169210288331,0.2474322525110737,0.1854854355106869,15.653394231567349,0.2474322525110737,1,4,1,17,0,385,68.73058522657675,0.0,68.73058522657675,68.73058522657675,0.0,20.619175567973024,68.73058522657675,61.85752670391908,0.0,1.0,0.0,0.0,0.0,158.67703020761695,77.7041233303844,175.4169210288331,68.73058522657675,20.619175567973024,13.746117045315351,0.0370970871021373,68.73058522657675,77.7041233303844,10.309587783986512,58.420997442590235,58.420997442590235,0.0,58.420997442590235,0.0,0.0,0.0,0.0
2020-01-17 02:00:00,117.4431193687415,75.99484319588346,175.4169210288331,0.1043462110186155,0.6741032971579183,14.242989841307551,0.1043462110186155,2,4,1,17,0,386,75.99484319588346,41.44827617285805,117.4431193687415,117.4431193687415,0.0,35.23293581062245,117.4431193687415,105.69880743186737,41.44827617285805,0.6470778671782295,0.3529221328217705,4.324970571890901,18.65172427778612,1770.729041546148,75.99484319588346,175.4169210288331,117.4431193687415,35.23293581062245,23.488623873748303,0.1348206594315836,117.4431193687415,75.99484319588346,0.0,117.4431193687415,75.99484319588346,41.448276172858044,117.4431193687415,0.0,0.0,4.324970571890899,18.65172427778612
2020-01-17 03:00:00,148.81773933770916,62.46045081409889,175.4169210288331,0.2193106974488111,0.9888107947085728,10.587072103274265,0.2193106974488111,3,4,1,17,0,387,62.46045081409889,86.35728852361026,148.81773933770916,148.81773933770916,0.0,44.64532180131275,148.81773933770916,133.93596540393824,86.35728852361026,0.4197110579160097,0.5802889420839903,18.939077175901183,38.86077983562462,2199.999167464124,62.46045081409889,175.4169210288331,148.81773933770916,44.64532180131275,29.76354786754183,0.1977621589417146,148.81773933770916,62.46045081409889,0.0,148.81773933770916,62.46045081409889,86.35728852361026,148.81773933770916,0.0,0.0,18.93907717590118,38.86077983562462
2020-01-17 04:00:00,56.107348310068815,26.37036501045948,175.4169210288331,0.2046969823757572,0.058866298612374,11.09506744291458,0.2046969823757572,4,4,1,17,0,388,26.37036501045948,29.73698329960934,56.107348310068815,56.107348310068815,0.0,16.832204493020644,56.107348310068815,50.496613479061935,29.73698329960934,0.4699984191861576,0.5300015808138424,6.08707074638832,13.381642484824203,4508.353256973081,26.37036501045948,175.4169210288331,56.107348310068815,16.832204493020644,11.221469662013764,0.0117732597224748,56.107348310068815,26.37036501045948,0.0,56.107348310068815,26.37036501045948,29.736983299609335,56.107348310068815,0.0,0.0,6.087070746388318,13.381642484824201
2020-01-17 05:00:00,88.19259671491477,79.5858266183346,175.4169210288331,0.2863735571189811,0.3807018537128827,19.998984861981054,0.2863735571189811,5,4,1,17,0,389,79.5858266183346,8.606770096580178,88.19259671491477,88.19259671491477,0.0,26.45777901447443,88.19259671491477,79.37333704342329,8.606770096580178,0.902409381091229,0.097590618908771,2.4647513678629425,3.87304654346108,3278.3712641446978,79.5858266183346,175.4169210288331,88.19259671491477,26.45777901447443,17.638519342982956,0.0761403707425765,88.19259671491477,79.5858266183346,13.228889507237215,74.96370720767756,74.96370720767756,0.0,74.96370720767756,0.0,0.0,0.0,0.0
2020-01-17 06:00:00,88.26811257867136,66.78282020515914,175.4169210288331,0.1263639476800592,0.3814593261071848,24.765273573195724,0.1263639476800592,6,4,1,17,0,390,66.78282020515914,21.485292373512223,88.26811257867136,88.26811257867136,0.0,26.48043377360141,88.26811257867136,79.44130132080423,21.485292373512223,0.7565905540988783,0.2434094459011216,2.714966361377274,9.6683815680805,329.77330925324674,66.78282020515914,175.4169210288331,88.26811257867136,26.48043377360141,17.653622515734273,0.0762918652214369,88.26811257867136,66.78282020515914,0.0,88.26811257867136,66.78282020515914,21.485292373512223,88.26811257867136,0.0,0.0,2.714966361377274,9.6683815680805
2020-01-17 07:00:00,111.2949144756246,18.77345065927668,175.4169210288331,0.2628010959750176,0.6124328712450215,11.588079517729412,0.2628010959750176,7,4,1,17,0,391,18.77345065927668,92.52146381634792,111.2949144756246,111.2949144756246,0.0,33.38847434268738,111.2949144756246,100.16542302806216,92.52146381634792,0.1686820170331176,0.8313179829668824,24.314742092149174,41.63465871735657,7351.037217449053,18.77345065927668,175.4169210288331,111.2949144756246,33.38847434268738,22.258982895124923,0.1224865742490043,111.2949144756246,18.77345065927668,16.694237171343687,94.60067730428091,18.77345065927668,75.82722664500423,94.60067730428091,0.0,0.0,19.927478267053168,34.122251990251904
2020-01-17 08:00:00,89.32065582011825,10.993314705165648,175.4169210288331,0.2174839001943449,0.3920170077590178,30.02927677416365,0.2174839001943449,8,4,1,17,0,392,10.993314705165648,78.3273411149526,89.32065582011825,89.32065582011825,0.0,26.796196746035477,89.32065582011825,80.38859023810643,78.3273411149526,0.1230769591224782,0.8769230408775217,17.03493563753276,35.24730350172867,262.00363472671745,10.993314705165648,175.4169210288331,89.32065582011825,26.796196746035477,17.86413116402365,0.0784034015518035,89.32065582011825,10.993314705165648,0.0,89.32065582011825,10.993314705165648,78.3273411149526,89.32065582011825,0.0,0.0,17.03493563753276,35.24730350172867
2020-01-17 09:00:00,82.37006147854919,79.37610632277585,175.4169210288331,0.2726599993045059,0.3222981026730445,17.76021674819384,0.2726599993045059,9,4,1,17,0,393,79.37610632277585,2.9939551557733357,82.37006147854919,82.37006147854919,0.0,24.71101844356476,82.37006147854919,74.13305533069428,2.9939551557733357,0.9636523865342382,0.0363476134657617,0.8163318106908795,1.347279820098001,10351.32522949217,79.37610632277585,175.4169210288331,82.37006147854919,24.71101844356476,16.474012295709837,0.0644596205346089,82.37006147854919,79.37610632277585,12.355509221782379,70.0145522567668,70.0145522567668,0.0,70.0145522567668,0.0,0.0,0.0,0.0
2020-01-17 10:00:00,90.2053898627984,54.78116251793404,175.4169210288331,0.1461618791961416,0.4008914558589516,20.784534301011323,0.1461618791961416,10,4,1,17,0,394,54.78116251793404,35.42422734486438,90.2053898627984,90.2053898627984,0.0,27.06161695883952,90.2053898627984,81.18485087651857,35.42422734486438,0.6072936728199467,0.3927063271800533,5.177671637796724,15.94090230518897,1656.6338150218587,54.78116251793404,175.4169210288331,90.2053898627984,27.06161695883952,18.041077972559684,0.0801782911717903,90.2053898627984,54.78116251793404,0.0,90.2053898627984,54.78116251793404,35.424227344864356,90.2053898627984,0.0,0.0,5.17767163779672,15.94090230518896
2020-01-17 11:00:00,96.6564046882245,78.71747144540906,175.4169210288331,0.1056219939808078,0.4655992589934613,13.028751017274,0.1056219939808078,11,4,1,17,0,395,78.71747144540906,17.938933242815438,96.6564046882245,96.6564046882245,0.0,28.996921406467347,96.6564046882245,86.99076421940205,17.938933242815438,0.8144051260681652,0.1855948739318348,1.8947458989947656,8.072519959266947,878.6823949066679,78.71747144540906,175.4169210288331,96.6564046882245,28.996921406467347,19.3312809376449,0.0931198517986922,96.6564046882245,78.71747144540906,0.0,96.6564046882245,78.71747144540906,17.938933242815438,96.6564046882245,0.0,0.0,1.894745898994765,8.072519959266947
2020-01-17 12:00:00,128.64197736883932,50.9341362507441,175.4169210288331,0.2820671681585542,0.7864350028525794,25.53126217761066,0.2820671681585542,12,4,1,17,0,396,50.9341362507441,77.70784111809522,128.64197736883932,128.64197736883932,0.0,38.59259321065179,128.64197736883932,115.7777796319554,77.70784111809522,0.3959371372589129,0.6040628627410871,21.91883068789598,34.96852850314285,4344.23606314279,50.9341362507441,175.4169210288331,128.64197736883932,38.59259321065179,25.728395473767865,0.1572870005705159,128.64197736883932,50.9341362507441,19.296296605325896,109.34568076351343,50.9341362507441,58.411544512769325,109.34568076351343,0.0,0.0,16.47597894848418,26.2851950307462
2020-01-17 13:00:00,106.68047593815037,76.11217694196377,175.4169210288331,0.2429972775480542,0.5661471024877845,16.26958540353158,0.2429972775480542,13,4,1,17,0,397,76.11217694196377,30.568298996186584,106.68047593815037,106.68047593815037,0.0,32.004142781445104,106.68047593815037,96.01242834433532,30.568298996186584,0.7134592930208802,0.2865407069791198,7.42801343534826,13.755734548283964,2856.070164511912,76.11217694196377,175.4169210288331,106.68047593815037,32.004142781445104,21.33609518763007,0.1132294204975569,106.68047593815037,76.11217694196377,0.0,106.68047593815037,76.11217694196377,30.5682989961866,106.68047593815037,0.0,0.0,7.428013435348261,13.75573454828397
2020-01-17 14:00:00,106.02304245653946,11.162928830269989,175.4169210288331,0.295655086480406,0.5595526243392549,26.222506235879237,0.295655086480406,14,4,1,17,0,398,11.162928830269989,94.86011362626948,106.02304245653946,106.02304245653946,0.0,31.806912736961834,106.02304245653946,95.42073821088552,94.86011362626948,0.1052877617131752,0.8947122382868248,28.04587509771584,42.68705113182126,8351.842258703298,11.162928830269989,175.4169210288331,106.02304245653946,31.806912736961834,21.20460849130789,0.1119105248678509,106.02304245653946,11.162928830269989,15.903456368480917,90.11958608805854,11.162928830269989,78.95665725778855,90.11958608805854,0.0,0.0,23.34393732975525,35.53049576600485
2020-01-17 15:00:00,143.9818741207808,30.47057725492802,175.4169210288331,0.1900148853522624,0.9403039747879792,17.820479478796063,0.1900148853522624,15,4,1,17,0,399,30.47057725492802,113.51129686585276,143.9818741207808,143.9818741207808,0.0,43.19456223623423,143.9818741207808,129.58368670870271,113.51129686585276,0.211627869417559,0.7883721305824409,21.56883606015164,51.08008358963375,720.6519239267129,30.47057725492802,175.4169210288331,143.9818741207808,43.19456223623423,28.79637482415616,0.1880607949575958,143.9818741207808,30.47057725492802,0.0,143.9818741207808,30.47057725492802,113.51129686585277,143.9818741207808,0.0,0.0,21.568836060151636,51.080083589633745
2020-01-17 16:00:00,118.49996208880012,40.70054847243682,175.4169210288331,0.1020685397193205,0.6847041053290848,11.693327145729231,0.1020685397193205,16,4,1,17,0,400,40.70054847243682,77.79941361636331,118.49996208880012,118.49996208880012,0.0,35.54998862664004,118.49996208880012,106.64996587992012,77.79941361636331,0.3434646539543795,0.6565353460456206,7.940872538841623,35.00973612736349,1379.9909163362242,40.70054847243682,175.4169210288331,118.49996208880012,35.54998862664004,23.69999241776003,0.1369408210658169,118.49996208880012,40.70054847243682,0.0,118.49996208880012,40.70054847243682,77.7994136163633,118.49996208880012,0.0,0.0,7.940872538841622,35.00973612736348
2020-01-17 17:00:00,99.91060648310386,53.25836539526704,175.4169210288331,0.2256397049787836,0.4982409835595049,34.08663783316371,0.2256397049787836,17,4,1,17,0,401,53.25836539526704,46.65224108783682,99.91060648310386,99.91060648310386,0.0,29.97318194493116,99.91060648310386,89.91954583479348,46.65224108783682,0.5330601751904459,0.4669398248095541,10.52659791565859,20.99350848952657,1127.8451223891163,53.25836539526704,175.4169210288331,99.91060648310386,29.97318194493116,19.98212129662077,0.0996481967119009,99.91060648310386,53.25836539526704,0.0,99.91060648310386,53.25836539526704,46.65224108783682,99.91060648310386,0.0,0.0,10.526597915658588,20.99350848952657
2020-01-17 18:00:00,120.54432280928616,11.444136963724846,175.4169210288331,0.1365609976244597,0.7052103504109811,12.371430625887836,0.1365609976244597,18,4,1,17,0,402,11.444136963724846,109.10018584556131,120.54432280928616,120.54432280928616,0.0,36.16329684278585,120.54432280928616,108.48989052835756,109.10018584556131,0.0949371708017363,0.9050628291982636,14.898830220083816,49.09508363050259,5648.175503789002,11.444136963724846,175.4169210288331,120.54432280928616,36.16329684278585,24.10886456185723,0.1410420700821962,120.54432280928616,11.444136963724846,0.0,120.54432280928616,11.444136963724846,109.10018584556131,120.54432280928616,0.0,0.0,14.89883022008381,49.09508363050259
2020-01-17 19:00:00,108.67364582532366,42.59217588711195,175.4169210288331,0.1562011404481749,0.5861398707828606,34.300447813527,0.1562011404481749,19,4,1,17,0,403,42.59217588711195,66.08146993821171,108.67364582532366,108.67364582532366,0.0,32.602093747597095,108.67364582532366,97.8062812427913,66.08146993821171,0.3919273671518519,0.608072632848148,10.32200096684046,29.73666147219527,2820.810247090092,42.59217588711195,175.4169210288331,108.67364582532366,32.602093747597095,21.73472916506473,0.1172279741565721,108.67364582532366,42.59217588711195,0.0,108.67364582532366,42.59217588711195,66.08146993821171,108.67364582532366,0.0,0.0,10.322000966840456,29.73666147219527
2020-01-17 20:00:00,63.40721815113688,31.637552742689795,175.4169210288331,0.1373815445796677,0.1320886602664845,10.23389464822452,0.1373815445796677,20,4,1,17,0,404,31.637552742689795,31.76966540844709,63.40721815113688,63.40721815113688,0.0,19.022165445341063,63.40721815113688,57.06649633602319,31.76966540844709,0.4989582206126565,0.5010417793873435,4.364565704591703,14.296349433801188,1297.303698325086,31.637552742689795,175.4169210288331,63.40721815113688,19.022165445341063,12.681443630227378,0.0264177320532969,63.40721815113688,31.637552742689795,0.0,63.40721815113688,31.637552742689795,31.769665408447086,63.40721815113688,0.0,0.0,4.3645657045917,14.296349433801188
2020-01-17 21:00:00,113.1516887281795,19.935013557196967,175.4169210288331,0.1053976234144424,0.6310575041207663,25.51118316322562,0.1053976234144424,21,4,1,17,0,405,19.935013557196967,93.21667517098253,113.1516887281795,113.1516887281795,0.0,33.94550661845385,113.1516887281795,101.83651985536154,93.21667517098253,0.1761795496051869,0.8238204503948131,9.824816025617626,41.94750382694214,3912.684432145121,19.935013557196967,175.4169210288331,113.1516887281795,33.94550661845385,22.6303377456359,0.1262115008241532,113.1516887281795,19.935013557196967,0.0,113.1516887281795,19.935013557196967,93.21667517098253,113.1516887281795,0.0,0.0,9.82481602561762,41.94750382694214
2020-01-17 22:00:00,107.7733013220629,78.09793922757308,175.4169210288331,0.1607821125932048,0.5771088397828059,27.89746641269004,0.1607821125932048,22,4,1,17,0,406,78.09793922757308,29.675362094489827,107.7733013220629,107.7733013220629,0.0,32.33199039661887,107.7733013220629,96.99597118985662,29.675362094489827,0.7246501523989707,0.2753498476010292,4.7712674095203855,13.353912942520422,7420.424390022558,78.09793922757308,175.4169210288331,107.7733013220629,32.33199039661887,21.554660264412583,0.1154217679565611,107.7733013220629,78.09793922757308,0.0,107.7733013220629,78.09793922757308,29.675362094489827,107.7733013220629,0.0,0.0,4.7712674095203855,13.353912942520422
2020-01-17 23:00:00,136.71943338686697,36.99135956091328,175.4169210288331,0.280904080428593,0.8674570510088044,14.348701470924247,0.280904080428593,23,4,1,17,0,407,36.99135956091328,99.72807382595369,136.71943338686697,136.71943338686697,0.0,41.015830016060086,136.71943338686697,123.04749004818028,99.72807382595369,0.2705640203777102,0.7294359796222897,28.014022870994356,44.87763322167916,6597.133312823024,36.99135956091328,175.4169210288331,136.71943338686697,41.015830016060086,27.343886677373398,0.1734914102017609,136.71943338686697,36.99135956091328,20.507915008030043,116.21151837883693,36.99135956091328,79.22015881792365,116.21151837883693,0.0,0.0,22.253265864155935,35.64907146806564
2020-01-18 00:00:00,53.19187930113844,52.230331916535015,175.4169210288331,0.171432101790121,0.0296222804571111,27.776370031204564,0.171432101790121,0,5,1,18,1,408,52.230331916535015,0.9615473846034276,53.19187930113844,53.19187930113844,0.0,15.957563790341531,53.19187930113844,47.8726913710246,0.9615473846034276,0.9819230416891316,0.0180769583108684,0.1648400891133595,0.4326963230715425,9987.053023745346,52.230331916535015,175.4169210288331,53.19187930113844,15.957563790341531,10.63837586022769,0.0059244560914222,53.19187930113844,52.230331916535015,0.0,53.19187930113844,52.230331916535015,0.9615473846034277,53.19187930113844,0.0,0.0,0.16484008911335946,0.4326963230715425
2020-01-18 01:00:00,125.09204401888124,20.9484308308422,175.4169210288331,0.2507705869838212,0.7508269017140818,17.248495301705102,0.2507705869838212,1,5,1,18,1,409,20.9484308308422,104.14361318803904,125.09204401888124,125.09204401888124,0.0,37.527613205664366,125.09204401888124,112.5828396169931,104.14361318803904,0.1674641340713904,0.8325358659286096,26.116155009780577,46.86462593461757,11625.096038999582,20.9484308308422,175.4169210288331,125.09204401888124,37.527613205664366,25.018408803776246,0.1501653803428163,125.09204401888124,20.9484308308422,18.763806602832187,106.32823741604905,20.9484308308422,85.37980658520685,106.32823741604905,0.0,0.0,21.410744213937445,38.420912963343085
2020-01-18 02:00:00,87.65832222992495,52.561354332048616,175.4169210288331,0.1473006433641485,0.3753427390417689,22.025577458304216,0.1473006433641485,2,5,1,18,1,410,52.561354332048616,35.09696789787633,87.65832222992495,87.65832222992495,0.0,26.297496668977484,87.65832222992495,78.89249000693246,35.09696789787633,0.5996162485768537,0.4003837514231463,5.16980595148805,15.79363555404435,5766.816158118677,52.561354332048616,175.4169210288331,87.65832222992495,26.297496668977484,17.53166444598499,0.0750685478083538,87.65832222992495,52.561354332048616,0.0,87.65832222992495,52.561354332048616,35.09696789787633,87.65832222992495,0.0,0.0,5.16980595148805,15.79363555404435
2020-01-18 03:00:00,89.83913784733491,35.68068394174934,175.4169210288331,0.1422049750232655,0.3972177139818099,18.38559526070184,0.1422049750232655,3,5,1,18,1,411,35.68068394174934,54.15845390558557,89.83913784733491,89.83913784733491,0.0,26.951741354200472,89.83913784733491,80.85522406260142,54.15845390558557,0.3971619140243988,0.6028380859756012,7.701601584942472,24.371304257513504,648.2972816480215,35.68068394174934,175.4169210288331,89.83913784733491,26.951741354200472,17.967827569466984,0.0794435427963619,89.83913784733491,35.68068394174934,0.0,89.83913784733491,35.68068394174934,54.15845390558557,89.83913784733491,0.0,0.0,7.701601584942472,24.371304257513504
2020-01-18 04:00:00,123.0726416813927,48.71734283718119,175.4169210288331,0.1094937181906134,0.7305710051707119,17.149435906310124,0.1094937181906134,4,5,1,18,1,412,48.71734283718119,74.3552988442115,123.0726416813927,123.0726416813927,0.0,36.92179250441781,123.0726416813927,110.76537751325344,74.3552988442115,0.3958421804522519,0.604157819547748,8.141438137626944,33.45988447989518,577.8670206307424,48.71734283718119,175.4169210288331,123.0726416813927,36.92179250441781,24.61452833627854,0.1461142010341423,123.0726416813927,48.71734283718119,0.0,123.0726416813927,48.71734283718119,74.3552988442115,123.0726416813927,0.0,0.0,8.141438137626936,33.45988447989518
2020-01-18 05:00:00,107.84402658590454,25.725419524013148,175.4169210288331,0.1841250433547814,0.5778182593971064,33.19532146070837,0.1841250433547814,5,5,1,18,1,413,25.725419524013148,82.1186070618914,107.84402658590454,107.84402658590454,0.0,32.35320797577136,107.84402658590454,97.05962392731408,82.1186070618914,0.2385428320735153,0.7614571679264847,15.12009208550501,36.95337317785113,588.8974921212963,25.725419524013148,175.4169210288331,107.84402658590454,32.35320797577136,21.56880531718091,0.1155636518794212,107.84402658590454,25.725419524013148,0.0,107.84402658590454,25.725419524013148,82.1186070618914,107.84402658590454,0.0,0.0,15.12009208550501,36.95337317785113
2020-01-18 06:00:00,98.22216243599226,78.01692254465334,175.4169210288331,0.1156484848941817,0.4813048102657292,11.760409108328446,0.1156484848941817,6,5,1,18,1,414,78.01692254465334,20.20523989133892,98.22216243599226,98.22216243599226,0.0,29.46664873079768,98.22216243599226,88.39994619239303,20.20523989133892,0.7942904188807091,0.2057095811192909,2.336705380356828,9.092357951102514,6567.666322553268,78.01692254465334,175.4169210288331,98.22216243599226,29.46664873079768,19.64443248719845,0.0962609620531458,98.22216243599226,78.01692254465334,0.0,98.22216243599226,78.01692254465334,20.20523989133892,98.22216243599226,0.0,0.0,2.3367053803568263,9.092357951102514
2020-01-18 07:00:00,128.47023530063174,54.28147651473388,175.4169210288331,0.1826502957552787,0.784712320105721,29.86386332328695,0.1826502957552787,7,5,1,18,1,415,54.28147651473388,74.18875878589786,128.47023530063174,128.47023530063174,0.0,38.54107059018952,128.47023530063174,115.62321177056856,74.18875878589786,0.4225218112795575,0.5774781887204424,13.550598733961277,33.38494145365404,3477.591710478421,54.28147651473388,175.4169210288331,128.47023530063174,38.54107059018952,25.69404706012635,0.1569424640211442,128.47023530063174,54.28147651473388,0.0,128.47023530063174,54.28147651473388,74.18875878589786,128.47023530063174,0.0,0.0,13.550598733961275,33.38494145365404
2020-01-18 08:00:00,61.0464453685423,55.58453948542716,175.4169210288331,0.2654560380724724,0.1084085999046097,32.96574110850099,0.2654560380724724,8,5,1,18,1,416,55.58453948542716,5.461905883115144,61.0464453685423,61.0464453685423,0.0,18.31393361056269,61.0464453685423,54.94180083168807,5.461905883115144,0.91052868270804,0.0894713172919599,1.4498958960564747,2.4578576474018146,4725.078283026326,55.58453948542716,175.4169210288331,61.0464453685423,18.31393361056269,12.209289073708462,0.0216817199809219,61.0464453685423,55.58453948542716,9.156966805281344,51.88947856326096,51.88947856326096,0.0,51.88947856326096,0.0,0.0,0.0,0.0
2020-01-18 09:00:00,117.37355962811264,79.89181324490986,175.4169210288331,0.2568538354282737,0.6734055684866153,11.12293137322792,0.2568538354282737,9,5,1,18,1,417,79.89181324490986,37.481746383202776,117.37355962811264,117.37355962811264,0.0,35.212067888433786,117.37355962811264,105.63620366530137,37.481746383202776,0.6806627787215429,0.319337221278457,9.62733031707546,16.86678587244125,1616.1137432694882,79.89181324490986,175.4169210288331,117.37355962811264,35.212067888433786,23.47471192562253,0.134681113697323,117.37355962811264,79.89181324490986,17.606033944216897,99.76752568389574,79.89181324490986,19.875712438985886,99.76752568389574,0.0,0.0,5.105152971822974,8.944070597543648
2020-01-18 10:00:00,112.43293514299803,57.134039352931865,175.4169210288331,0.1004339906040129,0.6238479461286138,27.55845386171635,0.1004339906040129,10,5,1,18,1,418,57.134039352931865,55.29889579006617,112.43293514299803,112.43293514299803,0.0,33.72988054289941,112.43293514299803,101.18964162869824,55.29889579006617,0.5081610586814783,0.4918389413185217,5.553888780191799,24.884503105529777,835.3670855048877,57.134039352931865,175.4169210288331,112.43293514299803,33.72988054289941,22.486587028599608,0.1247695892257227,112.43293514299803,57.134039352931865,0.0,112.43293514299803,57.134039352931865,55.29889579006617,112.43293514299803,0.0,0.0,5.5538887801917936,24.884503105529777
2020-01-18 11:00:00,100.35773251920084,52.02934044265782,175.4169210288331,0.1879664822217358,0.5027259435701441,13.441857331297436,0.1879664822217358,11,5,1,18,1,419,52.02934044265782,48.32839207654302,100.35773251920084,100.35773251920084,0.0,30.10731975576025,100.35773251920084,90.32195926728076,48.32839207654302,0.5184387803172352,0.4815612196827648,9.084117850060602,21.74777643444436,74.64587298479306,52.02934044265782,175.4169210288331,100.35773251920084,30.10731975576025,20.071546503840167,0.1005451887140288,100.35773251920084,52.02934044265782,0.0,100.35773251920084,52.02934044265782,48.32839207654302,100.35773251920084,0.0,0.0,9.0841178500606,21.747776434444358
2020-01-18 12:00:00,108.688503473519,64.71732589495252,175.4169210288331,0.2274332836816759,0.5862889024934492,22.548761162321423,0.2274332836816759,12,5,1,18,1,420,64.71732589495252,43.97117757856648,108.688503473519,108.688503473519,0.0,32.6065510420557,108.688503473519,97.81965312616713,43.97117757856648,0.5954385590626917,0.4045614409373083,10.000509304043458,19.78702991035492,179.97029301901898,64.71732589495252,175.4169210288331,108.688503473519,32.6065510420557,21.737700694703804,0.1172577804986898,108.688503473519,64.71732589495252,0.0,108.688503473519,64.71732589495252,43.97117757856648,108.688503473519,0.0,0.0,10.000509304043458,19.787029910354917
2020-01-18 13:00:00,122.70308020165936,27.544197462068727,175.4169210288331,0.1445241238479112,0.7268640672510484,15.318510629388085,0.1445241238479112,13,5,1,18,1,421,27.544197462068727,95.15888273959062,122.70308020165936,122.70308020165936,0.0,36.81092406049781,122.70308020165936,110.43277218149342,95.15888273959062,0.2244784516965715,0.7755215483034286,13.752754154285451,42.82149723281578,4002.022637139611,27.544197462068727,175.4169210288331,122.70308020165936,36.81092406049781,24.54061604033187,0.1453728134502096,122.70308020165936,27.544197462068727,0.0,122.70308020165936,27.544197462068727,95.15888273959064,122.70308020165936,0.0,0.0,13.752754154285455,42.82149723281579
2020-01-18 14:00:00,52.86292050395751,64.39468982774089,175.4169210288331,0.171694664029481,0.0263226134026422,15.625781024781968,0.171694664029481,14,5,1,18,1,422,52.86292050395751,0.0,52.86292050395751,52.86292050395751,0.0,15.858876151187252,52.86292050395751,47.57662845356176,0.0,1.0,0.0,0.0,0.0,9696.250700719029,64.39468982774089,175.4169210288331,52.86292050395751,15.858876151187252,10.572584100791502,0.0052645226805284,52.86292050395751,64.39468982774089,0.0,52.86292050395751,52.86292050395751,0.0,52.86292050395751,0.0,0.0,0.0,0.0
2020-01-18 15:00:00,60.36069813991482,46.499931235284215,175.4169210288331,0.2473014712149952,0.1015301167712011,21.41364345461648,0.2473014712149952,15,5,1,18,1,423,46.499931235284215,13.860766904630609,60.36069813991482,60.36069813991482,0.0,18.108209441974445,60.36069813991482,54.32462832592334,13.860766904630609,0.7703676840764558,0.2296323159235442,3.427788047683265,6.237345107083774,232.6084916177547,46.499931235284215,175.4169210288331,60.36069813991482,18.108209441974445,12.072139627982963,0.0203060233542402,60.36069813991482,46.499931235284215,9.054104720987223,51.30659341892759,46.499931235284215,4.806662183643375,51.30659341892759,0.0,0.0,1.1886946296484882,2.162997982639519
2020-01-18 16:00:00,70.31833253611765,32.66444761225944,175.4169210288331,0.1907565912225143,0.2014115561464946,15.930529913231506,0.1907565912225143,16,5,1,18,1,424,32.66444761225944,37.653884923858215,70.31833253611765,70.31833253611765,0.0,21.095499760835292,70.31833253611765,63.286499282505886,37.653884923858215,0.4645224998115815,0.5354775001884186,7.182726734360018,16.9442482157362,757.5330721598802,32.66444761225944,175.4169210288331,70.31833253611765,21.095499760835292,14.06366650722353,0.0402823112292989,70.31833253611765,32.66444761225944,0.0,70.31833253611765,32.66444761225944,37.653884923858215,70.31833253611765,0.0,0.0,7.182726734360015,16.9442482157362
2020-01-18 17:00:00,88.85336303744012,16.80457727310864,175.4169210288331,0.1812514757207971,0.3873297623866253,16.310883944390064,0.1812514757207971,17,5,1,18,1,425,16.80457727310864,72.04878576433148,88.85336303744012,88.85336303744012,0.0,26.65600891123204,88.85336303744012,79.9680267336961,72.04878576433148,0.1891270819544298,0.8108729180455703,13.058948743676645,32.42195359394917,1434.544691000664,16.80457727310864,175.4169210288331,88.85336303744012,26.65600891123204,17.770672607488024,0.077465952477325,88.85336303744012,16.80457727310864,0.0,88.85336303744012,16.80457727310864,72.04878576433148,88.85336303744012,0.0,0.0,13.058948743676641,32.42195359394917
2020-01-18 18:00:00,72.54126782465755,16.76640613166156,175.4169210288331,0.2566507055164615,0.2237090183170445,11.709118785810832,0.2566507055164615,18,5,1,18,1,426,16.76640613166156,55.77486169299599,72.54126782465755,72.54126782465755,0.0,21.762380347397265,72.54126782465755,65.2871410421918,55.77486169299599,0.2311292128528594,0.7688707871471405,14.314657603590485,25.0986877618482,264.84206171563216,16.76640613166156,175.4169210288331,72.54126782465755,21.762380347397265,14.508253564931511,0.0447418036634089,72.54126782465755,16.76640613166156,10.881190173698633,61.66007765095892,16.76640613166156,44.89367151929736,61.66007765095892,0.0,0.0,11.521992468651941,20.20215218368381
2020-01-18 19:00:00,58.12250388285155,77.31335665118382,175.4169210288331,0.2030129004918149,0.0790795973905895,23.07338828800089,0.2030129004918149,19,5,1,18,1,427,58.12250388285155,0.0,58.12250388285155,58.12250388285155,0.0,17.436751164855462,58.12250388285155,52.3102534945664,0.0,1.0,0.0,0.0,0.0,4821.162018078813,77.31335665118382,175.4169210288331,58.12250388285155,17.436751164855462,11.62450077657031,0.0158159194781179,58.12250388285155,77.31335665118382,0.0,58.12250388285155,58.12250388285155,0.0,58.12250388285155,0.0,0.0,0.0,0.0
2020-01-18 20:00:00,135.3688996534506,33.35224245238638,175.4169210288331,0.2489752709834978,0.8539103342032592,19.27104096287801,0.2489752709834978,20,5,1,18,1,428,33.35224245238638,102.01665720106422,135.3688996534506,135.3688996534506,0.0,40.610669896035176,135.3688996534506,121.83200968810554,102.01665720106422,0.2463803911959789,0.753619608804021,25.39962487146557,45.9074957404789,11020.964197813038,33.35224245238638,175.4169210288331,135.3688996534506,40.610669896035176,27.07377993069012,0.1707820668406518,135.3688996534506,33.35224245238638,20.305334948017588,115.06356470543301,33.35224245238638,81.71132225304663,115.06356470543301,0.0,0.0,20.3440986003722,36.770095013870986
2020-01-18 21:00:00,110.3220277340605,54.47555933736897,175.4169210288331,0.171815631187815,0.6026741952151385,34.98080781683813,0.171815631187815,21,5,1,18,1,429,54.47555933736897,55.84646839669153,110.3220277340605,110.3220277340605,0.0,33.096608320218145,110.3220277340605,99.28982496065446,55.84646839669153,0.4937867845276229,0.5062132154723771,9.59529621718792,25.130910778511183,2577.880850454812,54.47555933736897,175.4169210288331,110.3220277340605,33.096608320218145,22.0644055468121,0.1205348390430277,110.3220277340605,54.47555933736897,0.0,110.3220277340605,54.47555933736897,55.84646839669153,110.3220277340605,0.0,0.0,9.595296217187919,25.130910778511186
2020-01-18 22:00:00,91.87401790144888,11.266562755536317,175.4169210288331,0.2665863814703864,0.4176288619185611,20.505847372962343,0.2665863814703864,22,5,1,18,1,430,11.266562755536317,80.60745514591257,91.87401790144888,91.87401790144888,0.0,27.562205370434665,91.87401790144888,82.68661611130399,80.60745514591257,0.122630565342442,0.877369434657558,21.488849786885307,36.27335481566065,2480.1238504039256,11.266562755536317,175.4169210288331,91.87401790144888,27.562205370434665,18.374803580289772,0.0835257723837122,91.87401790144888,11.266562755536317,13.781102685217332,78.09291521623155,11.266562755536317,66.82635246069523,78.09291521623155,0.0,0.0,17.814995489361394,30.071858607312855
2020-01-18 23:00:00,106.91103405228962,27.7923569166667,175.4169210288331,0.1103608542989917,0.5684597477791868,25.642410451246192,0.1103608542989917,23,5,1,18,1,431,27.7923569166667,79.11867713562292,106.91103405228962,106.91103405228962,0.0,32.07331021568689,106.91103405228962,96.21993064706066,79.11867713562292,0.2599577972753832,0.7400422027246167,8.731604799693454,35.603404711030315,275.31833261997315,27.7923569166667,175.4169210288331,106.91103405228962,32.07331021568689,21.382206810457927,0.1136919495558373,106.91103405228962,27.7923569166667,0.0,106.91103405228962,27.7923569166667,79.11867713562292,106.91103405228962,0.0,0.0,8.731604799693446,35.603404711030315
2020-01-19 00:00:00,57.725836908849296,24.179390824187863,175.4169210288331,0.2816286927539625,0.0751007740335987,15.03451591843666,0.2816286927539625,0,6,1,19,1,432,24.179390824187863,33.54644608466143,57.725836908849296,57.725836908849296,0.0,17.317751072654787,57.725836908849296,51.95325321796437,33.54644608466143,0.4188660073022032,0.5811339926977968,9.447641757364485,15.095900738097646,2089.88176694762,24.179390824187863,175.4169210288331,57.725836908849296,17.317751072654787,11.54516738176986,0.0150201548067197,57.725836908849296,24.179390824187863,8.658875536327393,49.0669613725219,24.179390824187863,24.88757054833404,49.0669613725219,0.0,0.0,7.009053959349334,11.199406746750318
2020-01-19 01:00:00,116.81801826712574,59.00158074787641,175.4169210288331,0.2255217623480367,0.6678331334523424,29.40826753745617,0.2255217623480367,1,6,1,19,1,433,59.00158074787641,57.81643751924933,116.81801826712574,116.81801826712574,0.0,35.04540548013772,116.81801826712574,105.13621644041316,57.81643751924933,0.5050726045785037,0.4949273954214964,13.038864882026264,26.0173968836622,1801.617395316406,59.00158074787641,175.4169210288331,116.81801826712574,35.04540548013772,23.363603653425148,0.1335666266904684,116.81801826712574,59.00158074787641,0.0,116.81801826712574,59.00158074787641,57.81643751924933,116.81801826712574,0.0,0.0,13.038864882026258,26.017396883662197
2020-01-19 02:00:00,81.5030855782269,57.990926953612686,175.4169210288331,0.2082059689563843,0.3136017800945712,34.60662032761148,0.2082059689563843,2,6,1,19,1,434,57.990926953612686,23.512158624614216,81.5030855782269,81.5030855782269,0.0,24.45092567346807,81.5030855782269,73.35277702040422,23.512158624614216,0.7115181780198103,0.2884818219801897,4.895371768694012,10.580471381076398,1177.8049715727675,57.990926953612686,175.4169210288331,81.5030855782269,24.45092567346807,16.30061711564538,0.0627203560189142,81.5030855782269,57.990926953612686,0.0,81.5030855782269,57.990926953612686,23.512158624614216,81.5030855782269,0.0,0.0,4.895371768694011,10.580471381076398
2020-01-19 03:00:00,94.9003214523948,33.55364274357793,175.4169210288331,0.1337330534068463,0.4479846213919462,13.903791453566573,0.1337330534068463,3,6,1,19,1,435,33.55364274357793,61.34667870881686,94.9003214523948,94.9003214523948,0.0,28.470096435718435,94.9003214523948,85.41028930715531,61.34667870881686,0.3535672190574146,0.6464327809425854,8.204078660098846,27.606005418967587,2028.6317695639475,33.55364274357793,175.4169210288331,94.9003214523948,28.470096435718435,18.98006429047896,0.0895969242783892,94.9003214523948,33.55364274357793,0.0,94.9003214523948,33.55364274357793,61.346678708816874,94.9003214523948,0.0,0.0,8.204078660098848,27.606005418967595
2020-01-19 04:00:00,88.80967720936427,75.31218244422124,175.4169210288331,0.1903600308021899,0.3868915656006315,30.042575336087943,0.1903600308021899,4,6,1,19,1,436,75.31218244422124,13.497494765143031,88.80967720936427,88.80967720936427,0.0,26.64290316280928,88.80967720936427,79.92870948842784,13.497494765143031,0.8480177477357183,0.1519822522642817,2.569383519245025,6.073872644314364,4033.320042005737,75.31218244422124,175.4169210288331,88.80967720936427,26.64290316280928,17.761935441872854,0.0773783131201263,88.80967720936427,75.31218244422124,0.0,88.80967720936427,75.31218244422124,13.497494765143031,88.80967720936427,0.0,0.0,2.5693835192450245,6.073872644314364
2020-01-19 05:00:00,92.9264872354974,29.657873992170764,175.4169210288331,0.1129473248796272,0.4281858022319361,24.943505043994108,0.1129473248796272,5,6,1,19,1,437,29.657873992170764,63.26861324332664,92.9264872354974,92.9264872354974,0.0,27.87794617064922,92.9264872354974,83.63383851194767,63.26861324332664,0.3191541494193231,0.6808458505806768,7.146020614677501,28.47087595949699,4561.480114804357,29.657873992170764,175.4169210288331,92.9264872354974,27.87794617064922,18.58529744709948,0.0856371604463872,92.9264872354974,29.657873992170764,0.0,92.9264872354974,29.657873992170764,63.26861324332664,92.9264872354974,0.0,0.0,7.146020614677498,28.47087595949699
2020-01-19 06:00:00,101.4660258988758,33.89834819936429,175.4169210288331,0.1230512589986391,0.5138428347520757,22.94688256259291,0.1230512589986391,6,6,1,19,1,438,33.89834819936429,67.56767769951152,101.4660258988758,101.4660258988758,0.0,30.439807769662742,101.4660258988758,91.31942330898823,67.56767769951152,0.3340856991201019,0.6659143008798981,8.314287808539168,30.405454964780184,36.46357670030578,33.89834819936429,175.4169210288331,101.4660258988758,30.439807769662742,20.293205179775164,0.1027685669504151,101.4660258988758,33.89834819936429,0.0,101.4660258988758,33.89834819936429,67.5676776995115,101.4660258988758,0.0,0.0,8.314287808539161,30.40545496478018
2020-01-19 07:00:00,107.35590778982905,40.575350858150834,175.4169210288331,0.1336100483730435,0.5729221157952941,27.172544783261785,0.1336100483730435,7,6,1,19,1,439,40.575350858150834,66.7805569316782,107.35590778982905,107.35590778982905,0.0,32.20677233694871,107.35590778982905,96.62031701084616,66.7805569316782,0.3779517279811494,0.6220482720188505,8.922553442020316,30.051250619255192,45.201923608597056,40.575350858150834,175.4169210288331,107.35590778982905,32.20677233694871,21.47118155796581,0.1145844231590588,107.35590778982905,40.575350858150834,0.0,107.35590778982905,40.575350858150834,66.7805569316782,107.35590778982905,0.0,0.0,8.92255344202031,30.051250619255192
2020-01-19 08:00:00,108.8138608120401,23.406291560173667,175.4169210288331,0.2933842729812496,0.5875463167456252,11.165517448153745,0.2933842729812496,8,6,1,19,1,440,23.406291560173667,85.40756925186643,108.8138608120401,108.8138608120401,0.0,32.64415824361203,108.8138608120401,97.93247473083608,85.40756925186643,0.2151039526168875,0.7848960473831125,25.05723761205456,38.433406163339896,641.7421851539002,23.406291560173667,175.4169210288331,108.8138608120401,32.64415824361203,21.762772162408023,0.117509263349125,108.8138608120401,23.406291560173667,16.322079121806016,92.49178169023409,23.406291560173667,69.08549013006042,92.49178169023409,0.0,0.0,20.26859629536107,31.08847055852719
2020-01-19 09:00:00,54.45176962004541,54.58236346338085,175.4169210288331,0.271105162728368,0.0422597858625528,29.61163699370969,0.271105162728368,9,6,1,19,1,441,54.45176962004541,0.0,54.45176962004541,54.45176962004541,0.0,16.335530886013622,54.45176962004541,49.00659265804087,0.0,1.0,0.0,0.0,0.0,8258.274593478338,54.58236346338085,175.4169210288331,54.45176962004541,16.335530886013622,10.890353924009084,0.0084519571725105,54.45176962004541,54.58236346338085,8.167765443006811,46.2840041770386,46.2840041770386,0.0,46.2840041770386,0.0,0.0,0.0,0.0
2020-01-19 10:00:00,66.96211646419843,68.48012009712954,175.4169210288331,0.1540024663112321,0.1677465631592428,30.99053815669103,0.1540024663112321,10,6,1,19,1,442,66.96211646419843,0.0,66.96211646419843,66.96211646419843,0.0,20.088634939259528,66.96211646419843,60.26590481777859,0.0,1.0,0.0,0.0,0.0,156.50877816100942,68.48012009712954,175.4169210288331,66.96211646419843,20.088634939259528,13.392423292839688,0.0335493126318485,66.96211646419843,68.48012009712954,0.0,66.96211646419843,66.96211646419843,0.0,66.96211646419843,0.0,0.0,0.0,0.0
2020-01-19 11:00:00,115.44704550786729,45.55759629733755,175.4169210288331,0.2588817701922765,0.654081400149976,11.122721366849408,0.2588817701922765,11,6,1,19,1,443,45.55759629733755,69.88944921052973,115.44704550786729,115.44704550786729,1.4210854715202004e-14,34.634113652360185,115.44704550786729,103.90234095708055,69.88944921052973,0.3946189882722721,0.6053810117277278,18.09310432938514,31.450252144738386,5342.6885945247695,45.55759629733755,175.4169210288331,115.44704550786729,34.634113652360185,23.08940910157346,0.1308162800299952,115.44704550786729,45.55759629733755,17.317056826180092,98.1299886816872,45.55759629733755,52.57239238434965,98.1299886816872,0.0,0.0,13.610034003703392,23.657576572957343
2020-01-19 12:00:00,147.64887196928618,73.97255569683344,175.4169210288331,0.2467755471358673,0.9770863076917148,11.503916404863997,0.2467755471358673,12,6,1,19,1,444,73.97255569683344,73.67631627245274,147.64887196928618,147.64887196928618,0.0,44.29466159078585,147.64887196928618,132.88398477235756,73.67631627245274,0.5010031889185118,0.4989968110814882,18.181513259089733,33.15434232260373,821.7502798196773,73.97255569683344,175.4169210288331,147.64887196928618,44.29466159078585,29.52977439385724,0.195417261538343,147.64887196928618,73.97255569683344,22.147330795392925,125.50154117389326,73.97255569683344,51.52898547705982,125.50154117389326,0.0,0.0,12.716093584457598,23.18804346467692
2020-01-19 13:00:00,78.57852719896019,37.53839856344895,175.4169210288331,0.2401044696626535,0.2842665897435752,31.61808372826503,0.2401044696626535,13,6,1,19,1,445,37.53839856344895,41.04012863551124,78.57852719896019,78.57852719896019,0.0,23.57355815968805,78.57852719896019,70.72067447906417,41.04012863551124,0.477718276246156,0.522281723753844,9.853918320916506,18.46805788598006,2392.568549493805,37.53839856344895,175.4169210288331,78.57852719896019,23.57355815968805,15.71570543979204,0.056853317948715,78.57852719896019,37.53839856344895,0.0,78.57852719896019,37.53839856344895,41.04012863551124,78.57852719896019,0.0,0.0,9.853918320916506,18.46805788598006
2020-01-19 14:00:00,94.88019489135186,57.17071643308903,175.4169210288331,0.1044865643932489,0.4477827391168339,33.16831962529088,0.1044865643932489,14,6,1,19,1,446,57.17071643308903,37.70947845826284,94.88019489135186,94.88019489135186,0.0,28.46405846740556,94.88019489135186,85.39217540221668,37.70947845826284,0.6025569034565719,0.3974430965434281,3.940133849165112,16.969265306218276,396.5211355377938,57.17071643308903,175.4169210288331,94.88019489135186,28.46405846740556,18.97603897827037,0.0895565478233667,94.88019489135186,57.17071643308903,0.0,94.88019489135186,57.17071643308903,37.709478458262836,94.88019489135186,0.0,0.0,3.940133849165112,16.969265306218276
2020-01-19 15:00:00,130.53776415519366,30.438438638353137,175.4169210288331,0.2481180336305796,0.8054509563848702,14.20701934862396,0.2481180336305796,15,6,1,19,1,447,30.438438638353137,100.09932551684052,130.53776415519366,130.53776415519366,0.0,39.1613292465581,130.53776415519366,117.48398773967428,100.09932551684052,0.2331772635707587,0.7668227364292413,24.83644781498577,45.04469648257824,4607.107692087644,30.438438638353137,175.4169210288331,130.53776415519366,39.1613292465581,26.10755283103873,0.161090191276974,130.53776415519366,30.438438638353137,19.58066462327905,110.95709953191461,30.438438638353137,80.51866089356147,110.95709953191461,0.0,0.0,19.97813181147792,36.23339740210267
2020-01-19 16:00:00,119.28145252508608,46.32156226836852,175.4169210288331,0.1393527018506042,0.6925429540484183,32.22595519530161,0.1393527018506042,16,6,1,19,1,448,46.32156226836852,72.95989025671756,119.28145252508608,119.28145252508608,0.0,35.78443575752582,119.28145252508608,107.35330727257748,72.95989025671756,0.3883383484001976,0.6116616515998022,10.167157833997168,32.8319506155229,988.8225624847588,46.32156226836852,175.4169210288331,119.28145252508608,35.78443575752582,23.856290505017213,0.1385085908096836,119.28145252508608,46.32156226836852,0.0,119.28145252508608,46.32156226836852,72.95989025671756,119.28145252508608,0.0,0.0,10.167157833997164,32.8319506155229
2020-01-19 17:00:00,100.94181486300604,28.20839418521979,175.4169210288331,0.1774704664609949,0.5085846629096697,29.51245952155815,0.1774704664609949,17,6,1,19,1,449,28.20839418521979,72.73342067778626,100.94181486300604,100.94181486300604,0.0,30.28254445890181,100.94181486300604,90.84763337670545,72.73342067778626,0.2794520211817375,0.7205479788182625,12.908034094990503,32.730039305003814,328.13814647857896,28.20839418521979,175.4169210288331,100.94181486300604,30.28254445890181,20.18836297260121,0.1017169325819339,100.94181486300604,28.20839418521979,0.0,100.94181486300604,28.20839418521979,72.73342067778626,100.94181486300604,0.0,0.0,12.9080340949905,32.730039305003814
2020-01-19 18:00:00,110.32286472404716,20.09371854493101,175.4169210288331,0.2437200659978152,0.6026825907598315,21.350593521235595,0.2437200659978152,18,6,1,19,1,450,20.09371854493101,90.22914617911611,110.32286472404716,110.32286472404716,0.0,33.09685941721414,110.32286472404716,99.29057825164244,90.22914617911611,0.1821355762941059,0.8178644237058941,21.990653461700703,40.60311578060226,371.9483715649805,20.09371854493101,175.4169210288331,110.32286472404716,33.09685941721414,22.06457294480943,0.1205365181519663,110.32286472404716,20.09371854493101,0.0,110.32286472404716,20.09371854493101,90.22914617911616,110.32286472404716,0.0,0.0,21.990653461700706,40.60311578060227
2020-01-19 19:00:00,139.66149525958662,52.50894223858641,175.4169210288331,0.2631464291908595,0.8969678125899353,27.53491771564571,0.2631464291908595,19,6,1,19,1,451,52.50894223858641,87.15255302100022,139.66149525958662,139.66149525958662,0.0,41.89844857787598,139.66149525958662,125.69534573362796,87.15255302100022,0.3759729347089465,0.6240270652910535,22.93388312234326,39.2186488594501,1060.2121525702837,52.50894223858641,175.4169210288331,139.66149525958662,41.89844857787598,27.93229905191733,0.179393562517987,139.66149525958662,52.50894223858641,20.94922428893799,118.71227097064863,52.50894223858641,66.20332873206223,118.71227097064863,0.0,0.0,17.421169556390808,29.791497929428004
2020-01-19 20:00:00,111.22753058190168,35.04547620885869,175.4169210288331,0.2975250414570273,0.6117569677093059,30.39446621036527,0.2975250414570273,20,6,1,19,1,452,35.04547620885869,76.182054373043,111.22753058190168,111.22753058190168,0.0,33.368259174570504,111.22753058190168,100.10477752371152,76.182054373043,0.3150791537447033,0.6849208462552967,22.66606888562113,34.28192446786935,425.3244863562851,35.04547620885869,175.4169210288331,111.22753058190168,33.368259174570504,22.24550611638034,0.1223513935418611,111.22753058190168,35.04547620885869,16.684129587285252,94.54340099461642,35.04547620885869,59.49792478575773,94.54340099461642,0.0,0.0,17.70212253848966,26.77406615359098
2020-01-19 21:00:00,140.54572899969838,23.234698237172807,175.4169210288331,0.1814917393808615,0.9058372423352412,24.512978394325074,0.1814917393808615,21,6,1,19,1,453,23.234698237172807,117.31103076252558,140.54572899969838,140.54572899969838,0.0,42.16371869990952,140.54572899969838,126.49115609972854,117.31103076252558,0.1653177112000512,0.8346822887999488,21.29098302165252,52.78996384313651,1831.0871751430757,23.234698237172807,175.4169210288331,140.54572899969838,42.16371869990952,28.10914579993968,0.1811674484670482,140.54572899969838,23.234698237172807,0.0,140.54572899969838,23.234698237172807,117.31103076252558,140.54572899969838,0.0,0.0,21.29098302165252,52.78996384313651
2020-01-19 22:00:00,114.04074210753588,51.96005409644436,175.4169210288331,0.1753016700506494,0.6399752779291166,33.47842262273258,0.1753016700506494,22,6,1,19,1,454,51.96005409644436,62.08068801109152,114.04074210753588,114.04074210753588,0.0,34.21222263226076,114.04074210753588,102.63666789678228,62.08068801109152,0.4556271130491952,0.5443728869508049,10.882848286237676,27.936309604991184,3875.536829682671,51.96005409644436,175.4169210288331,114.04074210753588,34.21222263226076,22.808148421507177,0.1279950555858233,114.04074210753588,51.96005409644436,0.0,114.04074210753588,51.96005409644436,62.08068801109152,114.04074210753588,0.0,0.0,10.882848286237671,27.936309604991184
2020-01-19 23:00:00,72.5510378205545,15.9069356204066,175.4169210288331,0.2514366295261701,0.2238070176223062,18.5455022683202,0.2514366295261701,23,6,1,19,1,455,15.9069356204066,56.6441022001479,72.5510378205545,72.5510378205545,0.0,21.76531134616635,72.5510378205545,65.29593403849906,56.6441022001479,0.2192516619782934,0.7807483380217065,14.242402139741102,25.48984599006656,1329.3838171269688,15.9069356204066,175.4169210288331,72.5510378205545,21.76531134616635,14.5102075641109,0.0447614035244612,72.5510378205545,15.9069356204066,10.882655673083175,61.66838214747132,15.9069356204066,45.76144652706472,61.66838214747132,0.0,0.0,11.506103877007215,20.592650937179126
2020-01-20 00:00:00,111.66669908100889,25.240785212237576,175.4169210288331,0.1113602992582006,0.6161621085363121,15.978360585400312,0.1113602992582006,0,0,1,20,0,456,25.240785212237576,86.42591386877132,111.66669908100889,111.66669908100889,0.0,33.500009724302664,111.66669908100889,100.500029172908,86.42591386877132,0.2260368168842045,0.7739631831157955,9.62441563208985,38.89166124094709,974.0770544682772,25.240785212237576,175.4169210288331,111.66669908100889,33.500009724302664,22.33333981620178,0.1232324217072624,111.66669908100889,25.240785212237576,0.0,111.66669908100889,25.240785212237576,86.42591386877132,111.66669908100889,0.0,0.0,9.624415632089843,38.891661240947094
2020-01-20 01:00:00,93.09187628593888,34.99862003360658,175.4169210288331,0.2360073291934496,0.429844760148819,10.076007897988598,0.2360073291934496,1,0,1,20,0,457,34.99862003360658,58.09325625233229,93.09187628593888,93.09187628593888,0.0,27.927562885781654,93.09187628593888,83.78268865734498,58.09325625233229,0.3759578325191945,0.6240421674808055,13.710434252263614,26.14196531354953,897.9548280114819,34.99862003360658,175.4169210288331,93.09187628593888,27.927562885781654,18.618375257187772,0.0859689520297638,93.09187628593888,34.99862003360658,0.0,93.09187628593888,34.99862003360658,58.0932562523323,93.09187628593888,0.0,0.0,13.710434252263614,26.141965313549537
2020-01-20 02:00:00,99.36838493402612,60.60328422104781,175.4169210288331,0.1337924595924712,0.4928021547546595,17.848981998402664,0.1337924595924712,2,0,1,20,0,458,60.60328422104781,38.7651007129783,99.36838493402612,99.36838493402612,0.0,29.810515480207837,99.36838493402612,89.4315464406235,38.7651007129783,0.6098849675506379,0.3901150324493621,5.186478170739229,17.444295320840236,1029.1764247050955,60.60328422104781,175.4169210288331,99.36838493402612,29.810515480207837,19.873676986805226,0.0985604309509319,99.36838493402612,60.60328422104781,0.0,99.36838493402612,60.60328422104781,38.76510071297832,99.36838493402612,0.0,0.0,5.186478170739228,17.444295320840244
2020-01-20 03:00:00,58.74284438554727,39.82437670380393,175.4169210288331,0.1164984298671496,0.0853020092453237,34.446590699563124,0.1164984298671496,3,0,1,20,0,459,39.82437670380393,18.918467681743337,58.74284438554727,58.74284438554727,0.0,17.62285331566418,58.74284438554727,52.86855994699254,18.918467681743337,0.6779443031805603,0.3220556968194397,2.2039717804155123,8.513310456784502,825.651840286681,39.82437670380393,175.4169210288331,58.74284438554727,17.62285331566418,11.748568877109454,0.0170604018490647,58.74284438554727,39.82437670380393,0.0,58.74284438554727,39.82437670380393,18.918467681743344,58.74284438554727,0.0,0.0,2.2039717804155132,8.513310456784506
2020-01-20 04:00:00,80.39910304419237,78.35258632676245,175.4169210288331,0.2745982699846514,0.3025281294505386,13.103200771759544,0.2745982699846514,4,0,1,20,0,460,78.35258632676245,2.046516717429924,80.39910304419237,80.39910304419237,0.0,24.119730913257712,80.39910304419237,72.35919273977314,2.046516717429924,0.97454552799793,0.0254544720020698,0.5619699501009249,0.9209325228434658,1769.08566609283,78.35258632676245,175.4169210288331,80.39910304419237,24.119730913257712,16.079820608838475,0.0605056258901077,80.39910304419237,78.35258632676245,12.059865456628856,68.33923758756352,68.33923758756352,0.0,68.33923758756352,0.0,0.0,0.0,0.0
2020-01-20 05:00:00,114.13378020398928,41.70008095981582,175.4169210288331,0.1241623177835855,0.6409085095201507,23.473255083563195,0.1241623177835855,5,0,1,20,0,461,41.70008095981582,72.43369924417347,114.13378020398928,114.13378020398928,0.0,34.240134061196784,114.13378020398928,102.72040218359037,72.43369924417347,0.3653614283631542,0.6346385716368458,8.993535983795722,32.59516465987806,6297.761613727163,41.70008095981582,175.4169210288331,114.13378020398928,34.240134061196784,22.82675604079786,0.1281817019040301,114.13378020398928,41.70008095981582,0.0,114.13378020398928,41.70008095981582,72.43369924417345,114.13378020398928,0.0,0.0,8.99353598379572,32.59516465987806
2020-01-20 06:00:00,70.67455759550481,34.347505931742305,175.4169210288331,0.1348065925152184,0.2049847212434886,28.889035402283557,0.1348065925152184,6,0,1,20,0,462,34.347505931742305,36.3270516637625,70.67455759550481,70.67455759550481,0.0,21.20236727865144,70.67455759550481,63.60710183595433,36.3270516637625,0.4859953440150992,0.5140046559849007,4.897126050916119,16.347173248693128,1357.7503590394472,34.347505931742305,175.4169210288331,70.67455759550481,21.20236727865144,14.134911519100962,0.0409969442486977,70.67455759550481,34.347505931742305,0.0,70.67455759550481,34.347505931742305,36.327051663762504,70.67455759550481,0.0,0.0,4.8971260509161185,16.347173248693128
2020-01-20 07:00:00,82.47106632667547,25.779794842413075,175.4169210288331,0.2537635527747697,0.3233112458768744,22.04698394289174,0.2537635527747697,7,0,1,20,0,463,25.779794842413075,56.6912714842624,82.47106632667547,82.47106632667547,0.0,24.74131989800264,82.47106632667547,74.22395969400793,56.6912714842624,0.3125919912360165,0.6874080087639834,14.38617846316542,25.51107216791808,488.1071222078557,25.779794842413075,175.4169210288331,82.47106632667547,24.74131989800264,16.494213265335095,0.0646622491753748,82.47106632667547,25.779794842413075,12.37065994900132,70.10040637767415,25.779794842413075,44.32061153526107,70.10040637767415,0.0,0.0,11.24695584433829,19.944275190867483
2020-01-20 08:00:00,59.76094777925578,56.83545191464194,175.4169210288331,0.2057990735978679,0.0955142372053355,24.348254553269307,0.2057990735978679,8,0,1,20,0,464,56.83545191464194,2.9254958646138363,59.76094777925578,59.76094777925578,0.0,17.928284333776734,59.76094777925578,53.784853001330205,2.9254958646138363,0.9510466956544934,0.0489533043455066,0.6020643387519213,1.3164731390762263,3855.2124641702735,56.83545191464194,175.4169210288331,59.76094777925578,17.928284333776734,11.952189555851156,0.0191028474410671,59.76094777925578,56.83545191464194,0.0,59.76094777925578,56.83545191464194,2.9254958646138363,59.76094777925578,0.0,0.0,0.602064338751921,1.3164731390762263
2020-01-20 09:00:00,146.9790281375121,20.34969725677609,175.4169210288331,0.1247169998673838,0.9703673457965312,32.73315571487672,0.1247169998673838,9,0,1,20,0,465,20.34969725677609,126.629330880736,146.9790281375121,146.9790281375121,0.0,44.09370844125363,146.9790281375121,132.2811253237609,126.629330880736,0.1384530671800137,0.8615469328199863,15.792830242659653,56.9831988963312,16633.849090649954,20.34969725677609,175.4169210288331,146.9790281375121,44.09370844125363,29.395805627502423,0.1940734691593062,146.9790281375121,20.34969725677609,0.0,146.9790281375121,20.34969725677609,126.629330880736,146.9790281375121,0.0,0.0,15.792830242659651,56.9831988963312
2020-01-20 10:00:00,105.09630615942974,13.942342775573993,175.4169210288331,0.1179676826233779,0.5502568667733871,20.812120174860823,0.1179676826233779,10,0,1,20,0,466,13.942342775573993,91.15396338385575,105.09630615942974,105.09630615942974,0.0,31.528891847828923,105.09630615942974,94.58667554348678,91.15396338385575,0.1326625386283666,0.8673374613716334,10.753221822329708,41.01928352273509,1299.5558904864884,13.942342775573993,175.4169210288331,105.09630615942974,31.528891847828923,21.01926123188595,0.1100513733546774,105.09630615942974,13.942342775573993,0.0,105.09630615942974,13.942342775573993,91.15396338385575,105.09630615942974,0.0,0.0,10.753221822329705,41.01928352273509
2020-01-20 11:00:00,146.5606232811698,31.44026423381033,175.4169210288331,0.2356539136682787,0.9661704775816248,30.11493900669448,0.2356539136682787,11,0,1,20,0,467,31.44026423381033,115.12035904735949,146.5606232811698,146.5606232811698,0.0,43.968186984350936,146.5606232811698,131.90456095305282,115.12035904735949,0.2145205412608926,0.7854794587391074,27.128563152407704,51.80416157131177,880.5653764582177,31.44026423381033,175.4169210288331,146.5606232811698,43.968186984350936,29.31212465623396,0.1932340955163249,146.5606232811698,31.44026423381033,0.0,146.5606232811698,31.44026423381033,115.12035904735947,146.5606232811698,0.0,0.0,27.128563152407697,51.80416157131177
2020-01-20 12:00:00,87.07736720221814,72.79877627690227,175.4169210288331,0.1055892598900885,0.3695153886821497,26.353310103981904,0.1055892598900885,12,0,1,20,0,468,72.79877627690227,14.278590925315868,87.07736720221814,87.07736720221814,0.0,26.12321016066544,87.07736720221814,78.36963048199632,14.278590925315868,0.8360240854301788,0.1639759145698211,1.5076658480774368,6.425365916392141,11879.58871639859,72.79877627690227,175.4169210288331,87.07736720221814,26.12321016066544,17.41547344044363,0.0739030777364299,87.07736720221814,72.79877627690227,0.0,87.07736720221814,72.79877627690227,14.278590925315868,87.07736720221814,0.0,0.0,1.5076658480774363,6.425365916392141
2020-01-20 13:00:00,98.91108608369262,69.04866210360942,175.4169210288331,0.1332215371983096,0.4882151549132721,11.404586239668626,0.1332215371983096,13,0,1,20,0,469,69.04866210360942,29.862423980083207,98.91108608369262,98.91108608369262,0.0,29.673325825107785,98.91108608369262,89.01997747532336,29.862423980083207,0.6980882006005331,0.3019117993994669,3.978318027094348,13.438090791037444,256.9192089915911,69.04866210360942,175.4169210288331,98.91108608369262,29.673325825107785,19.782217216738527,0.0976430309826544,98.91108608369262,69.04866210360942,0.0,98.91108608369262,69.04866210360942,29.862423980083207,98.91108608369262,0.0,0.0,3.9783180270943475,13.438090791037444
2020-01-20 14:00:00,76.63169375586574,13.611506592590557,175.4169210288331,0.2422771887367518,0.264738605607666,20.86602730002781,0.2422771887367518,14,0,1,20,0,470,13.611506592590557,63.02018716327518,76.63169375586574,76.63169375586574,0.0,22.98950812675972,76.63169375586574,68.96852438027916,63.02018716327518,0.1776224160717923,0.8223775839282076,15.268353779582243,28.359084223473836,4172.7154704655295,13.611506592590557,175.4169210288331,76.63169375586574,22.98950812675972,15.326338751173148,0.0529477211215332,76.63169375586574,13.611506592590557,0.0,76.63169375586574,13.611506592590557,63.02018716327518,76.63169375586574,0.0,0.0,15.268353779582245,28.359084223473833
2020-01-20 15:00:00,96.81335060462648,35.60905936712293,175.4169210288331,0.1568297603242696,0.4671735268778377,18.366155198787908,0.1568297603242696,15,0,1,20,0,471,35.60905936712293,61.20429123750355,96.81335060462648,96.81335060462648,0.0,29.04400518138794,96.81335060462648,87.13201554416383,61.20429123750355,0.3678114551839636,0.6321885448160364,9.59865432559448,27.5419310568766,487.1898060815709,35.60905936712293,175.4169210288331,96.81335060462648,29.04400518138794,19.362670120925294,0.0934347053755675,96.81335060462648,35.60905936712293,0.0,96.81335060462648,35.60905936712293,61.20429123750355,96.81335060462648,0.0,0.0,9.598654325594476,27.541931056876596
2020-01-20 16:00:00,82.73352243538852,29.686443026221493,175.4169210288331,0.1107232483288799,0.3259438484477314,24.31376950422501,0.1107232483288799,16,0,1,20,0,472,29.686443026221493,53.04707940916703,82.73352243538852,82.73352243538852,0.0,24.82005673061656,82.73352243538852,74.46017019184967,53.04707940916703,0.3588200061154822,0.6411799938845177,5.873544946543015,23.871185734125163,101.617489133866,29.686443026221493,175.4169210288331,82.73352243538852,24.82005673061656,16.546704487077704,0.0651887696895462,82.73352243538852,29.686443026221493,0.0,82.73352243538852,29.686443026221493,53.047079409167026,82.73352243538852,0.0,0.0,5.873544946543013,23.871185734125163
2020-01-20 17:00:00,50.92736733513298,22.082283097969786,175.4169210288331,0.1318666599480875,0.0069077776296672,18.494969314083463,0.1318666599480875,17,0,1,20,0,473,22.082283097969786,28.8450842371632,50.92736733513298,50.92736733513298,0.0,15.278210200539892,50.92736733513298,45.83463060161968,28.8450842371632,0.433603468104977,0.5663965318950229,3.803704914275941,12.980287906723438,643.5598185201258,22.082283097969786,175.4169210288331,50.92736733513298,15.278210200539892,10.185473467026595,0.0013815555259334,50.92736733513298,22.082283097969786,0.0,50.92736733513298,22.082283097969786,28.845084237163192,50.92736733513298,0.0,0.0,3.8037049142759374,12.980287906723436
2020-01-20 18:00:00,117.05520634363788,65.77785259271536,175.4169210288331,0.1447502669735727,0.6702122815051895,17.624602119171914,0.1447502669735727,18,0,1,20,0,474,65.77785259271536,51.27735375092252,117.05520634363788,117.05520634363788,0.0,35.11656190309136,117.05520634363788,105.3496857092741,51.27735375092252,0.5619387180405452,0.4380612819594548,7.422410645144364,23.07480918791513,2412.5095090080767,65.77785259271536,175.4169210288331,117.05520634363788,35.11656190309136,23.411041268727576,0.1340424563010379,117.05520634363788,65.77785259271536,0.0,117.05520634363788,65.77785259271536,51.277353750922515,117.05520634363788,0.0,0.0,7.422410645144364,23.074809187915132
2020-01-20 19:00:00,108.3907846105767,38.23930749693552,175.4169210288331,0.1430662285754603,0.5833025919525447,13.335019017378698,0.1430662285754603,19,0,1,20,0,475,38.23930749693552,70.15147711364118,108.3907846105767,108.3907846105767,0.0,32.51723538317301,108.3907846105767,97.55170614951903,70.15147711364118,0.352791131038682,0.647208868961318,10.036307259646366,31.56816470113853,1114.6039987034223,38.23930749693552,175.4169210288331,108.3907846105767,32.51723538317301,21.678156922115345,0.1166605183905089,108.3907846105767,38.23930749693552,0.0,108.3907846105767,38.23930749693552,70.15147711364119,108.3907846105767,0.0,0.0,10.036307259646364,31.56816470113854
2020-01-20 20:00:00,82.70667317510082,73.72818577055124,175.4169210288331,0.1470136031933456,0.3256745332010579,18.862553136722525,0.1470136031933456,20,0,1,20,0,476,73.72818577055124,8.978487404549583,82.70667317510082,82.70667317510082,0.0,24.812001952530245,82.70667317510082,74.43600585759074,8.978487404549583,0.891441801974782,0.108558198025218,1.319959784568904,4.0403193320473125,5001.59515106814,73.72818577055124,175.4169210288331,82.70667317510082,24.812001952530245,16.541334635020164,0.0651349066402115,82.70667317510082,73.72818577055124,0.0,82.70667317510082,73.72818577055124,8.978487404549583,82.70667317510082,0.0,0.0,1.319959784568904,4.0403193320473125
2020-01-20 21:00:00,107.85921760231284,58.04334694646288,175.4169210288331,0.1523218198614644,0.5779706350040089,30.01617809197446,0.1523218198614644,21,0,1,20,0,477,58.04334694646288,49.81587065584996,107.85921760231284,107.85921760231284,0.0,32.35776528069385,107.85921760231284,97.07329584208156,49.81587065584996,0.5381398849051011,0.4618601150948989,7.58804407628239,22.41714179513248,1913.7060397512175,58.04334694646288,175.4169210288331,107.85921760231284,32.35776528069385,21.57184352046257,0.1155941270008018,107.85921760231284,58.04334694646288,0.0,107.85921760231284,58.04334694646288,49.815870655849956,107.85921760231284,0.0,0.0,7.5880440762823875,22.41714179513248
2020-01-20 22:00:00,63.01923923728441,70.9590789356507,175.4169210288331,0.1664753939275927,0.1281969837074792,26.62599370347839,0.1664753939275927,22,0,1,20,0,478,63.01923923728441,0.0,63.01923923728441,63.01923923728441,0.0,18.90577177118532,63.01923923728441,56.71731531355597,0.0,1.0,0.0,0.0,0.0,2506.38047329023,70.9590789356507,175.4169210288331,63.01923923728441,18.90577177118532,12.603847847456883,0.0256393967414958,63.01923923728441,70.9590789356507,0.0,63.01923923728441,63.01923923728441,0.0,63.01923923728441,0.0,0.0,0.0,0.0
2020-01-20 23:00:00,115.83663909887758,33.94526679190152,175.4169210288331,0.2182691300953392,0.657989272953213,14.370585661851251,0.2182691300953392,23,0,1,20,0,479,33.94526679190152,81.89137230697607,115.83663909887758,115.83663909887758,0.0,34.75099172966328,115.83663909887758,104.25297518898982,81.89137230697607,0.2930442997653446,0.7069557002346554,17.874358595757222,36.85111753813923,7551.49273207465,33.94526679190152,175.4169210288331,115.83663909887758,34.75099172966328,23.16732781977552,0.1315978545906426,115.83663909887758,33.94526679190152,0.0,115.83663909887758,33.94526679190152,81.89137230697607,115.83663909887758,0.0,0.0,17.874358595757215,36.85111753813923
2020-01-21 00:00:00,119.0596008539156,19.73937773736671,175.4169210288331,0.1183142396712678,0.6903176399464294,13.760446197658132,0.1183142396712678,0,1,1,21,0,480,19.73937773736671,99.3202231165489,119.0596008539156,119.0596008539156,0.0,35.71788025617468,119.0596008539156,107.15364076852406,99.3202231165489,0.1657940862878134,0.8342059137121866,11.750996682015163,44.694100402447006,505.5721243720996,19.73937773736671,175.4169210288331,119.0596008539156,35.71788025617468,23.811920170783125,0.1380635279892858,119.0596008539156,19.73937773736671,0.0,119.0596008539156,19.73937773736671,99.32022311654889,119.0596008539156,0.0,0.0,11.750996682015158,44.694100402447
2020-01-21 01:00:00,58.23386778370572,77.74613959690913,175.4169210288331,0.1776291748115681,0.0801966485163071,14.70666694878296,0.1776291748115681,1,1,1,21,0,481,58.23386778370572,0.0,58.23386778370572,58.23386778370572,0.0,17.470160335111714,58.23386778370572,52.41048100533515,0.0,1.0,0.0,0.0,0.0,11346.332483848748,77.74613959690913,175.4169210288331,58.23386778370572,17.470160335111714,11.646773556741143,0.0160393297032614,58.23386778370572,77.74613959690913,0.0,58.23386778370572,58.23386778370572,0.0,58.23386778370572,0.0,0.0,0.0,0.0
2020-01-21 02:00:00,98.5322041548749,70.1231165672938,175.4169210288331,0.1136364523663838,0.4844147269302933,18.857127428531665,0.1136364523663838,2,1,1,21,0,482,70.1231165672938,28.409087587581094,98.5322041548749,98.5322041548749,0.0,29.55966124646247,98.5322041548749,88.67898373938742,28.409087587581094,0.7116771330627384,0.2883228669372616,3.228307928418585,12.784089414411495,948.4304941969052,70.1231165672938,175.4169210288331,98.5322041548749,29.55966124646247,19.706440830974984,0.0968829453860586,98.5322041548749,70.1231165672938,0.0,98.5322041548749,70.1231165672938,28.409087587581098,98.5322041548749,0.0,0.0,3.2283079284185847,12.784089414411495
2020-01-21 03:00:00,113.28038101989516,65.52845142223214,175.4169210288331,0.1901141087416167,0.6323483700856752,28.65180016630548,0.1901141087416167,3,1,1,21,0,483,65.52845142223214,47.75192959766301,113.28038101989516,113.28038101989516,0.0,33.98411430596854,113.28038101989516,101.95234291790564,47.75192959766301,0.5784624913180998,0.4215375086819001,9.07831553615213,21.488368318948357,395.2564848222341,65.52845142223214,175.4169210288331,113.28038101989516,33.98411430596854,22.65607620397903,0.126469674017135,113.28038101989516,65.52845142223214,0.0,113.28038101989516,65.52845142223214,47.75192959766302,113.28038101989516,0.0,0.0,9.078315536152132,21.48836831894836
2020-01-21 04:00:00,90.32210763260632,30.982901055645307,175.4169210288331,0.2963084113592787,0.402062209713254,18.01107157165398,0.2963084113592787,4,1,1,21,0,484,30.982901055645307,59.33920657696103,90.32210763260632,90.32210763260632,0.0,27.096632289781898,90.32210763260632,81.2898968693457,59.33920657696103,0.3430267723785983,0.6569732276214018,17.582706032139388,26.702642959632463,1327.6600379253573,30.982901055645307,175.4169210288331,90.32210763260632,27.096632289781898,18.06442152652127,0.0804124419426508,90.32210763260632,30.982901055645307,13.548316144890947,76.77379148771537,30.982901055645307,45.790890432070064,76.77379148771537,0.0,0.0,13.568225998653476,20.60590069443153
2020-01-21 05:00:00,124.69039996321844,41.57262093534021,175.4169210288331,0.243388179785374,0.7467981550459548,21.30456608960388,0.243388179785374,5,1,1,21,0,485,41.57262093534021,83.11777902787823,124.69039996321844,124.69039996321844,0.0,37.40711998896553,124.69039996321844,112.2213599668966,83.11777902787823,0.3334067494177854,0.6665932505822145,20.22988494539822,37.4030005625452,677.562674933924,41.57262093534021,175.4169210288331,124.69039996321844,37.40711998896553,24.93807999264369,0.1493596310091909,124.69039996321844,41.57262093534021,0.0,124.69039996321844,41.57262093534021,83.11777902787823,124.69039996321844,0.0,0.0,20.229884945398215,37.4030005625452
2020-01-21 06:00:00,111.39494635520546,39.08165566856909,175.4169210288331,0.2107692018605864,0.6134362549522765,25.685054253752277,0.2107692018605864,6,1,1,21,0,486,39.08165566856909,72.31329068663638,111.39494635520546,111.39494635520546,0.0,33.41848390656164,111.39494635520546,100.25545171968491,72.31329068663638,0.3508386775819189,0.6491613224180811,15.241414561934926,32.54098080898637,122.94187627629124,39.08165566856909,175.4169210288331,111.39494635520546,33.41848390656164,22.27898927104109,0.1226872509904553,111.39494635520546,39.08165566856909,0.0,111.39494635520546,39.08165566856909,72.31329068663638,111.39494635520546,0.0,0.0,15.241414561934926,32.54098080898637
2020-01-21 07:00:00,119.86066733840192,49.96222820867749,175.4169210288331,0.1681042744603404,0.6983528489450956,18.30119120831718,0.1681042744603404,7,1,1,21,0,487,49.96222820867749,69.89843912972441,119.8606673384019,119.8606673384019,1.4210854715202004e-14,35.95820020152057,119.8606673384019,107.8746006045617,69.89843912972441,0.4168358921915513,0.5831641078084487,11.750226395812591,31.454297608375985,124.21836684248134,49.96222820867749,175.4169210288331,119.86066733840192,35.95820020152057,23.972133467680383,0.1396705697890191,119.86066733840192,49.96222820867749,0.0,119.86066733840192,49.96222820867749,69.89843912972444,119.86066733840192,0.0,0.0,11.750226395812595,31.454297608376
2020-01-21 08:00:00,125.12980264188324,55.65038207623337,175.4169210288331,0.1387314188300847,0.7512056448436456,11.397380591459976,0.1387314188300847,8,1,1,21,0,488,55.65038207623337,69.47942056564986,125.12980264188324,125.12980264188324,0.0,37.538940792564965,125.12980264188324,112.61682237769492,69.47942056564986,0.4447412279191605,0.5552587720808394,9.638978594564774,31.26573925454244,32.53067097802996,55.65038207623337,175.4169210288331,125.12980264188324,37.538940792564965,25.025960528376647,0.1502411289687291,125.12980264188324,55.65038207623337,0.0,125.12980264188324,55.65038207623337,69.47942056564987,125.12980264188324,0.0,0.0,9.638978594564772,31.265739254542446
2020-01-21 09:00:00,149.06365048334487,38.745246677661456,175.4169210288331,0.2133199902616256,0.9912774407217956,30.68431990872994,0.2133199902616256,9,1,1,21,0,489,38.745246677661456,110.31840380568342,149.06365048334487,149.06365048334487,0.0,44.71909514500346,149.06365048334487,134.15728543501038,110.31840380568342,0.2599241770346321,0.7400758229653679,23.53312082550648,49.64328171255754,1953.6061549237909,38.745246677661456,175.4169210288331,149.06365048334487,44.71909514500346,29.81273009666897,0.1982554881443591,149.06365048334487,38.745246677661456,0.0,149.06365048334487,38.745246677661456,110.31840380568342,149.06365048334487,0.0,0.0,23.533120825506465,49.64328171255754
2020-01-21 10:00:00,106.55436280941332,34.35602719126986,175.4169210288331,0.1389609547222291,0.5648821071765309,27.960175832737963,0.1389609547222291,10,1,1,21,0,490,34.35602719126986,72.19833561814347,106.55436280941332,106.55436280941332,0.0,31.966308842824,106.55436280941332,95.898926528472,72.19833561814347,0.3224272219873361,0.6775727780126639,10.032749646853135,32.48925102816457,1472.4048463224146,34.35602719126986,175.4169210288331,106.55436280941332,31.966308842824,21.310872561882668,0.1129764214353061,106.55436280941332,34.35602719126986,0.0,106.55436280941332,34.35602719126986,72.19833561814346,106.55436280941332,0.0,0.0,10.032749646853134,32.48925102816456
2020-01-21 11:00:00,64.5434083035925,28.54877701097531,175.4169210288331,0.207077507189464,0.1434853739151174,34.502315334843274,0.207077507189464,11,1,1,21,0,491,28.54877701097531,35.994631292617186,64.5434083035925,64.5434083035925,0.0,19.36302249107775,64.5434083035925,58.08906747323325,35.994631292617186,0.442319018492029,0.557680981507971,7.453678520279043,16.197584081677736,1344.432361546662,28.54877701097531,175.4169210288331,64.5434083035925,19.36302249107775,12.9086816607185,0.0286970747830234,64.5434083035925,28.54877701097531,0.0,64.5434083035925,28.54877701097531,35.994631292617186,64.5434083035925,0.0,0.0,7.453678520279041,16.197584081677736
2020-01-21 12:00:00,130.44129477613643,15.34824401236522,175.4169210288331,0.1877041649037197,0.8044833068355404,22.8805355036473,0.1877041649037197,12,1,1,21,0,492,15.34824401236522,115.09305076377122,130.44129477613643,130.44129477613643,0.0,39.132388432840926,130.44129477613643,117.3971652985228,115.09305076377122,0.1176639961961884,0.8823360038038115,21.6034449798351,51.79187284369705,6430.814034282033,15.34824401236522,175.4169210288331,130.44129477613643,39.132388432840926,26.08825895522729,0.1608966613671081,130.44129477613643,15.34824401236522,0.0,130.44129477613643,15.34824401236522,115.09305076377122,130.44129477613643,0.0,0.0,21.603444979835093,51.79187284369705
2020-01-21 13:00:00,139.5070736184083,25.664687738718875,175.4169210288331,0.2530816230350345,0.8954188647999395,20.5972471370388,0.2530816230350345,13,1,1,21,0,493,25.664687738718875,113.84238587968945,139.5070736184083,139.5070736184083,0.0,41.85212208552249,139.5070736184083,125.55636625656749,113.84238587968945,0.1839669277911966,0.8160330722088034,28.811415788612496,51.22907364586025,107.99317381129704,25.664687738718875,175.4169210288331,139.5070736184083,41.85212208552249,27.90141472368166,0.1790837729599879,139.5070736184083,25.664687738718875,20.926061042761244,118.58101257564705,25.664687738718875,92.91632483692817,118.58101257564704,1.4210854715202004e-14,0.0,23.515414296180268,41.81234617661768
2020-01-21 14:00:00,101.7287778219528,13.53422255484506,175.4169210288331,0.2823762318069938,0.5164784045301309,24.731389099250464,0.2823762318069938,14,1,1,21,0,494,13.53422255484506,88.19455526710775,101.7287778219528,101.7287778219528,0.0,30.51863334658584,101.7287778219528,91.55590003975752,88.19455526710775,0.1330422211356245,0.8669577788643755,24.904046182219545,39.68754987019849,804.9594007088572,13.53422255484506,175.4169210288331,101.7287778219528,30.51863334658584,20.34575556439056,0.1032956809060262,101.7287778219528,13.53422255484506,15.25931667329292,86.46946114865989,13.53422255484506,72.93523859381483,86.46946114865989,0.0,0.0,20.595177840065457,32.820857367216675
2020-01-21 15:00:00,101.01282192344333,34.566551459285755,175.4169210288331,0.2171034075888014,0.5092969091239903,19.83037047962626,0.2171034075888014,15,1,1,21,0,495,34.566551459285755,66.44627046415755,101.01282192344333,101.01282192344333,0.0,30.303846577032992,101.01282192344333,90.91153973109898,66.44627046415755,0.3421996416007804,0.6578003583992196,14.425711739335734,29.900821708870897,915.346751014806,34.566551459285755,175.4169210288331,101.01282192344333,30.303846577032992,20.202564384688664,0.101859381824798,101.01282192344333,34.566551459285755,0.0,101.01282192344333,34.566551459285755,66.44627046415758,101.01282192344334,0.0,0.0,14.425711739335739,29.90082170887091
2020-01-21 16:00:00,82.24475548920904,27.441423001997983,175.4169210288331,0.1185987050234802,0.3210412034859833,25.77752815619997,0.1185987050234802,16,1,1,21,0,496,27.441423001997983,54.80333248721105,82.24475548920904,82.24475548920904,0.0,24.67342664676271,82.24475548920904,74.02027994028813,54.80333248721105,0.3336555971109726,0.6663444028890273,6.499604263954453,24.66149961924497,186.325460267875,27.441423001997983,175.4169210288331,82.24475548920904,24.67342664676271,16.44895109784181,0.0642082406971966,82.24475548920904,27.441423001997983,0.0,82.24475548920904,27.441423001997983,54.80333248721106,82.24475548920904,0.0,0.0,6.499604263954454,24.661499619244978
2020-01-21 17:00:00,102.04637939183046,79.37674705580055,175.4169210288331,0.2732344184368804,0.5196641513335414,17.088671803850964,0.2732344184368804,17,1,1,21,0,497,79.37674705580055,22.669632336029903,102.04637939183046,102.04637939183046,0.0,30.613913817549136,102.04637939183046,91.8417414526474,22.669632336029903,0.7778497143050548,0.2221502856949452,6.194123807513031,10.201334551213458,3729.852569979502,79.37674705580055,175.4169210288331,102.04637939183046,30.613913817549136,20.40927587836609,0.1039328302667082,102.04637939183046,79.37674705580055,15.306956908774568,86.73942248305589,79.37674705580055,7.36267542725534,86.73942248305589,0.0,0.0,2.0117363385056226,3.313203942264903
2020-01-21 18:00:00,72.6736589178386,12.42940085440676,175.4169210288331,0.2142017777233682,0.225036985625468,31.59845050146419,0.2142017777233682,18,1,1,21,0,498,12.42940085440676,60.24425806343184,72.6736589178386,72.6736589178386,0.0,21.80209767535158,72.6736589178386,65.40629302605474,60.24425806343184,0.1710303435865098,0.8289696564134902,12.90442717481246,27.109916128544327,5893.799661963611,12.42940085440676,175.4169210288331,72.6736589178386,21.80209767535158,14.53473178356772,0.0450073971250936,72.6736589178386,12.42940085440676,0.0,72.6736589178386,12.42940085440676,60.244258063431836,72.6736589178386,0.0,0.0,12.90442717481246,27.109916128544327
2020-01-21 19:00:00,130.72919470284643,52.24209711610831,175.4169210288331,0.1652507073353829,0.8073711271683296,21.463764449941824,0.1652507073353829,19,1,1,21,0,499,52.24209711610831,78.48709758673812,130.72919470284643,130.72919470284643,0.0,39.21875841085393,130.72919470284643,117.65627523256178,78.48709758673812,0.3996207368587945,0.6003792631412055,12.9700483929097,35.319193914032155,1917.8519774996096,52.24209711610831,175.4169210288331,130.72919470284643,39.21875841085393,26.145838940569288,0.1614742254336659,130.72919470284643,52.24209711610831,0.0,130.72919470284643,52.24209711610831,78.48709758673812,130.72919470284643,0.0,0.0,12.9700483929097,35.319193914032155
