P_ren,P_grid,shift,shed,unserved,scenario_id
0.1682893910246882,0.0,0.053795027376265264,0.0,0.0,1
0.15999112360948858,0.0,0.07173341671600048,0.0,0.0,1
0.15164727043059645,0.09548954138690746,0.0,0.0,0.0,1
0.11003441235872786,0.0,0.0,0.0,0.0,1
0.06476178574590057,0.0,0.0,0.0,0.0,1
0.08997745697638451,0.0,0.0,0.0,0.0,1
0.08558441241882316,0.0,0.04537903618110671,0.0,0.0,1
0.10574218023670352,0.0,0.0,0.0,0.0,1
0.08019312703765465,0.0,0.01447513664321172,0.0,0.0,1
0.09159222701442869,0.0,0.3131868492482804,0.0,0.0,1
0.1719445114747211,0.0,0.0,0.0,0.0,1
0.10839732983461052,0.0,0.0,0.0,0.0,1
0.049173137747748584,0.0,0.0,0.0,0.0,1
0.05755469820029835,0.0,0.0,0.0,0.0,1
0.05113438397193749,0.0,0.0,0.0,0.0,1
0.04727952363488826,0.0,0.0,0.0,0.0,1
0.04171336723748003,0.0,0.0,0.0,0.0,1
0.04156835450728591,0.0,0.0,0.0,0.0,1
0.05314185414493332,0.0,0.0,0.0,0.0,1
0.037169815169290604,0.0,0.0,0.0,0.0,1
0.04794751074298174,0.0,0.0,0.0,0.0,1
0.03481261780417921,0.0,0.0,0.0,0.0,1
0.06127249676916058,0.0,0.0,0.0,0.0,1
0.11142349325504823,0.0,0.15168823923201763,0.0,0.0,1
0.16002742156331376,0.0,0.029755731706554517,0.0,0.0,1
0.15800171585803044,0.0,0.019430314680982858,0.0,0.0,1
0.03934483122744702,0.0,0.0,0.0,0.0,1
0.050635789230907814,0.0,0.0,0.0,0.0,1
0.050866796498498304,0.0,0.0,0.0,0.0,1
0.050955159328819076,0.0,0.0,0.0,0.0,1
0.045356727310534924,0.0,0.0,0.0,0.0,1
0.04410843527275343,0.0,0.0,0.0,0.0,1
0.04634823886575289,0.0,0.0,0.0,0.0,1
0.03431636455562992,0.0,0.0,0.0,0.0,1
0.0579608080951909,0.0,0.0,0.0,0.0,1
0.09593942015413606,0.0,0.0,0.0,0.0,1
0.05965721204946742,0.0,0.0,0.0,0.0,1
0.04737850287636834,0.0,0.0,0.0,0.0,1
0.039549651514351344,0.0,0.0,0.0,0.0,1
0.04896824111117442,0.0,0.0,0.0,0.0,1
0.055568558280691085,0.0,0.0,0.0,0.0,1
0.048474270922541064,0.0,0.0,0.0,0.0,1
0.04023487356073672,0.0,0.0,0.0,0.0,1
0.04998469538924087,0.0,0.0,0.0,0.0,1
0.06395605889897242,0.0,0.0,0.0,0.0,1
0.04698247477986958,0.0,0.0,0.0,0.0,1
0.05310755360028877,0.0,0.0,0.0,0.0,1
0.05875629588128546,0.0,0.0,0.0,0.0,1
0.06007739971242929,0.0,0.010501627753514438,0.0,0.0,1
0.04628771835536815,0.0,0.0,0.0,0.0,1
0.05913286972896333,0.0,0.0,0.0,0.0,1
0.0967862711064606,0.0,0.09873167755373194,0.0,0.0,1
0.13678254226476047,0.0,0.07678856223884786,0.0,0.0,1
0.10014133625023293,0.0,0.0,0.0,0.0,1
0.06845996612584475,0.0,0.0,0.0,0.0,1
0.08069933212242711,0.0,0.0,0.0,0.0,1
0.13576849187204554,0.0,0.26663943107006316,0.0,0.0,1
0.13168486214790892,0.0,0.04998806430974362,0.0,0.0,1
0.12861329960872592,0.0,0.0,0.0,0.0,1
0.1260721663820982,0.0,0.0,0.0,0.0,1
0.062139475658638615,0.0,0.0,0.0,0.0,1
0.07221062553132836,0.0,0.0,0.0,0.0,1
0.05548629633481897,0.0,0.0,0.0,0.0,1
0.042588252814746035,0.0,0.0,0.0,0.0,1
0.04924701715714019,0.0,0.0,0.0,0.0,1
0.05272612078208294,0.0,0.0,0.0,0.0,1
0.04714703200524723,0.0,0.0,0.0,0.0,1
0.03562914384806488,0.0,0.0,0.0,0.0,1
0.08112280431450485,0.0,0.0,0.0,0.0,1
0.05919040338019715,0.0,0.0,0.0,0.0,1
0.047632747827292043,0.0,0.0,0.0,0.0,1
0.04331440090890691,0.0,0.0,0.0,0.0,1
0.0417496433051981,0.0,0.0,0.0,0.0,1
0.04524638432732842,0.0,0.0,0.0,0.0,1
0.049546331895941965,0.0,0.0,0.0,0.0,1
0.05529561611217509,0.0,0.0,0.0,0.0,1
0.04126184369212655,0.0,0.0,0.0,0.0,1
0.043786810764734056,0.0,0.0,0.0,0.0,1
0.051906618983419056,0.0,0.0,0.0,0.0,1
0.058478079688688005,0.0,0.0,0.0,0.0,1
0.08167031263293224,0.0,0.09561409525044658,0.0,0.0,1
0.11806760154130629,0.0,0.0,0.0,0.0,1
0.12738492230204887,0.0,0.0,0.0,0.0,1
0.11055473806669602,0.0,0.0,0.0,0.0,1
0.06071834970053362,0.0,0.0,0.0,0.0,1
0.05424296327723007,0.0,0.0,0.0,0.0,1
0.04655751662441537,0.0,0.0,0.0,0.0,1
0.040280150698457945,0.0,0.0,0.0,0.0,1
0.05119904902361359,0.0,0.0,0.0,0.0,1
0.051031904425795784,0.0,0.0,0.0,0.0,1
0.045971489377535306,0.0,0.0,0.0,0.0,1
0.03983368100870456,0.0,0.0,0.0,0.0,1
0.06604622117947527,0.0,0.0,0.0,0.0,1
0.0905085897255617,0.04917354119449921,0.0,0.0,0.0,1
0.06927221526706057,0.0,0.0,0.0,0.0,1
0.17582630390590984,0.020791802339117177,0.0,0.0,0.0,1
0.05485649600533306,0.0,0.0,0.0,0.0,1
0.05432695737093366,0.0,0.0,0.0,0.0,1
0.047815052361980574,0.0,0.0,0.0,0.0,1
0.044427256840068326,0.0,0.0,0.0,0.0,1
0.0746521842937139,0.0,0.0,0.0,0.0,1
0.10065404544117998,0.0,0.0,0.0,0.0,1
0.08036446947948439,0.0,0.0,0.0,0.0,1
0.0820838186922563,0.0,0.0043099846087718,0.0,0.0,1
0.09146112281691138,0.0,0.0075396052080664855,0.0,0.0,1
0.11565692034379203,0.0,0.008182373325423278,0.0,0.0,1
0.10402273614527789,0.0,0.0,0.0,0.0,1
0.09438875785964777,0.0,0.0,0.0,0.0,1
0.062300621080916226,0.0,0.0,0.0,0.0,1
0.038035307162968116,0.0,0.0,0.0,0.0,1
0.05097275843463866,0.0,0.0,0.0,0.0,1
0.050011926063416756,0.0,0.0,0.0,0.0,1
0.0459481173622137,0.0,0.0,0.0,0.0,1
0.041786498377591554,0.0,0.0,0.0,0.0,1
0.037625769297160175,0.0,0.0,0.0,0.0,1
0.046263971723341825,0.0,0.0,0.0,0.0,1
0.0588084835969286,0.0,0.0,0.0,0.0,1
0.034558112228956994,0.0,0.0,0.0,0.0,1
0.060009203562372784,0.0,0.0,0.0,0.0,1
0.03926696201539461,0.0,0.0,0.0,0.0,1
0.030953458160131845,0.0,0.0,0.0,0.0,1
0.052651427804106934,0.0,0.0,0.0,0.0,1
0.03817814665253882,0.0,0.0,0.0,0.0,1
0.05222614807387053,0.0,0.0,0.0,0.0,1
0.05293014037167824,0.0,0.0,0.0,0.0,1
0.050593909608344145,0.0,0.0,0.0,0.0,1
0.07905726448104605,0.0,0.0,0.0,0.0,1
0.12169992592339343,0.0,0.015026161270782795,0.0,0.0,1
0.1117675291501709,0.17872293342223466,0.0,0.0,0.0,1
0.11993606691530867,0.0,0.0,0.0,0.0,1
0.13663165584142353,0.0,0.020776628551649162,0.0,0.0,1
0.10655243835619782,0.0,0.0,0.0,0.0,1
0.07945802040350038,0.0,0.0,0.0,0.0,1
0.053384417140616494,0.0,0.0,0.0,0.0,1
0.04166560082707321,0.0,0.0,0.0,0.0,1
0.041307681042753,0.0,0.0,0.0,0.0,1
0.044454802844787714,0.0,0.0,0.0,0.0,1
0.056059277593548854,0.0,0.0,0.0,0.0,1
0.06205205881841908,0.0,0.0,0.0,0.0,1
0.04824143787161589,0.0,0.0,0.0,0.0,1
0.053867637154408836,0.0,0.0,0.0,0.0,1
0.1712932471840352,0.012540890219176787,0.0,0.0,0.0,1
0.12037887596509682,0.0,0.08084179017043623,0.0,0.0,1
0.09143344856912912,0.0,0.4573580686294337,0.0,0.0,1
0.10295841920296643,0.0,0.0,0.0,0.0,1
0.07436360468788179,0.0,0.0,0.0,0.0,1
0.14908559766456148,0.0,0.37965838435427984,0.0,0.0,1
0.1530661278160352,0.3115632594858797,0.0,0.0,0.0,1
0.24244281178483074,0.2154598367707632,0.0,0.0,0.0,1
0.24698271485499748,0.0,0.26086971351726973,0.0,0.0,1
0.1658944365665835,0.0,0.12821532228632956,0.0,0.0,1
0.25153344363850033,0.0,0.2482031319677313,0.0,0.0,1
0.29186455290651536,0.0,0.0,0.0,0.0,1
0.23577113524997412,0.0,0.28912222345915767,0.0,0.0,1
0.22694948705343135,0.0,0.08172621934128341,0.0,0.0,1
0.1859874015763048,0.0,0.0,0.0,0.0,1
0.06113096533305146,0.0,0.0,0.0,0.0,1
0.05049535243257022,0.0,0.0,0.0,0.0,1
0.054601749084231835,0.0,0.0,0.0,0.0,1
0.045595120273371856,0.0,0.0,0.0,0.0,1
0.054520845691340414,0.0,0.0,0.0,0.0,1
0.05063813434458442,0.0,0.0,0.0,0.0,1
0.06621865761675148,0.0,0.0,0.0,0.0,1
0.05011311948609373,0.0,0.0,0.0,0.0,1
0.052946641889532346,0.0,0.0,0.0,0.0,1
0.05489612765476674,0.0,0.0,0.0,0.0,1
0.09542107177635074,0.0,0.06478302188945252,0.0,0.0,1
0.13032565315786235,0.057677766639584904,0.0,0.0,0.0,1
0.15274182199230607,0.0,0.0,0.0,0.0,1
0.13224360081393816,0.09098068636310516,0.0,0.0,0.0,1
0.10030454205992909,0.0,0.009797095334510744,0.0,0.0,1
0.14558982360238185,0.013502654727887115,0.0,0.0,0.0,1
0.11922493334837059,0.0,0.020658935035093168,0.0,0.0,1
0.11850473985842354,0.0,0.0,0.0,0.0,1
0.13991444651509688,0.0,0.012972274398111716,0.0,0.0,1
0.09580371196082532,0.05035415948482924,0.0,0.0,0.0,1
0.09757428608452827,0.0,0.32832333266317026,0.0,0.0,1
0.18515624819905738,0.0,0.05716539377984692,0.0,0.0,1
0.10506045548734773,0.0,0.0,0.0,0.0,1
0.07641812286270663,0.0,0.027031275247387895,0.0,0.0,1
0.09096782997573306,0.0,0.0,0.0,0.0,1
0.05873208296528625,0.0,0.0,0.0,0.0,1
0.033065769492169564,0.0,0.0,0.0,0.0,1
0.04787193600996309,0.0,0.0,0.0,0.0,1
0.047948303905871396,0.0,0.0,0.0,0.0,1
0.046408216001757166,0.0,0.0,0.0,0.0,1
0.020483518026035572,0.0,0.0,0.0,0.0,1
0.03530386192188848,0.0,0.0,0.0,0.0,1
0.04216703777934689,0.0,0.0,0.0,0.0,1
0.04687155141588068,0.0,0.0,0.0,0.0,1
0.1298134407368377,0.0,0.0015724687689452066,0.0,0.0,1
0.13457138155684586,0.0,0.017815385546517626,0.0,0.0,1
0.12159188289787397,0.0,0.0,0.0,0.0,1
0.11977325222952893,0.03831562942212986,0.0,0.0,0.0,1
0.11755054731988748,0.0,0.0,0.0,0.0,1
0.10727476610092686,0.0,0.0,0.0,0.0,1
0.15854175084598948,0.0,0.04025603124415325,0.0,0.0,1
0.09936615787609869,0.0,0.0,0.0,0.0,1
0.11201156576926918,0.0,0.0,0.0,0.0,1
0.12472226035910307,0.0,0.07031292151431288,0.0,0.0,1
0.15333357457083735,0.2179873479377279,0.0,0.0,0.0,1
0.13767649932233011,0.0,0.0,0.0,0.0,1
0.11888332595441777,0.0,0.0,0.0,0.0,1
0.08180810425267683,0.0,0.31886888968920696,0.0,0.0,1
0.14361574945906722,0.0,0.09624974913737491,0.0,0.0,1
0.10008472608542149,0.0,0.0,0.0,0.0,1
0.08682577625307236,0.0,5.65973385061036e-06,0.0,0.0,1
0.05046659128377457,0.0,0.0,0.0,0.0,1
0.0393183103359705,0.0,0.0,0.0,0.0,1
0.04721836181349104,0.0,0.0,0.0,0.0,1
0.04705130594393153,0.0,0.0,0.0,0.0,1
0.03987865287525609,0.0,0.0,0.0,0.0,1
0.040353117148571475,0.0,0.0,0.0,0.0,1
0.041016512703877774,0.0,0.0,0.0,0.0,1
0.055588085308822685,0.0,0.0,0.0,0.0,1
0.09147681399171553,0.022344823236714634,0.0,0.0,0.0,1
0.075704851792816,0.0,0.0,0.0,0.0,1
0.13426840655885872,0.0,0.1002984602191827,0.0,0.0,1
0.12731242180842645,0.0,0.0,0.0,0.0,1
0.1559573680083083,0.0,0.13011567542999827,0.0,0.0,1
0.15849109710489667,0.0,0.2432296564654966,0.0,0.0,1
0.10595686759625268,0.0,0.0,0.0,0.0,1
0.1324930588670026,0.0,0.013722074657762345,0.0,0.0,1
0.09223047190749425,0.0,0.0,0.0,0.0,1
0.13954827066237427,0.0,0.23449575197613678,0.0,0.0,1
0.12775304361409306,0.0,0.0956220633743052,0.0,0.0,1
0.11572828226235352,0.0,0.07131442403277014,0.0,0.0,1
0.1399283393638776,0.0,0.0,0.0,0.0,1
0.06308108286421688,0.0,0.0,0.0,0.0,1
0.03070080029976532,0.0,0.0,0.0,0.0,1
0.046607644968941986,0.0,0.0,0.0,0.0,1
0.03514965597601355,0.0,0.0,0.0,0.0,1
0.04742806744061231,0.0,0.0,0.0,0.0,1
0.04508102249068745,0.0,0.0,0.0,0.0,1
0.03996084712540103,0.0,0.0,0.0,0.0,1
0.040283853162785974,0.0,0.0,0.0,0.0,1
0.040617472160533366,0.0,0.0,0.0,0.0,1
0.048055941641114285,0.0,0.0,0.0,0.0,1
0.056501977136944145,0.0,0.0,0.0,0.0,1
0.0462642320074936,0.0,0.0,0.0,0.0,1
0.036702285997958585,0.0,0.0,0.0,0.0,1
0.042697145870590265,0.0,0.0,0.0,0.0,1
0.0331585655439031,0.0,0.0,0.0,0.0,1
0.03677997886175517,0.0,0.0,0.0,0.0,1
0.02788332700103452,0.0,0.0,0.0,0.0,1
0.03755421451391839,0.0,0.0,0.0,0.0,1
0.03581753101155402,0.0,0.0,0.0,0.0,1
0.07823247562527035,0.0,0.0,0.0,0.0,1
0.07721234515518094,0.0,0.20091410067774962,0.0,0.0,1
0.07325175830476617,0.0,0.03583520277079673,0.0,0.0,1
0.15776143617959223,0.0,0.0,0.0,0.0,1
0.16047240979883165,0.0,0.0,0.0,0.0,1
0.07414693818761141,0.0,0.0,0.0,0.0,1
0.028489820118397447,0.0,0.0,0.0,0.0,1
0.044849295802434117,0.0,0.0,0.0,0.0,1
0.04335710728458179,0.0,0.0,0.0,0.0,1
0.044977441775246825,0.0,0.0,0.0,0.0,1
0.0442475568551493,0.0,0.0,0.0,0.0,1
0.03969151872595146,0.0,0.0,0.0,0.0,1
0.034698696699250194,0.0,0.0,0.0,0.0,1
0.06171269393656494,0.0,0.0,0.0,0.0,1
0.06992537677942474,0.0,0.0,0.0,0.0,1
0.044104182322901093,0.0,0.0,0.0,0.0,1
0.054279728280086655,0.0,0.0,0.0,0.0,1
0.06619938062182823,0.0,0.0,0.0,0.0,1
0.056962325474112736,0.0,0.0,0.0,0.0,1
0.07295566999047211,0.0,0.0,0.0,0.0,1
0.050568924245847954,0.0,0.0,0.0,0.0,1
0.10110931836675931,0.0,0.0,0.0,0.0,1
0.09195479602840158,0.0,0.0,0.0,0.0,1
0.08798522442417829,0.0,0.0,0.0,0.0,1
0.13636745490005409,0.0,0.0,0.0,0.0,1
0.15004538418049748,0.0036174062258501893,0.0,0.0,0.0,1
0.15419619597651368,0.0,0.15855814516449435,0.0,0.0,1
0.16288368067448733,0.0,0.06658800896286213,0.0,0.0,1
0.10050886504700635,0.0,0.2486704415123714,0.0,0.0,1
0.08493740220785831,0.0,0.0,0.0,0.0,1
0.03575466821846034,0.0,0.0,0.0,0.0,1
0.05466937569744461,0.0,0.0,0.0,0.0,1
0.041286924163700695,0.0,0.0,0.0,0.0,1
0.04216149848622399,0.0,0.0,0.0,0.0,1
0.03083918876030762,0.0,0.0,0.0,0.0,1
0.043960961531253714,0.0,0.0,0.0,0.0,1
0.051070443435904576,0.0,0.0,0.0,0.0,1
0.040871581731836866,0.0,0.0,0.0,0.0,1
0.04928521848459858,0.0,0.0,0.0,0.0,1
0.03834147042754475,0.0,0.0,0.0,0.0,1
0.043329600001960844,0.0,0.0,0.0,0.0,1
0.013948029816187271,0.0,0.0,0.0,0.0,1
0.04550120188642486,0.0,0.0,0.0,0.0,1
0.03921618485481807,0.0,0.0,0.0,0.0,1
0.04667844681445603,0.0,0.0,0.0,0.0,1
0.04285327250205637,0.0,0.0,0.0,0.0,1
0.044856370298056954,0.0,0.0,0.0,0.0,1
0.08977608660402711,0.0,0.0,0.0,0.0,1
0.1081985525423174,0.0,0.0,0.0,0.0,1
0.1250649255169838,0.0,0.1944659146280687,0.0,0.0,1
0.1441713256816217,0.0,0.007996693870257005,0.0,0.0,1
0.09948783629252836,0.0,0.0,0.0,0.0,1
0.14163240202058197,0.018629592947121465,0.0,0.0,0.0,1
0.07750835026237796,0.0,0.0,0.0,0.0,1
0.03162637825223032,0.0,0.0,0.0,0.0,1
0.05307042343064364,0.0,0.0,0.0,0.0,1
0.03890823373971162,0.0,0.0,0.0,0.0,1
0.039983179849695655,0.0,0.0,0.0,0.0,1
0.012855030793153163,0.0,0.0,0.0,0.0,1
0.04999419421172005,0.0,0.0,0.0,0.0,1
0.04545995171396999,0.0,0.0,0.0,0.0,1
0.060819857323325933,0.0,0.0,0.0,0.0,1
0.07754114106707317,0.0,0.0,0.0,0.0,1
0.09607171784735972,0.0,0.0034971814206004592,0.0,0.0,1
0.09380516467469434,0.0,0.08317935097887132,0.0,0.0,1
0.09111672999098977,0.0,0.0,0.0,0.0,1
0.09599073856984847,0.0,0.0,0.0,0.0,1
0.08401024995945647,0.0,0.0,0.0,0.0,1
0.07249688011141046,0.0,0.0,0.0,0.0,1
0.057853711215133975,0.0,0.0,0.0,0.0,1
0.05078992819277508,0.0,0.0,0.0,0.0,1
0.034737191254705986,0.0,0.0,0.0,0.0,1
0.030419643895699965,0.0,0.0,0.0,0.0,1
0.08675454286103462,0.0,0.0,0.0,0.0,1
0.08456335633507585,0.0,0.0,0.0,0.0,1
0.07062282555411835,0.0,0.0,0.0,0.0,1
0.0772332537350984,0.0,0.0,0.0,0.0,1
0.0747282218846117,0.0,0.0,0.0,0.0,1
0.04625334103607601,0.0,0.0,0.0,0.0,1
0.024218274972436254,0.0,0.0,0.0,0.0,1
0.034251886980771286,0.0,0.0,0.0,0.0,1
0.03551491530787233,0.0,0.0,0.0,0.0,1
0.0463187472207778,0.0,0.0,0.0,0.0,1
0.03969389273698572,0.0,0.0,0.0,0.0,1
0.051964963260676,0.0,0.0,0.0,0.0,1
0.03741809778374154,0.0,0.0,0.0,0.0,1
0.04906303813148623,0.0,0.0,0.0,0.0,1
0.04901071640539266,0.0,0.0,0.0,0.0,1
0.1145513966986211,0.0,0.158038109243493,0.0,0.0,1
0.14426294148075638,0.0,0.308776506919453,0.0,0.0,1
0.180261976778034,0.0,0.4509041041862084,0.0,0.0,1
0.2834285021081681,0.49231446260445993,0.0,0.0,0.0,1
0.124384113865345,0.0,0.24143526187861702,0.0,0.0,1
0.2693135957617634,0.0,0.14934913824010382,0.0,0.0,1
0.33798485218820506,0.0,0.1505842588981227,0.0,0.0,1
0.19687561430365716,0.0,0.381976876128422,0.0,0.0,1
0.12867737643179175,0.0,0.0,0.0,0.0,1
0.13351965298194843,0.0,0.0,0.0,0.0,1
0.13227936469884152,0.0,0.0,0.0,0.0,1
0.1297778795726863,0.0,0.0,0.0,0.0,1
0.12173455677348648,0.0,0.0,0.0,0.0,1
0.15482125581055042,0.0,0.0,0.0,0.0,1
0.08903753239358854,0.0,0.0,0.0,0.0,1
0.18666287698271475,0.0,0.02785485461938711,0.0,0.0,1
0.05921985601770503,0.0,0.0,0.0,0.0,1
0.046061481441299866,0.0,0.0,0.0,0.0,1
0.04350364912920437,0.0,0.0,0.0,0.0,1
0.04770893102899958,0.0,0.0,0.0,0.0,1
0.047047713506062676,0.0,0.0,0.0,0.0,1
0.03823195547559381,0.0,0.0,0.0,0.0,1
0.053122467155666146,0.0,0.0,0.0,0.0,1
0.05513498402213781,0.0,0.0,0.0,0.0,1
0.13679194799196065,0.13783154189752433,0.0,0.0,0.0,1
0.1300969610114933,0.0,0.014219524889019258,0.0,0.0,1
0.12925137461205358,0.0,0.1810569428776009,0.0,0.0,1
0.19101653812774555,0.0,0.406387722661142,0.0,0.0,1
0.15159378491980816,0.0,0.0,0.0,0.0,1
0.1276938439786305,0.0,0.0,0.0,0.0,1
0.155065622336973,0.0,0.0,0.0,0.0,1
0.10905542423112784,0.0,0.0,0.0,0.0,1
0.09494224499813461,0.0,0.0,0.0,0.0,1
0.08459749371311198,0.0,0.33170350911747076,0.0,0.0,1
0.1713911484927739,0.0,0.0,0.0,0.0,1
0.11795070731902796,0.0,0.0,0.0,0.0,1
0.10777946614716483,0.0,0.06475930081472264,0.0,0.0,1
0.11231166638108571,0.0,0.0,0.0,0.0,1
0.09346396983243849,0.0,0.0,0.0,0.0,1
0.057623050761257545,0.0,0.0,0.0,0.0,1
0.0637637254833735,0.0,0.0,0.0,0.0,1
0.039404523844018984,0.0,0.0,0.0,0.0,1
0.04136109324720307,0.0,0.0,0.0,0.0,1
0.04668378416830917,0.0,0.0,0.0,0.0,1
0.03564652335933589,0.0,0.0,0.0,0.0,1
0.06680495794728997,0.0,0.0,0.0,0.0,1
0.061747547804591095,0.0,0.0,0.0,0.0,1
0.041023444172229494,0.0,0.0,0.0,0.0,1
0.03519452440126452,0.0,0.0,0.0,0.0,1
0.038614812827230706,0.0,0.0,0.0,0.0,1
0.037035085678967794,0.0,0.0,0.0,0.0,1
0.0509982240555342,0.0,0.0,0.0,0.0,1
0.06048383778998833,0.0,0.0,0.0,0.0,1
0.05020018922415787,0.0,0.0,0.0,0.0,1
0.04441672996343275,0.0,0.0,0.0,0.0,1
0.059662988350431864,0.0,0.0,0.0,0.0,1
0.13999951164056426,0.0,0.08246749948794657,0.0,0.0,1
0.10567738764557034,0.0,0.47203960296318404,0.0,0.0,1
0.1477691085195483,0.023548413444987315,0.0,0.0,0.0,1
0.14160042240468299,0.0,0.02753965247238646,0.0,0.0,1
0.13401123930135156,0.0,0.0,0.0,0.0,1
0.07420781735021502,0.0,0.0,0.0,0.0,1
0.06172799804881947,0.0,0.0,0.0,0.0,1
0.05446585410415891,0.0,0.0,0.0,0.0,1
0.03472392000967885,0.0,0.0,0.0,0.0,1
0.04797316193373817,0.0,0.0,0.0,0.0,1
0.046881727656375785,0.0,0.0,0.0,0.0,1
0.046640210811373095,0.0,0.0,0.0,0.0,1
0.04140628970700768,0.0,0.0,0.0,0.0,1
0.10537878724331567,0.0,0.03671742533611927,0.0,0.0,1
0.07272648820415913,0.0,0.0,0.0,0.0,1
0.10627426292329957,0.0,0.12090867825782468,0.0,0.0,1
0.052902822134680616,0.0,0.0,0.0,0.0,1
0.01380506887797143,0.0,0.0,0.0,0.0,1
0.05752331592341376,0.0,0.0,0.0,0.0,1
0.10769650509843094,0.0,0.0,0.0,0.0,1
0.12813011094548662,0.0,0.0040489267580832156,0.0,0.0,1
0.13126966795737516,0.0,0.013377949263006894,0.0,0.0,1
0.1844313185145381,0.0,0.041059674643823624,0.0,0.0,1
0.13041756594855441,0.0,0.05941803387099481,0.0,0.0,1
0.19926716369286265,0.0,0.0,0.0,0.0,1
0.14850662369386164,0.18608183755294,0.0,0.0,0.0,1
0.12579622640942092,0.0,0.08578413025422846,0.0,0.0,1
0.1626606683343608,0.0,0.0,0.0,0.0,1
0.12441132526951035,0.0,0.00935218442931346,0.0,0.0,1
0.08410105817818467,0.0,0.0,0.0,0.0,1
0.05265863056052808,0.0,0.0,0.0,0.0,1
0.04864965529668233,0.0,0.0,0.0,0.0,1
0.03672182684574795,0.0,0.0,0.0,0.0,1
0.03927528668422842,0.0,0.0,0.0,0.0,1
0.04710164192859852,0.0,0.0,0.0,0.0,1
0.037253742936282766,0.0,0.0,0.0,0.0,1
0.05388859517352168,0.0,0.0,0.0,0.0,1
0.03962215266456947,0.0,0.0,0.0,0.0,1
0.0477831132436461,0.0,0.0,0.0,0.0,1
0.05664023874422027,0.0,0.0,0.0,0.0,1
0.09496768044254722,0.0,0.004361342408002469,0.0,0.0,1
0.10492810260994437,0.0,0.0,0.0,0.0,1
0.07042322845617445,0.0,0.0,0.0,0.0,1
0.040824095947206956,0.0,0.0,0.0,0.0,1
0.05129453713722813,0.0,0.0,0.0,0.0,1
0.07072373036944823,0.0,0.0,0.0,0.0,1
0.07955105631162052,0.0,0.0,0.0,0.0,1
0.08325207447423653,0.0,0.0,0.0,0.0,1
0.1252539148325193,0.0,0.2403215414554296,0.0,0.0,1
0.15223585995380365,0.0,0.0,0.0,0.0,1
0.16705055204434083,0.06148592671479433,0.0,0.0,0.0,1
0.16078843863058068,0.0,0.0,0.0,0.0,1
0.2054260519668591,0.0,0.11012113521085126,0.0,0.0,1
0.04717604397710245,0.0,0.0,0.0,0.0,1
0.036737683293448085,0.0,0.0,0.0,0.0,1
0.047703546807158964,0.0,0.0,0.0,0.0,1
0.04167462161484146,0.0,0.0,0.0,0.0,1
0.051101572797025846,0.0,0.0,0.0,0.0,1
0.03878847581207206,0.0,0.0,0.0,0.0,1
0.048209959637662426,0.0,0.0,0.0,0.0,1
0.03865921839062795,0.0,0.0,0.0,0.0,1
0.05838138234433793,0.0,0.0,0.0,0.0,1
0.0694079336308108,0.0,0.0,0.0,0.0,1
0.12065704217119429,0.0,0.003763468440541262,0.0,0.0,1
0.11378983679408199,0.0,0.11101897011675031,0.0,0.0,1
0.14870431454076863,0.0,0.3255369809029264,0.0,0.0,1
0.07226517161657169,0.0,0.30127394989709183,0.0,0.0,1
0.21162876637495215,0.0,0.1714074679432413,0.0,0.0,1
0.055630138717445675,0.0,0.2768411063335172,0.0,0.0,1
0.08298546824949862,0.0,0.0,0.0,0.0,1
0.06321814869459201,0.0,0.0,0.0,0.0,1
0.0483358186946222,0.0,0.0,0.0,0.0,1
0.10354434888574723,0.0,0.5342615806405837,0.0,0.0,1
0.1811134088391579,0.4493481433298011,0.0,0.0,0.0,1
0.3070771359102881,0.0,0.0,0.0,0.0,1
0.21790794700487706,0.0,0.10844163013617994,0.0,0.0,1
0.13034907794228806,0.0,0.0,0.0,0.0,1
0.09254994771082571,0.0,0.0,0.0,0.0,1
0.06492750593258445,0.0,0.0,0.0,0.0,1
0.0654165468553341,0.0,0.0,0.0,0.0,1
0.052375148376105934,0.0,0.0,0.0,0.0,1
0.05025329250302768,0.0,0.0,0.0,0.0,1
0.03804862842637688,0.0,0.0,0.0,0.0,1
0.05492674935383917,0.0,0.0,0.0,0.0,1
0.049969354668339544,0.0,0.0,0.0,0.0,1
0.05722682056183666,0.0,0.0,0.0,0.0,1
0.0534538196440688,0.0,0.0,0.0,0.0,1
0.13651690713949888,0.00725233134213471,0.0,0.0,0.0,1
0.12628654283014448,0.0,0.09453474153981634,0.0,0.0,1
0.12838071378155125,0.0,0.2652666185718825,0.0,0.0,1
0.16353745249709578,0.2767070241242259,0.0,0.0,0.0,1
0.19695827989607265,0.0,0.2931184144679517,0.0,0.0,1
0.24047270003220375,0.0,0.04532988641285737,0.0,0.0,1
0.16389336610479735,0.0,0.241835598474853,0.0,0.0,1
0.12428220141500093,0.0,0.0,0.0,0.0,1
0.07683764915275952,0.0,0.0,0.0,0.0,1
0.14592668260047584,0.0,0.04589495578334754,0.0,0.0,1
0.11033289927002127,0.0,0.12889414286665465,0.0,0.0,1
0.17531192389832462,0.0,0.5633104639460085,0.0,0.0,1
0.1234777362822114,0.0,0.09558089721628565,0.0,0.0,2
0.13704441706540155,0.0,0.10501186514294852,0.0,0.0,2
0.17826510547902213,0.045392514749695856,0.0,0.0,0.0,2
0.09819983844971557,0.0,0.0,0.0,0.0,2
0.074550902994948,0.0,0.0,0.0,0.0,2
0.10846649263345726,0.0,0.0,0.0,0.0,2
0.1323929481802275,0.0,0.0,0.0,0.0,2
0.10822778044480465,0.0,0.0,0.0,0.0,2
0.08414863530033273,0.0,0.006597017279135059,0.0,0.0,2
0.08057649250164983,0.0,0.39720158852331566,0.0,0.0,2
0.12615332920462738,0.0,0.028165385377255492,0.0,0.0,2
0.09749011092191198,0.0,0.0,0.0,0.0,2
0.04936199080521121,0.0,0.0,0.0,0.0,2
0.06049958871121199,0.0,0.0,0.0,0.0,2
0.04230285698737008,0.0,0.0,0.0,0.0,2
0.055706158571636015,0.0,0.0,0.0,0.0,2
0.032613680811173225,0.0,0.0,0.0,0.0,2
0.0469759670168609,0.0,0.0,0.0,0.0,2
0.05654494402262296,0.0,0.0,0.0,0.0,2
0.03918180577739285,0.0,0.0,0.0,0.0,2
0.04968408730254639,0.0,0.0,0.0,0.0,2
0.035262687029956226,0.0,0.0,0.0,0.0,2
0.05476721258002083,0.0,0.0,0.0,0.0,2
0.1266219718786675,0.0,0.13388326615369908,0.0,0.0,2
0.1130919261994615,0.0,0.06959991501279127,0.0,0.0,2
0.14889156671553638,0.0,0.029685437366010314,0.0,0.0,2
0.03809739901183327,0.0,0.0,0.0,0.0,2
0.04510267458196809,0.0,0.0,0.0,0.0,2
0.04491184102537881,0.0,0.0,0.0,0.0,2
0.04220570672938891,0.0,0.0,0.0,0.0,2
0.038815924910658516,0.0,0.0,0.0,0.0,2
0.04848424330686922,0.0,0.0,0.0,0.0,2
0.04998224856740489,0.0,0.0,0.0,0.0,2
0.04096184177809297,0.0,0.0,0.0,0.0,2
0.05507743910647777,0.0,0.0,0.0,0.0,2
0.08958630476763961,0.0,0.0,0.0,0.0,2
0.062178327658238663,0.0,0.0,0.0,0.0,2
0.05125065712200099,0.0,0.0,0.0,0.0,2
0.04081542478723052,0.0,0.0,0.0,0.0,2
0.05615702169577908,0.0,0.0,0.0,0.0,2
0.049386462424491996,0.0,0.0,0.0,0.0,2
0.04291550338170386,0.0,0.0,0.0,0.0,2
0.044974182072459054,0.0,0.0,0.0,0.0,2
0.05008089727515954,0.0,0.0,0.0,0.0,2
0.05433752400744667,0.0,0.0,0.0,0.0,2
0.05113874893368595,0.0,0.0,0.0,0.0,2
0.04839042809264255,0.0,0.0,0.0,0.0,2
0.05108660257410482,0.0,0.0,0.0,0.0,2
0.0739488616190591,0.0,0.0,0.0,0.0,2
0.048853679201203204,0.0,0.0,0.0,0.0,2
0.05020378133416756,0.0,0.0,0.0,0.0,2
0.12171794555585615,0.0,0.09487392750866981,0.0,0.0,2
0.15661838021731542,0.0,0.1098515539918394,0.0,0.0,2
0.10334280293759078,0.0,0.0,0.0,0.0,2
0.08326306559945675,0.0,0.0,0.0,0.0,2
0.08758015681208235,0.0,0.0,0.0,0.0,2
0.17016632124375944,0.0,0.2424647404295914,0.0,0.0,2
0.1476102021069191,0.0,0.0,0.0,0.0,2
0.14899732183664574,0.0,0.0,0.0,0.0,2
0.12042072508697256,0.0,0.0,0.0,0.0,2
0.07482231920067296,0.0,0.0,0.0,0.0,2
0.06881044339385771,0.0,0.0,0.0,0.0,2
0.05530708914586627,0.0,0.0,0.0,0.0,2
0.0399490872736052,0.0,0.0,0.0,0.0,2
0.03984609379128144,0.0,0.0,0.0,0.0,2
0.041660686181752386,0.0,0.0,0.0,0.0,2
0.051611380695289664,0.0,0.0,0.0,0.0,2
0.027636622749866828,0.0,0.0,0.0,0.0,2
0.07624731627530669,0.0,0.0,0.0,0.0,2
0.05745984210662975,0.0,0.0,0.0,0.0,2
0.061740427838494046,0.0,0.0,0.0,0.0,2
0.04643995347320811,0.0,0.0,0.0,0.0,2
0.04900912123135015,0.0,0.0,0.0,0.0,2
0.04139261440898989,0.0,0.0,0.0,0.0,2
0.049406240258923824,0.0,0.0,0.0,0.0,2
0.055535363588242306,0.0,0.0,0.0,0.0,2
0.04110967528091893,0.0,0.0,0.0,0.0,2
0.047398945363623275,0.0,0.0,0.0,0.0,2
0.043996302832076686,0.0,0.0,0.0,0.0,2
0.062122541382503074,0.0,0.0,0.0,0.0,2
0.14137049973669943,0.0,0.04381218534415943,0.0,0.0,2
0.13478208151412463,0.0,0.0,0.0,0.0,2
0.13908594372713545,0.0,0.018430283983499995,0.0,0.0,2
0.106167365336684,0.0,0.0,0.0,0.0,2
0.0594541454723134,0.0,0.0,0.0,0.0,2
0.046581027164128326,0.0,0.0,0.0,0.0,2
0.052076873846992444,0.0,0.0,0.0,0.0,2
0.04223302533803655,0.0,0.0,0.0,0.0,2
0.049350103651909887,0.0,0.0,0.0,0.0,2
0.043364864357377055,0.0,0.0,0.0,0.0,2
0.046408912603464456,0.0,0.0,0.0,0.0,2
0.035302913518675864,0.0,0.0,0.0,0.0,2
0.07695827606024058,0.0,0.0,0.0,0.0,2
0.13335912353765567,0.047679523881828306,0.0,0.0,0.0,2
0.08638709565248323,0.0,0.0,0.0,0.0,2
0.11339867319645353,0.12989117167876332,0.0,0.0,0.0,2
0.06010260989146506,0.0,0.0,0.0,0.0,2
0.04942112521161339,0.0,0.0,0.0,0.0,2
0.04320588658187659,0.0,0.0,0.0,0.0,2
0.043511718015045775,0.0,0.0,0.0,0.0,2
0.0663594447745331,0.0,0.0,0.0,0.0,2
0.10442332159185458,0.0,0.0,0.0,0.0,2
0.08560719038964477,0.0,0.0,0.0,0.0,2
0.07146200628257467,0.0,0.012052721258231092,0.0,0.0,2
0.105821021798736,0.0,0.0,0.0,0.0,2
0.11675800655309548,0.0,0.007493047144978254,0.0,0.0,2
0.0757756690307289,0.0,0.0502536505422526,0.0,0.0,2
0.0973852126315791,0.0,0.0,0.0,0.0,2
0.06052122914154191,0.0,0.0,0.0,0.0,2
0.04507584084379367,0.0,0.0,0.0,0.0,2
0.047179137489198025,0.0,0.0,0.0,0.0,2
0.0419777175441618,0.0,0.0,0.0,0.0,2
0.0391891563075404,0.0,0.0,0.0,0.0,2
0.04757282909963751,0.0,0.0,0.0,0.0,2
0.037567370850504066,0.0,0.0,0.0,0.0,2
0.042567754946813446,0.0,0.0,0.0,0.0,2
0.057273132593023024,0.0,0.0,0.0,0.0,2
0.03466811367289863,0.0,0.0,0.0,0.0,2
0.040572374005346384,0.0,0.0,0.0,0.0,2
0.03654835083582262,0.0,0.0,0.0,0.0,2
0.03588711831043456,0.0,0.0,0.0,0.0,2
0.05372616799074876,0.0,0.0,0.0,0.0,2
0.033046615064699726,0.0,0.0,0.0,0.0,2
0.046705506760230685,0.0,0.0,0.0,0.0,2
0.05384509198206064,0.0,0.0,0.0,0.0,2
0.052646620008658385,0.0,0.0,0.0,0.0,2
0.06830837661499747,0.0,0.0,0.0,0.0,2
0.09371262371806256,0.0,0.05419808504579289,0.0,0.0,2
0.1596820959541884,0.13113134397493317,0.0,0.0,0.0,2
0.13836773480803496,0.0,0.0,0.0,0.0,2
0.12013600033145709,0.0,0.046852768126881925,0.0,0.0,2
0.13134033325278677,0.0,0.0,0.0,0.0,2
0.0756979040725148,0.0,0.0,0.0,0.0,2
0.05906796501694125,0.0,0.0,0.0,0.0,2
0.04931266395310976,0.0,0.0,0.0,0.0,2
0.04958477409484737,0.0,0.0,0.0,0.0,2
0.046856996574135994,0.0,0.0,0.0,0.0,2
0.047562795194452355,0.0,0.0,0.0,0.0,2
0.0423716704179491,0.0,0.0,0.0,0.0,2
0.043122241304699355,0.0,0.0,0.0,0.0,2
0.05305168521195834,0.0,0.0,0.0,0.0,2
0.16242902085124425,0.0066145152775611005,0.0,0.0,0.0,2
0.1433057591449214,0.0,0.09418565136608625,0.0,0.0,2
0.17052936253217837,0.0,0.40520879077120603,0.0,0.0,2
0.10893465667207801,0.0,0.0,0.0,0.0,2
0.07361331382601767,0.0,0.0,0.0,0.0,2
0.19333968674064106,0.0,0.4487789572548082,0.0,0.0,2
0.2082132099604282,0.21369623936189253,0.0,0.0,0.0,2
0.13410228865120022,0.2466637945344149,0.0,0.0,0.0,2
0.26995225789969807,0.0,0.2406170658527153,0.0,0.0,2
0.21088054141966103,0.0,0.09963879648070037,0.0,0.0,2
0.28296279557206816,0.0,0.30217820408791907,0.0,0.0,2
0.23504260253360912,0.0,0.1474777978767254,0.0,0.0,2
0.2372639241469133,0.0,0.32541627772487636,0.0,0.0,2
0.3007523837454498,0.0,0.024780213298623344,0.0,0.0,2
0.15394928185864737,0.0,0.0,0.0,0.0,2
0.06072317781993147,0.0,0.0,0.0,0.0,2
0.046471420007166774,0.0,0.0,0.0,0.0,2
0.05870746017495637,0.0,0.0,0.0,0.0,2
0.05572003571629838,0.0,0.0,0.0,0.0,2
0.06369484295816122,0.0,0.0,0.0,0.0,2
0.05483911667476773,0.0,0.0,0.0,0.0,2
0.05018006005937326,0.0,0.0,0.0,0.0,2
0.05496717151816729,0.0,0.0,0.0,0.0,2
0.04871370551256344,0.0,0.0,0.0,0.0,2
0.06151057688202325,0.0,0.0,0.0,0.0,2
0.11532043765945411,0.0,0.06356830244556659,0.0,0.0,2
0.14927974422946488,0.022272642510398344,0.0,0.0,0.0,2
0.11586163736145254,0.0,0.04586353311996928,0.0,0.0,2
0.18827120915877807,0.05981500844478771,0.0,0.0,0.0,2
0.11897071023317052,0.0,0.0,0.0,0.0,2
0.12614266497023302,0.06176129734257038,0.0,0.0,0.0,2
0.14101149877887773,0.0,0.0,0.0,0.0,2
0.13943452671799209,0.0,0.0,0.0,0.0,2
0.12653189057992828,0.0,0.03475340520136505,0.0,0.0,2
0.13862751728601244,0.0,0.0,0.0,0.0,2
0.18316608691532568,0.0,0.19380620309265914,0.0,0.0,2
0.21839534068016977,0.0,0.0402952478307054,0.0,0.0,2
0.1097145149887881,0.0,0.0,0.0,0.0,2
0.11323822108285349,0.0,0.0,0.0,0.0,2
0.0796956812951735,0.0,0.0,0.0,0.0,2
0.055562249472913064,0.0,0.0,0.0,0.0,2
0.04380684694978894,0.0,0.0,0.0,0.0,2
0.044802750281084214,0.0,0.0,0.0,0.0,2
0.042669048976572886,0.0,0.0,0.0,0.0,2
0.03743687172965653,0.0,0.0,0.0,0.0,2
0.018218747725195723,0.0,0.0,0.0,0.0,2
0.04399769493537814,0.0,0.0,0.0,0.0,2
0.0470705700089599,0.0,0.0,0.0,0.0,2
0.04074226480037006,0.0,0.0,0.0,0.0,2
0.11135723085236726,0.0,0.0,0.0,0.0,2
0.1175141685292996,0.0,0.0490089854543902,0.0,0.0,2
0.10481990119935788,0.0,0.010910919141814482,0.0,0.0,2
0.10812630770113303,0.014969242972150881,0.0,0.0,0.0,2
0.1351487595065734,0.0,0.0,0.0,0.0,2
0.12489635731725388,0.0,0.0,0.0,0.0,2
0.1818009690149831,0.0,0.011191743399289356,0.0,0.0,2
0.09507462039852956,0.0,0.0,0.0,0.0,2
0.11966146857338558,0.0,0.0,0.0,0.0,2
0.1835268934959716,0.0,0.0,0.0,0.0,2
0.11376104601485494,0.2267009257721948,0.0,0.0,0.0,2
0.10455952833876703,0.0,0.004737579609736489,0.0,0.0,2
0.1331458289109039,0.0,0.0,0.0,0.0,2
0.12422604420193692,0.0,0.27605504169333883,0.0,0.0,2
0.17135261114658307,0.0,0.1486256394516574,0.0,0.0,2
0.11311850269900899,0.0,0.0,0.0,0.0,2
0.12149925856625438,0.0,0.0,0.0,0.0,2
0.047648125534648804,0.0,0.0,0.0,0.0,2
0.039920792196499265,0.0,0.0,0.0,0.0,2
0.04584052334535762,0.0,0.0,0.0,0.0,2
0.03943612389476087,0.0,0.0,0.0,0.0,2
0.04102260442490916,0.0,0.0,0.0,0.0,2
0.03902438610938489,0.0,0.0,0.0,0.0,2
0.03785946825882089,0.0,0.0,0.0,0.0,2
0.059396794835592764,0.0,0.0,0.0,0.0,2
0.10398309024306773,0.0,0.0,0.0,0.0,2
0.07529474567302495,0.0,0.0,0.0,0.0,2
0.11422130994303929,0.0,0.10317997706276878,0.0,0.0,2
0.13565971116068973,0.0,0.0014481309632036476,0.0,0.0,2
0.11996824297133749,0.0,0.17602178465179472,0.0,0.0,2
0.18089026430632685,0.0,0.31719121494324276,0.0,0.0,2
0.10587342957785525,0.0,0.0,0.0,0.0,2
0.11691832177148141,0.0,0.0,0.0,0.0,2
0.09307887531867676,0.0,0.0,0.0,0.0,2
0.13870540759361505,0.0,0.16746560628321444,0.0,0.0,2
0.1811410096944126,0.0,0.037628372675727745,0.0,0.0,2
0.14760520202903676,0.0,0.0,0.0,0.0,2
0.11229728158179646,0.0,0.0,0.0,0.0,2
0.082833976502328,0.0,0.0,0.0,0.0,2
0.03334448672673404,0.0,0.0,0.0,0.0,2
0.05856203219609352,0.0,0.0,0.0,0.0,2
0.033878172084091863,0.0,0.0,0.0,0.0,2
0.04138324053398251,0.0,0.0,0.0,0.0,2
0.04037795510696491,0.0,0.0,0.0,0.0,2
0.043849170459364276,0.0,0.0,0.0,0.0,2
0.03510210671824604,0.0,0.0,0.0,0.0,2
0.05079151743071475,0.0,0.0,0.0,0.0,2
0.048919316932574626,0.0,0.0,0.0,0.0,2
0.06185825161301061,0.0,0.0,0.0,0.0,2
0.04487711514707682,0.0,0.0,0.0,0.0,2
0.038059343059878806,0.0,0.0,0.0,0.0,2
0.04234112585927947,0.0,0.0,0.0,0.0,2
0.04059517446894295,0.0,0.0,0.0,0.0,2
0.04571031037388893,0.0,0.0,0.0,0.0,2
0.02547323293526503,0.0,0.0,0.0,0.0,2
0.04183470976163294,0.0,0.0,0.0,0.0,2
0.03839477577759293,0.0,0.0,0.0,0.0,2
0.0689845069080724,0.0,0.0,0.0,0.0,2
0.12319767723317905,0.0,0.10548432381211072,0.0,0.0,2
0.11011501647120385,0.0,0.008083078380010073,0.0,0.0,2
0.15903968471689342,0.0,0.01769951506431336,0.0,0.0,2
0.10986657662008639,0.060506295198698073,0.0,0.0,0.0,2
0.07138422387437315,0.0,0.0,0.0,0.0,2
0.03723032540914046,0.0,0.0,0.0,0.0,2
0.04199348765286936,0.0,0.0,0.0,0.0,2
0.04028579933909492,0.0,0.0,0.0,0.0,2
0.04315206076323176,0.0,0.0,0.0,0.0,2
0.04552609705588452,0.0,0.0,0.0,0.0,2
0.037617909611079414,0.0,0.0,0.0,0.0,2
0.03425348784785204,0.0,0.0,0.0,0.0,2
0.06380429453640456,0.0,0.0,0.0,0.0,2
0.06631928363052847,0.0,0.0,0.0,0.0,2
0.04347411156977313,0.0,0.0,0.0,0.0,2
0.05290779539875302,0.0,0.0,0.0,0.0,2
0.056266526982565755,0.0,0.0,0.0,0.0,2
0.05293602811939051,0.0,0.0,0.0,0.0,2
0.0729232863637974,0.0,0.0,0.0,0.0,2
0.05168039968068791,0.0,0.0,0.0,0.0,2
0.12255897144069605,0.0,0.0,0.0,0.0,2
0.09450380870987528,0.0,0.0,0.0,0.0,2
0.09942749824982242,0.0,0.0,0.0,0.0,2
0.11794028302855208,0.0,0.0,0.0,0.0,2
0.08535805875563347,0.049845098344870456,0.0,0.0,0.0,2
0.14168797111894826,0.0,0.15786795166590611,0.0,0.0,2
0.13463731186092903,0.0,0.04532817338318232,0.0,0.0,2
0.1446605693512284,0.0,0.15644819273247468,0.0,0.0,2
0.09159448970164746,0.0,0.0,0.0,0.0,2
0.03986704394015704,0.0,0.0,0.0,0.0,2
0.04444177791215105,0.0,0.0,0.0,0.0,2
0.039002983187314565,0.0,0.0,0.0,0.0,2
0.04517565162016076,0.0,0.0,0.0,0.0,2
0.03434542448305245,0.0,0.0,0.0,0.0,2
0.03462315834389396,0.0,0.0,0.0,0.0,2
0.053455197942969324,0.0,0.0,0.0,0.0,2
0.048240444004314424,0.0,0.0,0.0,0.0,2
0.048514560799296176,0.0,0.0,0.0,0.0,2
0.03144592626521177,0.0,0.0,0.0,0.0,2
0.039893866438691826,0.0,0.0,0.0,0.0,2
0.014289217671696606,0.0,0.0,0.0,0.0,2
0.05133642173333093,0.0,0.0,0.0,0.0,2
0.036059729428475684,0.0,0.0,0.0,0.0,2
0.04558841285625482,0.0,0.0,0.0,0.0,2
0.03987841199613249,0.0,0.0,0.0,0.0,2
0.04597510967008599,0.0,0.0,0.0,0.0,2
0.1014600993962377,0.0,0.0,0.0,0.0,2
0.09374980794539588,0.0,0.0,0.0,0.0,2
0.1499042898612621,0.0,0.1707438383045082,0.0,0.0,2
0.13614838893160042,0.0,0.025796319081371255,0.0,0.0,2
0.13377948519805344,0.0,0.0,0.0,0.0,2
0.16372123639110087,0.0,0.0,0.0,0.0,2
0.050379977379865416,0.0,0.0,0.0,0.0,2
0.03442467353138817,0.0,0.0,0.0,0.0,2
0.049525713989865196,0.0,0.0,0.0,0.0,2
0.039445485121412806,0.0,0.0,0.0,0.0,2
0.04215130956881024,0.0,0.0,0.0,0.0,2
0.01550196334284161,0.0,0.0,0.0,0.0,2
0.05487130427983318,0.0,0.0,0.0,0.0,2
0.039367861327410235,0.0,0.0,0.0,0.0,2
0.046860131820092396,0.0,0.0,0.0,0.0,2
0.06308159037973435,0.0,0.0,0.0,0.0,2
0.09278948661655663,0.0,0.0,0.0,0.0,2
0.08103224613714313,0.0,0.07002051606282925,0.0,0.0,2
0.08248402499912576,0.0,0.0,0.0,0.0,2
0.10030706154247837,0.0,0.0,0.0,0.0,2
0.07857051671037525,0.0,0.0,0.0,0.0,2
0.05182233178089538,0.0,0.0,0.0,0.0,2
0.050125928629126223,0.0,0.0,0.0,0.0,2
0.06489586135944757,0.0,0.0,0.0,0.0,2
0.029881633977875858,0.0,0.0,0.0,0.0,2
0.02764088654312164,0.0,0.0,0.0,0.0,2
0.09039854207565452,0.0,0.0,0.0,0.0,2
0.08632203441446464,0.0,0.0,0.0,0.0,2
0.07020364587577202,0.0,0.0,0.0,0.0,2
0.0738287256425778,0.0,0.0,0.0,0.0,2
0.0661173270311124,0.0,0.0,0.0,0.0,2
0.04466814509584003,0.0,0.0,0.0,0.0,2
0.030739908745566306,0.0,0.0,0.0,0.0,2
0.042335968757425235,0.0,0.0,0.0,0.0,2
0.044136234517192216,0.0,0.0,0.0,0.0,2
0.041130525720847716,0.0,0.0,0.0,0.0,2
0.03602297218325988,0.0,0.0,0.0,0.0,2
0.05442677307318031,0.0,0.0,0.0,0.0,2
0.0450683387541758,0.0,0.0,0.0,0.0,2
0.05226853682632242,0.0,0.0,0.0,0.0,2
0.054541394482555156,0.0,0.0,0.0,0.0,2
0.11604014610963043,0.0,0.2230966786898783,0.0,0.0,2
0.14368613276462167,0.0,0.4668757723357407,0.0,0.0,2
0.18252041650223125,0.0,0.38364325597738835,0.0,0.0,2
0.20174628651024737,0.45837126070473444,0.0,0.0,0.0,2
0.2432194680382622,0.0,0.09105230228226488,0.0,0.0,2
0.3233994009563938,0.0,0.19307992445813643,0.0,0.0,2
0.251963132523521,0.0,0.17997553788148274,0.0,0.0,2
0.2142631648393298,0.0,0.20167501459043644,0.0,0.0,2
0.11819192854679615,0.0,0.0,0.0,0.0,2
0.11918802498577981,0.0,0.0,0.0,0.0,2
0.1584463057438275,0.0,0.0,0.0,0.0,2
0.16462594200867894,0.0,0.0,0.0,0.0,2
0.11509627497543676,0.0,0.0,0.0,0.0,2
0.15773986837757095,0.0,0.04991124522565474,0.0,0.0,2
0.07961446574718316,0.0,0.0,0.0,0.0,2
0.12814574464031303,0.0,0.09584889831726387,0.0,0.0,2
0.056122296714768156,0.0,0.0,0.0,0.0,2
0.05553716549508678,0.0,0.0,0.0,0.0,2
0.04045493037346799,0.0,0.0,0.0,0.0,2
0.04524190141350696,0.0,0.0,0.0,0.0,2
0.04766129929537574,0.0,0.0,0.0,0.0,2
0.036279391617484925,0.0,0.0,0.0,0.0,2
0.05381887621615846,0.0,0.0,0.0,0.0,2
0.07382819092435922,0.0,0.0,0.0,0.0,2
0.08305047227126162,0.1881482412578368,0.0,0.0,0.0,2
0.12245359294710735,0.0,0.03024546762508344,0.0,0.0,2
0.13284275225871484,0.0,0.20359661338141866,0.0,0.0,2
0.1480483433117499,0.0,0.45698266690396927,0.0,0.0,2
0.1697388704154917,0.0,0.0,0.0,0.0,2
0.09849065964684245,0.0,0.0,0.0,0.0,2
0.14203591702615023,0.0,0.0,0.0,0.0,2
0.09166711209933831,0.0,0.0,0.0,0.0,2
0.11865452782488332,0.0,0.0,0.0,0.0,2
0.15888779399387018,0.0,0.25607349919167455,0.0,0.0,2
0.17384542601512082,0.0,0.0,0.0,0.0,2
0.10718776929540588,0.0,0.0,0.0,0.0,2
0.12865433971999962,0.0,0.0,0.0,0.0,2
0.1061457392541863,0.0,0.0,0.0,0.0,2
0.08591721516120449,0.0,0.0,0.0,0.0,2
0.051914002045263724,0.0,0.0,0.0,0.0,2
0.05216204319372007,0.0,0.0,0.0,0.0,2
0.0513632503216202,0.0,0.0,0.0,0.0,2
0.05604065162456938,0.0,0.0,0.0,0.0,2
0.04445200803205389,0.0,0.0,0.0,0.0,2
0.040508957658067245,0.0,0.0,0.0,0.0,2
0.07587000954356826,0.0,0.0,0.0,0.0,2
0.053559954344432364,0.0,0.0,0.0,0.0,2
0.03881294706870713,0.0,0.0,0.0,0.0,2
0.039471207117940124,0.0,0.0,0.0,0.0,2
0.049709128085586626,0.0,0.0,0.0,0.0,2
0.036328390969196524,0.0,0.0,0.0,0.0,2
0.04798901620845407,0.0,0.0,0.0,0.0,2
0.053495575847270195,0.0,0.0,0.0,0.0,2
0.05618807311173275,0.0,0.0,0.0,0.0,2
0.05560064195888712,0.0,0.0,0.0,0.0,2
0.08264126035075689,0.0,0.0,0.0,0.0,2
0.14349298824603826,0.0,0.09152519342624887,0.0,0.0,2
0.1516424723652947,0.0,0.45242082424909924,0.0,0.0,2
0.1670289355939656,0.0,0.0,0.0,0.0,2
0.1393146141488881,0.0,0.0,0.0,0.0,2
0.1032826650260613,0.0,0.0,0.0,0.0,2
0.07000056231964323,0.0,0.0,0.0,0.0,2
0.06229993956404379,0.0,0.0,0.0,0.0,2
0.05797895698342738,0.0,0.0,0.0,0.0,2
0.0432262523573034,0.0,0.0,0.0,0.0,2
0.056520106717132895,0.0,0.0,0.0,0.0,2
0.04138839592708914,0.0,0.0,0.0,0.0,2
0.04158506616792944,0.0,0.0,0.0,0.0,2
0.04517385653058083,0.0,0.0,0.0,0.0,2
0.09391214920402341,0.0,0.07534057226977428,0.0,0.0,2
0.08577085189713644,0.0,0.0,0.0,0.0,2
0.12138964878376617,0.0,0.1342286795912166,0.0,0.0,2
0.04695620757811307,0.0,0.0,0.0,0.0,2
0.015718621954339467,0.0,0.0,0.0,0.0,2
0.07130600143277102,0.0,0.0,0.0,0.0,2
0.08442376393713598,0.0,0.028096609450811855,0.0,0.0,2
0.1414468438154806,0.0,0.02685598445145465,0.0,0.0,2
0.1140659420139617,0.0,0.03932543088988977,0.0,0.0,2
0.2256174372473524,0.0,0.017567207168209753,0.0,0.0,2
0.11659866251743627,0.0,0.07187277060235196,0.0,0.0,2
0.11464976587682515,0.0,0.03308903515804906,0.0,0.0,2
0.17138555830521915,0.14555889444413692,0.0,0.0,0.0,2
0.17372517658618467,0.0,0.0,0.0,0.0,2
0.16449136676488343,0.0,0.0,0.0,0.0,2
0.11679456911621612,0.0,0.0,0.0,0.0,2
0.08105246929519754,0.0,0.0,0.0,0.0,2
0.06201345122256623,0.0,0.0,0.0,0.0,2
0.04379552824310016,0.0,0.0,0.0,0.0,2
0.0408749403205391,0.0,0.0,0.0,0.0,2
0.04605188939861594,0.0,0.0,0.0,0.0,2
0.04585073462397666,0.0,0.0,0.0,0.0,2
0.02893515043578538,0.0,0.0,0.0,0.0,2
0.049050827570246834,0.0,0.0,0.0,0.0,2
0.051140663305475696,0.0,0.0,0.0,0.0,2
0.04577013548882454,0.0,0.0,0.0,0.0,2
0.050822239822616966,0.0,0.0,0.0,0.0,2
0.10152212561625105,0.0,0.0,0.0,0.0,2
0.0886736066253757,0.0,0.0,0.0,0.0,2
0.08886896283793222,0.0,0.0,0.0,0.0,2
0.034041081737450796,0.0,0.0,0.0,0.0,2
0.04826524603078023,0.0,0.0,0.0,0.0,2
0.07141101359815312,0.0,0.0,0.0,0.0,2
0.08744763693565838,0.0,0.0,0.0,0.0,2
0.08334182327197799,0.0,0.0,0.0,0.0,2
0.11518181034118885,0.0,0.25603133717374044,0.0,0.0,2
0.12888929905268104,0.0,0.019361344899053057,0.0,0.0,2
0.16623168398988328,0.07672080659994751,0.0,0.0,0.0,2
0.15588813881798746,0.003647302956035353,0.0,0.0,0.0,2
0.1340220084433294,0.0,0.1252702261149472,0.0,0.0,2
0.04462040796252995,0.0,0.0,0.0,0.0,2
0.03600217256488237,0.0,0.0,0.0,0.0,2
0.04435661029955237,0.0,0.0,0.0,0.0,2
0.04157505533864284,0.0,0.0,0.0,0.0,2
0.03507036424842685,0.0,0.0,0.0,0.0,2
0.035355086378406696,0.0,0.0,0.0,0.0,2
0.04444897104773628,0.0,0.0,0.0,0.0,2
0.04324247163499567,0.0,0.0,0.0,0.0,2
0.04053240274140886,0.0,0.0,0.0,0.0,2
0.049187638767187306,0.0,0.0,0.0,0.0,2
0.10472887917930021,0.0,0.03254947758615406,0.0,0.0,2
0.12351373591607033,0.0,0.12777095725471393,0.0,0.0,2
0.17118753649083346,0.0,0.22507610695622499,0.0,0.0,2
0.17530340698457225,0.0,0.2069505651142109,0.0,0.0,2
0.1494321434862479,0.0,0.24410072547658335,0.0,0.0,2
0.2281810988774937,0.0,0.027582246339596078,0.0,0.0,2
0.06548464842192303,0.0,0.0,0.0,0.0,2
0.06702942750289623,0.0,0.0,0.0,0.0,2
0.06637868098971166,0.0,0.0,0.0,0.0,2
0.07460355330492763,0.0,0.6949354040190968,0.0,0.0,2
0.2262858496119137,0.4906484824681876,0.0,0.0,0.0,2
0.35776873343863386,0.0,0.0005601384685317568,0.0,0.0,2
0.3173062113994274,0.0,0.08973558287008038,0.0,0.0,2
0.10289648379277869,0.0,0.0,0.0,0.0,2
0.08319302996439831,0.0,0.0,0.0,0.0,2
0.08492855708104662,0.0,0.0,0.0,0.0,2
0.0535952912563231,0.0,0.0,0.0,0.0,2
0.060208058507093855,0.0,0.0,0.0,0.0,2
0.04645699048399718,0.0,0.0,0.0,0.0,2
0.037739119053666295,0.0,0.0,0.0,0.0,2
0.05046921384256016,0.0,0.0,0.0,0.0,2
0.046768907384370555,0.0,0.0,0.0,0.0,2
0.04663912982595335,0.0,0.0,0.0,0.0,2
0.062012843671479335,0.0,0.0,0.0,0.0,2
0.08409842902636747,0.07388345686143757,0.0,0.0,0.0,2
0.11760128927981844,0.0,0.05541194919458414,0.0,0.0,2
0.11577124356332495,0.0,0.27198599605834023,0.0,0.0,2
0.19614783521282333,0.21090312944791503,0.0,0.0,0.0,2
0.2329726660037253,0.0,0.20547457970955385,0.0,0.0,2
0.25929207243305374,0.0,0.030803056580094357,0.0,0.0,2
0.17391033283003343,0.0,0.26756861286956446,0.0,0.0,2
0.09613120945749322,0.0,0.06322498309623877,0.0,0.0,2
0.08019913431170902,0.0,0.0,0.0,0.0,2
0.17548355691147277,0.0,0.0,0.0,0.0,2
0.14160494420304906,0.0,0.13999732118322825,0.0,0.0,2
0.1368431799759968,0.0,0.6124108345501336,0.0,0.0,2
0.17777651868703173,0.0,0.044703722517066724,0.0,0.0,3
0.14503450768010104,0.0,0.10541052938455867,0.0,0.0,3
0.1848694571483669,0.01969096281273422,0.0,0.0,0.0,3
0.10727130707203121,0.0,0.0,0.0,0.0,3
0.08056045542048917,0.0,0.0,0.0,0.0,3
0.1126381857969202,0.0,0.0,0.0,0.0,3
0.1395268337927941,0.0,0.0,0.0,0.0,3
0.09367041564785243,0.0,0.0,0.0,0.0,3
0.08122720217134266,0.0,0.0,0.0,0.0,3
0.16615416633291585,0.0,0.24293970694987155,0.0,0.0,3
0.14135212984066012,0.0,0.0,0.0,0.0,3
0.10817063283457812,0.0,0.0,0.0,0.0,3
0.05056674193237638,0.0,0.0,0.0,0.0,3
0.05740957467803106,0.0,0.0,0.0,0.0,3
0.05078743486139566,0.0,0.0,0.0,0.0,3
0.05280336201837596,0.0,0.0,0.0,0.0,3
0.04505638634937808,0.0,0.0,0.0,0.0,3
0.04813667585962717,0.0,0.0,0.0,0.0,3
0.04918325111538856,0.0,0.0,0.0,0.0,3
0.042886747728048555,0.0,0.0,0.0,0.0,3
0.04941323922558407,0.0,0.0,0.0,0.0,3
0.036219415497369255,0.0,0.0,0.0,0.0,3
0.050023379538858895,0.0,0.0,0.0,0.0,3
0.1219462060430438,0.0,0.16408294474805007,0.0,0.0,3
0.19089936054703283,0.0,0.03190422545769531,0.0,0.0,3
0.17287845586555994,0.0,0.010099251099221135,0.0,0.0,3
0.04224221145749192,0.0,0.0,0.0,0.0,3
0.03922693748995602,0.0,0.0,0.0,0.0,3
0.048579681081039626,0.0,0.0,0.0,0.0,3
0.04865470805292188,0.0,0.0,0.0,0.0,3
0.034640536558615195,0.0,0.0,0.0,0.0,3
0.0569372902781903,0.0,0.0,0.0,0.0,3
0.048527219189858285,0.0,0.0,0.0,0.0,3
0.03583318788220979,0.0,0.0,0.0,0.0,3
0.05473944917325326,0.0,0.0,0.0,0.0,3
0.06894126363242777,0.0,0.0,0.0,0.0,3
0.05575941622620801,0.0,0.0,0.0,0.0,3
0.05680986418331898,0.0,0.0,0.0,0.0,3
0.04039247853409229,0.0,0.0,0.0,0.0,3
0.04216608983511803,0.0,0.0,0.0,0.0,3
0.05849754873566599,0.0,0.0,0.0,0.0,3
0.05213909899951062,0.0,0.0,0.0,0.0,3
0.045331857296727424,0.0,0.0,0.0,0.0,3
0.04662729969948614,0.0,0.0,0.0,0.0,3
0.061704492481176085,0.0,0.0,0.0,0.0,3
0.04227976891751685,0.0,0.0,0.0,0.0,3
0.04399105021356804,0.0,0.0,0.0,0.0,3
0.051468870427447314,0.0,0.0,0.0,0.0,3
0.06200711259592003,0.0,0.0,0.0,0.0,3
0.041219672266407756,0.0,0.0,0.0,0.0,3
0.048484453031405535,0.0,0.0,0.0,0.0,3
0.11470812770152358,0.0,0.07323491401439988,0.0,0.0,3
0.15864255607161784,0.0,0.0972223334507181,0.0,0.0,3
0.12104268854958648,0.0,0.0,0.0,0.0,3
0.0670377986488697,0.0,0.0,0.0,0.0,3
0.08875949139195945,0.0,0.0,0.0,0.0,3
0.13014773143230263,0.0,0.2965852199518341,0.0,0.0,3
0.15403417938911054,0.0,0.0,0.0,0.0,3
0.1512851593230463,0.0,0.0,0.0,0.0,3
0.12385321040664639,0.0,0.0,0.0,0.0,3
0.07715881472874996,0.0,0.0,0.0,0.0,3
0.07280268827470579,0.0,0.0,0.0,0.0,3
0.052645669767711185,0.0,0.0,0.0,0.0,3
0.03472742852075848,0.0,0.0,0.0,0.0,3
0.04227164102333166,0.0,0.0,0.0,0.0,3
0.04581203154250838,0.0,0.0,0.0,0.0,3
0.04335990742455305,0.0,0.0,0.0,0.0,3
0.03899971404752538,0.0,0.0,0.0,0.0,3
0.08365296271895936,0.0,0.0,0.0,0.0,3
0.05486513905239607,0.0,0.0,0.0,0.0,3
0.056145227104323785,0.0,0.0,0.0,0.0,3
0.04379888172541796,0.0,0.0,0.0,0.0,3
0.04457506902975084,0.0,0.0,0.0,0.0,3
0.040127891350038976,0.0,0.0,0.0,0.0,3
0.0517908687922527,0.0,0.0,0.0,0.0,3
0.048213166546584287,0.0,0.0,0.0,0.0,3
0.04746405540591838,0.0,0.0,0.0,0.0,3
0.04204430869184901,0.0,0.0,0.0,0.0,3
0.045677222591376326,0.0,0.0,0.0,0.0,3
0.052781777201889674,0.0,0.0,0.0,0.0,3
0.15542627201843126,0.0,0.018406793072819838,0.0,0.0,3
0.10505720581948627,0.0,0.03269842739793605,0.0,0.0,3
0.11309836180975477,0.0,0.02269841542776091,0.0,0.0,3
0.10935156325826291,0.03132466433991608,0.0,0.0,0.0,3
0.07882612351490978,0.0,0.0,0.0,0.0,3
0.050133479084389004,0.0,0.0,0.0,0.0,3
0.04729699173107777,0.0,0.0,0.0,0.0,3
0.04211947159491664,0.0,0.0,0.0,0.0,3
0.04475680220131957,0.0,0.0,0.0,0.0,3
0.054547959322359986,0.0,0.0,0.0,0.0,3
0.04466207300132588,0.0,0.0,0.0,0.0,3
0.041261618300398185,0.0,0.0,0.0,0.0,3
0.07370313169137216,0.0,0.0,0.0,0.0,3
0.13357713002122676,0.03148570723835595,0.0,0.0,0.0,3
0.08475796398048396,0.0,0.0,0.0,0.0,3
0.165882621987769,0.06140380876821194,0.0,0.0,0.0,3
0.07275627255478599,0.0,0.0,0.0,0.0,3
0.06618349214992127,0.0,0.0,0.0,0.0,3
0.04450124066688792,0.0,0.0,0.0,0.0,3
0.04887591009940147,0.0,0.0,0.0,0.0,3
0.07910209036017346,0.0,0.0,0.0,0.0,3
0.09230350635393664,0.0,0.0,0.0,0.0,3
0.07202833688041409,0.0,0.0,0.0,0.0,3
0.06804897432277462,0.0,0.0,0.0,0.0,3
0.0995055128041873,0.0,0.0,0.0,0.0,3
0.11423893777234323,0.0,0.0,0.0,0.0,3
0.10754225389592452,0.0,0.0,0.0,0.0,3
0.10390234596494317,0.0,0.0,0.0,0.0,3
0.056500406785956366,0.0,0.0,0.0,0.0,3
0.04687997367184995,0.0,0.0,0.0,0.0,3
0.04286978156692781,0.0,0.0,0.0,0.0,3
0.04659542534046873,0.0,0.0,0.0,0.0,3
0.05171936138621333,0.0,0.0,0.0,0.0,3
0.05175695090846477,0.0,0.0,0.0,0.0,3
0.03464957882105875,0.0,0.0,0.0,0.0,3
0.049640304036885095,0.0,0.0,0.0,0.0,3
0.07010832054833165,0.0,0.0,0.0,0.0,3
0.034422077482898085,0.0,0.0,0.0,0.0,3
0.04813869013515557,0.0,0.0,0.0,0.0,3
0.03953084287111103,0.0,0.0,0.0,0.0,3
0.0348006121076342,0.0,0.0,0.0,0.0,3
0.05094223455135887,0.0,0.0,0.0,0.0,3
0.037239190376802435,0.0,0.0,0.0,0.0,3
0.03934047321827669,0.0,0.0,0.0,0.0,3
0.04414806887421586,0.0,0.0,0.0,0.0,3
0.048121062795063126,0.0,0.0,0.0,0.0,3
0.06782574085080582,0.0,0.0,0.0,0.0,3
0.1230714071533244,0.0,0.02331530741705773,0.0,0.0,3
0.09921462676201638,0.20563666828713906,0.0,0.0,0.0,3
0.13299042821567342,0.0,0.0,0.0,0.0,3
0.17836107872258672,0.0,0.0,0.0,0.0,3
0.12233732290297404,0.0,0.0,0.0,0.0,3
0.07769444541002944,0.0,0.0,0.0,0.0,3
0.05164068881392006,0.0,0.0,0.0,0.0,3
0.05164529444807312,0.0,0.0,0.0,0.0,3
0.04770450556506264,0.0,0.0,0.0,0.0,3
0.04683541999057113,0.0,0.0,0.0,0.0,3
0.055414452884394345,0.0,0.0,0.0,0.0,3
0.054769324378089165,0.0,0.0,0.0,0.0,3
0.036988668778860916,0.0,0.0,0.0,0.0,3
0.052991067087113986,0.0,0.0,0.0,0.0,3
0.09807604221996419,0.12764497492747345,0.0,0.0,0.0,3
0.11295967440478412,0.0,0.12611084497606628,0.0,0.0,3
0.15994344015389356,0.0,0.34095204493613834,0.0,0.0,3
0.11410224891682316,0.0,0.0,0.0,0.0,3
0.08080820147659923,0.0,0.0,0.0,0.0,3
0.16612123503124737,0.0,0.35068197057424527,0.0,0.0,3
0.2151246974116494,0.25261636942845733,0.0,0.0,0.0,3
0.2516519220220032,0.15825159337156636,0.0,0.0,0.0,3
0.1673380576410181,0.0,0.22189793657880835,0.0,0.0,3
0.26709673360492575,0.0,0.0251912575092188,0.0,0.0,3
0.18827621529527303,0.0,0.3604250670256053,0.0,0.0,3
0.2544843463181317,0.0,0.09047088864763858,0.0,0.0,3
0.21756264610135884,0.0,0.4122809024441279,0.0,0.0,3
0.26776398771279264,0.0,0.0048491618765030275,0.0,0.0,3
0.1450131517603847,0.0,0.0,0.0,0.0,3
0.044581575907248865,0.0,0.0,0.0,0.0,3
0.043765898963014485,0.0,0.0,0.0,0.0,3
0.055197450485092635,0.0,0.0,0.0,0.0,3
0.049086326913448226,0.0,0.0,0.0,0.0,3
0.06702908563152904,0.0,0.0,0.0,0.0,3
0.05929647590205319,0.0,0.0,0.0,0.0,3
0.055022781823024246,0.0,0.0,0.0,0.0,3
0.05257423989455205,0.0,0.0,0.0,0.0,3
0.05386356943198897,0.0,0.0,0.0,0.0,3
0.06022559753860731,0.0,0.0,0.0,0.0,3
0.0947518807070509,0.0,0.03980796031188236,0.0,0.0,3
0.06448228845681832,0.08548217285527134,0.0,0.0,0.0,3
0.12391976827300433,0.0,0.024404658368423343,0.0,0.0,3
0.16292006947890636,0.07813228634517172,0.0,0.0,0.0,3
0.14090093159219028,0.0,0.0037364471213787998,0.0,0.0,3
0.15323716848727592,0.0,0.0,0.0,0.0,3
0.1353353125194078,0.0,0.0,0.0,0.0,3
0.11905362087807629,0.0,0.0,0.0,0.0,3
0.1338373278960688,0.0,0.05112509321322453,0.0,0.0,3
0.11832448124869646,0.0,0.0,0.0,0.0,3
0.15874071187235528,0.0,0.22931796701292972,0.0,0.0,3
0.21959094008472752,0.0,0.03841770190881655,0.0,0.0,3
0.1109604434221912,0.0,0.0,0.0,0.0,3
0.09836546910466644,0.0,0.0,0.0,0.0,3
0.08500526950480264,0.0,0.0,0.0,0.0,3
0.05845366842548445,0.0,0.0,0.0,0.0,3
0.03179957423108433,0.0,0.0,0.0,0.0,3
0.05107936550168758,0.0,0.0,0.0,0.0,3
0.04436009336468535,0.0,0.0,0.0,0.0,3
0.043350729738708994,0.0,0.0,0.0,0.0,3
0.015249914156458981,0.0,0.0,0.0,0.0,3
0.0453651149373067,0.0,0.0,0.0,0.0,3
0.05602556919967658,0.0,0.0,0.0,0.0,3
0.04034990798848867,0.0,0.0,0.0,0.0,3
0.11833105520938109,0.0,0.0,0.0,0.0,3
0.12067314819307884,0.0,0.043165876482084475,0.0,0.0,3
0.1183096315217721,0.0,0.0,0.0,0.0,3
0.1454775443125223,0.0,0.0,0.0,0.0,3
0.12149511627471082,0.0,0.0,0.0,0.0,3
0.11064395394956791,0.0,0.0,0.0,0.0,3
0.10792826782291574,0.0,0.09990257877079277,0.0,0.0,3
0.1135309461691708,0.0,0.0,0.0,0.0,3
0.10415268878701524,0.0,0.0,0.0,0.0,3
0.12452222303515824,0.0,0.059208588926509334,0.0,0.0,3
0.14708709780950865,0.18891876920464887,0.0,0.0,0.0,3
0.1295318512852872,0.0,0.0,0.0,0.0,3
0.1060346603065412,0.0,0.0,0.0,0.0,3
0.12901248101571994,0.0,0.260852264349967,0.0,0.0,3
0.15310989759438312,0.0,0.17114841357065438,0.0,0.0,3
0.0996871839427952,0.0,0.0,0.0,0.0,3
0.07088429333866378,0.0,0.033521481768323536,0.0,0.0,3
0.055722354991136744,0.0,0.0,0.0,0.0,3
0.04218165857953389,0.0,0.0,0.0,0.0,3
0.04407667006698721,0.0,0.0,0.0,0.0,3
0.047487835294428016,0.0,0.0,0.0,0.0,3
0.0424527781744048,0.0,0.0,0.0,0.0,3
0.04163701507024614,0.0,0.0,0.0,0.0,3
0.042796053146644066,0.0,0.0,0.0,0.0,3
0.051420786664518096,0.0,0.0,0.0,0.0,3
0.09714721274288848,0.0,0.0,0.0,0.0,3
0.08177350694102263,0.0,0.0,0.0,0.0,3
0.1397887492500459,0.0,0.07128003593686688,0.0,0.0,3
0.11626098262467376,0.0,0.0,0.0,0.0,3
0.10954084478006443,0.0,0.2073184031530666,0.0,0.0,3
0.10298620578231281,0.0,0.30192923300653557,0.0,0.0,3
0.12730877593502704,0.0,0.011871020000207844,0.0,0.0,3
0.13712566076495292,0.0,0.010649106124666047,0.0,0.0,3
0.09951078142457216,0.0,0.0,0.0,0.0,3
0.1548141530280814,0.0,0.26851447357541947,0.0,0.0,3
0.1283097222006466,0.0,0.04987454981791539,0.0,0.0,3
0.06251387504967774,0.0,0.08832078652801119,0.0,0.0,3
0.12613283123017366,0.0,0.01518083547261731,0.0,0.0,3
0.06816414559305017,0.0,0.0,0.0,0.0,3
0.02613037075527141,0.0,0.0,0.0,0.0,3
0.052436080896266356,0.0,0.0,0.0,0.0,3
0.042789864138383885,0.0,0.0,0.0,0.0,3
0.047706065559073606,0.0,0.0,0.0,0.0,3
0.036855178350505176,0.0,0.0,0.0,0.0,3
0.04014981709228993,0.0,0.0,0.0,0.0,3
0.04069094873475076,0.0,0.0,0.0,0.0,3
0.05359240499225127,0.0,0.0,0.0,0.0,3
0.055387738921863355,0.0,0.0,0.0,0.0,3
0.0698716388468113,0.0,0.0,0.0,0.0,3
0.05107821968470235,0.0,0.0,0.0,0.0,3
0.03487269517787453,0.0,0.0,0.0,0.0,3
0.03737960272797094,0.0,0.0,0.0,0.0,3
0.04237515385559513,0.0,0.0,0.0,0.0,3
0.03730400538038044,0.0,0.0,0.0,0.0,3
0.022469961118276226,0.0,0.0,0.0,0.0,3
0.04441444335496636,0.0,0.0,0.0,0.0,3
0.03565335921146805,0.0,0.0,0.0,0.0,3
0.0593224049889359,0.0,0.0,0.0,0.0,3
0.10002933358065302,0.0,0.11345943521319518,0.0,0.0,3
0.10790763013199518,0.0,0.021878849744219456,0.0,0.0,3
0.0917013367436698,0.0,0.08947870826775593,0.0,0.0,3
0.13115733670273763,0.03343486774447482,0.0,0.0,0.0,3
0.06368403513482887,0.0,0.0,0.0,0.0,3
0.029250534378064352,0.0,0.0,0.0,0.0,3
0.04105329983429866,0.0,0.0,0.0,0.0,3
0.038174634246562936,0.0,0.0,0.0,0.0,3
0.044870413799043066,0.0,0.0,0.0,0.0,3
0.047524705152584244,0.0,0.0,0.0,0.0,3
0.03178200504032027,0.0,0.0,0.0,0.0,3
0.03706911719343026,0.0,0.0,0.0,0.0,3
0.05456356783016334,0.016269524985374963,0.0,0.0,0.0,3
0.07240815361564054,0.0,0.0,0.0,0.0,3
0.03699565271645111,0.0,0.0,0.0,0.0,3
0.07101046610644193,0.0,0.0,0.0,0.0,3
0.06303542502792496,0.0,0.0,0.0,0.0,3
0.0537120743518281,0.0,0.0,0.0,0.0,3
0.0747092290911507,0.0,0.0,0.0,0.0,3
0.04705484904782773,0.0,0.0,0.0,0.0,3
0.0932571587947181,0.0,0.0,0.0,0.0,3
0.09475312819907017,0.01671054620195514,0.0,0.0,0.0,3
0.10434074398736763,0.0,0.0,0.0,0.0,3
0.12801276562161354,0.0,0.015035831680086542,0.0,0.0,3
0.11440986583033891,0.04970496244324779,0.0,0.0,0.0,3
0.11977568524927501,0.0,0.11289713217560857,0.0,0.0,3
0.1326932257731053,0.0,0.0909129739712215,0.0,0.0,3
0.13409064514843694,0.0,0.1737695348139393,0.0,0.0,3
0.09455895599028805,0.0,0.0,0.0,0.0,3
0.03363463993542197,0.0,0.0,0.0,0.0,3
0.03888086136928884,0.0,0.0,0.0,0.0,3
0.041510368911582884,0.0,0.0,0.0,0.0,3
0.0369748897908966,0.0,0.0,0.0,0.0,3
0.029925521967299622,0.0,0.0,0.0,0.0,3
0.042404752921468704,0.0,0.0,0.0,0.0,3
0.059207290259219364,0.0,0.0,0.0,0.0,3
0.052365792590433814,0.0,0.0,0.0,0.0,3
0.05039318536780144,0.0,0.0,0.0,0.0,3
0.03738936281074692,0.0,0.0,0.0,0.0,3
0.04692977022539726,0.0,0.0,0.0,0.0,3
0.01598006889174323,0.0,0.0,0.0,0.0,3
0.044397535482019364,0.0,0.0,0.0,0.0,3
0.040367383564151774,0.0,0.0,0.0,0.0,3
0.04735914699767611,0.0,0.0,0.0,0.0,3
0.03942539810607585,0.0,0.0,0.0,0.0,3
0.0595417785262131,0.0,0.0,0.0,0.0,3
0.09084978789732438,0.0,0.0,0.0,0.0,3
0.12099247121909734,0.0,0.0,0.0,0.0,3
0.13443632427045454,0.0,0.21344534419813654,0.0,0.0,3
0.1397932789375807,0.0,0.025797983256526158,0.0,0.0,3
0.1267125468785368,0.014724970318752445,0.0,0.0,0.0,3
0.149175837974104,0.0,0.0,0.0,0.0,3
0.07681850381330078,0.0,0.0,0.0,0.0,3
0.03938295805136559,0.0,0.0,0.0,0.0,3
0.06482972436391768,0.0,0.0,0.0,0.0,3
0.03543254568359986,0.0,0.0,0.0,0.0,3
0.03745665883993098,0.0,0.0,0.0,0.0,3
0.014969537013678508,0.0,0.0,0.0,0.0,3
0.05377879897690528,0.0,0.0,0.0,0.0,3
0.048075274096765576,0.0,0.0,0.0,0.0,3
0.05363003021251761,0.0,0.0,0.0,0.0,3
0.07207273840161828,0.0,0.0,0.0,0.0,3
0.052126380617536876,0.0,0.04730935330146855,0.0,0.0,3
0.09805014178997831,0.0,0.08343670376439069,0.0,0.0,3
0.07013019817722059,0.0,0.0,0.0,0.0,3
0.10489892813335205,0.0,0.0,0.0,0.0,3
0.08712406949033238,0.0,0.0,0.0,0.0,3
0.07919229423766713,0.0,0.0,0.0,0.0,3
0.058645675987937525,0.0,0.0,0.0,0.0,3
0.055832199775221567,0.0,0.0,0.0,0.0,3
0.03136031849108902,0.0,0.0,0.0,0.0,3
0.036692363999600165,0.0,0.0,0.0,0.0,3
0.08071028031069367,0.0,0.0,0.0,0.0,3
0.07889202923022724,0.0,0.0,0.0,0.0,3
0.056589362444654775,0.0,0.0,0.0,0.0,3
0.06592376381569089,0.0,0.0005127569254063796,0.0,0.0,3
0.06462267427410658,0.0,0.0,0.0,0.0,3
0.04298726104520069,0.0,0.0,0.0,0.0,3
0.029354435999742957,0.0,0.0,0.0,0.0,3
0.036209701908891855,0.0,0.0,0.0,0.0,3
0.037706182003762856,0.0,0.0,0.0,0.0,3
0.056010408051260695,0.0,0.0,0.0,0.0,3
0.033559619180152045,0.0,0.0,0.0,0.0,3
0.04673325830063341,0.0,0.0,0.0,0.0,3
0.04217052138182398,0.0,0.0,0.0,0.0,3
0.04457077832507661,0.0,0.0,0.0,0.0,3
0.04498876783642613,0.0,0.0,0.0,0.0,3
0.11963854667461307,0.0,0.22115335943707828,0.0,0.0,3
0.16497494384546893,0.0,0.2362824362555073,0.0,0.0,3
0.13918201470849448,0.0,0.5412901818179024,0.0,0.0,3
0.18012877723033277,0.6203583071556917,0.0,0.0,0.0,3
0.1737876794864622,0.0,0.15830008076864258,0.0,0.0,3
0.29279465145862593,0.0,0.26615726090751446,0.0,0.0,3
0.2704482900869958,0.0,0.25674980330310426,0.0,0.0,3
0.27990484481825134,0.0,0.26798082099014303,0.0,0.0,3
0.13428572832145136,0.0,0.0,0.0,0.0,3
0.1072281759481229,0.0,0.0,0.0,0.0,3
0.1580340921956442,0.0,0.0006725394229353532,0.0,0.0,3
0.12690569981590982,0.0,0.0,0.0,0.0,3
0.11888100359728647,0.0,0.0,0.0,0.0,3
0.11357834494077192,0.0,0.09162568810099588,0.0,0.0,3
0.07615774164897196,0.0,0.0,0.0,0.0,3
0.1400073386565902,0.0,0.04058751353453319,0.0,0.0,3
0.04868637155634174,0.0,0.0,0.0,0.0,3
0.05077821482340188,0.0,0.0,0.0,0.0,3
0.04764874649256968,0.0,0.0,0.0,0.0,3
0.04480054058216982,0.0,0.0,0.0,0.0,3
0.044198175342174184,0.0,0.0,0.0,0.0,3
0.04021850134445286,0.0,0.0,0.0,0.0,3
0.050485353904310214,0.0,0.0,0.0,0.0,3
0.05806207043797848,0.0,0.0,0.0,0.0,3
0.1512727238714417,0.10074724490457859,0.0,0.0,0.0,3
0.1458560720913604,0.0,0.02133671938271997,0.0,0.0,3
0.06733814064829514,0.0,0.15562805600249563,0.0,0.0,3
0.15063470031943405,0.0,0.43580076890701636,0.0,0.0,3
0.16167788765844698,0.0,0.0,0.0,0.0,3
0.12400421005001432,0.0,0.0,0.0,0.0,3
0.1579134386504775,0.0,0.0,0.0,0.0,3
0.10940247669695605,0.0,0.0,0.0,0.0,3
0.0964130815734706,0.0,0.0,0.0,0.0,3
0.136121079129803,0.0,0.26660421636956955,0.0,0.0,3
0.16458667156611334,0.0,0.0,0.0,0.0,3
0.1126103179386363,0.0,0.0,0.0,0.0,3
0.1283291594817155,0.0,0.0,0.0,0.0,3
0.09449278121886526,0.0,0.0,0.0,0.0,3
0.09725288196308512,0.0,0.0,0.0,0.0,3
0.05500596608497375,0.0,0.0,0.0,0.0,3
0.05405735018145162,0.0,0.0,0.0,0.0,3
0.03917819243760251,0.0,0.0,0.0,0.0,3
0.04831294488334563,0.0,0.0,0.0,0.0,3
0.046978729940314,0.0,0.0,0.0,0.0,3
0.036653304476660556,0.0,0.0,0.0,0.0,3
0.06316163678739377,0.0,0.0,0.0,0.0,3
0.043253330136989974,0.017329057289794385,0.0,0.0,0.0,3
0.04532180218344822,0.0,0.0,0.0,0.0,3
0.0378373056164162,0.0,0.0,0.0,0.0,3
0.04602412118935118,0.0,0.0,0.0,0.0,3
0.04023097362569457,0.0,0.0,0.0,0.0,3
0.05011879033619857,0.0,0.0,0.0,0.0,3
0.06949235064372876,0.0,0.0,0.0,0.0,3
0.05049316598408067,0.0,0.0,0.0,0.0,3
0.03942386039031229,0.0,0.0,0.0,0.0,3
0.08011783363900656,0.0,0.0,0.0,0.0,3
0.13046699664608266,0.0,0.09163551262767178,0.0,0.0,3
0.1354811957259647,0.0,0.4734750739715172,0.0,0.0,3
0.1678215472242658,0.0,0.0,0.0,0.0,3
0.15759273119197145,0.0,0.0,0.0,0.0,3
0.12425167372349276,0.0,0.00723678905917273,0.0,0.0,3
0.07319341127098314,0.0,0.0,0.0,0.0,3
0.05707364886153565,0.0,0.0,0.0,0.0,3
0.046822313929931234,0.0,0.0,0.0,0.0,3
0.04865205475542269,0.0,0.0,0.0,0.0,3
0.0453535692969114,0.0,0.0,0.0,0.0,3
0.04643743716876061,0.0,0.0,0.0,0.0,3
0.03665663831594061,0.0,0.0,0.0,0.0,3
0.04360546905047483,0.0,0.0,0.0,0.0,3
0.11631541792839611,0.0,0.0061381348232835975,0.0,0.0,3
0.06474271467530371,0.0,0.006664093155806947,0.0,0.0,3
0.16911724895533747,0.0,0.08479228638413,0.0,0.0,3
0.051156367834876114,0.0,0.0,0.0,0.0,3
0.018221396460881382,0.0,0.0,0.0,0.0,3
0.054385715952522264,0.0,0.0,0.0,0.0,3
0.10827418986834918,0.0,0.04138770117872419,0.0,0.0,3
0.1086723897271454,0.0,0.04319173167600758,0.0,0.0,3
0.17501667699527257,0.0,0.0038747795432815813,0.0,0.0,3
0.12357014238925962,0.0,0.10762890452441656,0.0,0.0,3
0.17153731408005599,0.0,0.03514620048094727,0.0,0.0,3
0.13324318433024038,0.0,0.04545251640431025,0.0,0.0,3
0.14144025805477803,0.16485771350131231,0.0,0.0,0.0,3
0.16064853336851914,0.0,0.017337140234187642,0.0,0.0,3
0.16426874814395234,0.0,0.0,0.0,0.0,3
0.09861410109136831,0.0,0.01625809165213893,0.0,0.0,3
0.06634491456826713,0.0,0.0,0.0,0.0,3
0.06391829930922512,0.0,0.0,0.0,0.0,3
0.05130462020796389,0.0,0.0,0.0,0.0,3
0.041013793022007534,0.0,0.0,0.0,0.0,3
0.04068824631360837,0.0,0.0,0.0,0.0,3
0.05060166960613134,0.0,0.0,0.0,0.0,3
0.031400841468811294,0.0,0.0,0.0,0.0,3
0.03560838707962833,0.0,0.0,0.0,0.0,3
0.0478488711033405,0.0,0.0,0.0,0.0,3
0.048363690372809076,0.0,0.0,0.0,0.0,3
0.06195634974511178,0.0,0.0,0.0,0.0,3
0.08394229925311751,0.0,0.0,0.0,0.0,3
0.08304404883299155,0.0,0.024223370201882866,0.0,0.0,3
0.07358162045780273,0.0,0.0,0.0,0.0,3
0.03351896451163448,0.0,0.0,0.0,0.0,3
0.05049906377707309,0.0,0.0,0.0,0.0,3
0.08101793159854553,0.0,0.0,0.0,0.0,3
0.08585030497340422,0.0,0.0,0.0,0.0,3
0.08509084540204034,0.0,0.0,0.0,0.0,3
0.12399134881651545,0.0,0.29510992540173886,0.0,0.0,3
0.1441810643740494,0.0,0.01646059113828971,0.0,0.0,3
0.14713586957332522,0.08162923076704734,0.0,0.0,0.0,3
0.14943567443871586,0.0,0.0,0.0,0.0,3
0.10006470322381907,0.0,0.1620479329305205,0.0,0.0,3
0.038169853040786565,0.0,0.0,0.0,0.0,3
0.04727905590807405,0.0,0.0,0.0,0.0,3
0.04503581949865849,0.0,0.0,0.0,0.0,3
0.04233118275698253,0.0,0.0,0.0,0.0,3
0.04534608265574074,0.0,0.0,0.0,0.0,3
0.040106284062718794,0.0,0.0,0.0,0.0,3
0.04125572605264672,0.0,0.0,0.0,0.0,3
0.03515274042164499,0.0,0.0,0.0,0.0,3
0.04329966929098566,0.0,0.0,0.0,0.0,3
0.06765235176522463,0.0,0.0,0.0,0.0,3
0.09420205415186468,0.0,0.040181042122968205,0.0,0.0,3
0.12462438318241768,0.0,0.0479022390658297,0.0,0.0,3
0.11427831133770013,0.0,0.24906923461753633,0.0,0.0,3
0.16298916914952313,0.0,0.23965649885208526,0.0,0.0,3
0.2812394070520668,0.0,0.07193738278958767,0.0,0.0,3
0.2097343375299296,0.0,0.07945292798458597,0.0,0.0,3
0.09610728223460438,0.0,0.0,0.0,0.0,3
0.07112096776885639,0.0,0.0,0.0,0.0,3
0.0602000934242774,0.0,0.0,0.0,0.0,3
0.102557313331862,0.0,0.6463610230163523,0.0,0.0,3
0.1672161257160557,0.5938188765400354,0.0,0.0,0.0,3
0.23469806113794173,0.0,0.07489722512156166,0.0,0.0,3
0.28647505695404085,0.0,0.040205630605809506,0.0,0.0,3
0.11586726458479109,0.0,0.0,0.0,0.0,3
0.06975835585676482,0.0,0.0,0.0,0.0,3
0.08331198121860636,0.0,0.0,0.0,0.0,3
0.06437142525082076,0.0,0.0,0.0,0.0,3
0.06159136301896193,0.0,0.0,0.0,0.0,3
0.046161623794988234,0.0,0.0,0.0,0.0,3
0.03390771482139631,0.0,0.0,0.0,0.0,3
0.04571431102719403,0.0,0.0,0.0,0.0,3
0.05301878318625903,0.0,0.0,0.0,0.0,3
0.052065432954608165,0.0,0.0,0.0,0.0,3
0.05754234095761509,0.0,0.0,0.0,0.0,3
0.11125643166897414,0.017851768756381642,0.0,0.0,0.0,3
0.15308551963589956,0.0,0.0,0.0,0.0,3
0.1513006135546783,0.0,0.23188995759174155,0.0,0.0,3
0.1180547042173537,0.2490750085756761,0.0,0.0,0.0,3
0.14698419513873817,0.0,0.3053527030290432,0.0,0.0,3
0.1783762844565532,0.0,0.13352784236846435,0.0,0.0,3
0.1698290466483066,0.0,0.2348576671479615,0.0,0.0,3
0.1424947939027473,0.0,0.0,0.0,0.0,3
0.07888956766877694,0.0,0.0,0.0,0.0,3
0.18840968290396576,0.0,0.0,0.0,0.0,3
0.16344977321873017,0.0,0.096593810854876,0.0,0.0,3
0.1466668163843318,0.0,0.4282966665055099,0.0,0.0,3
0.1555476066601412,0.0,0.084367291959806,0.0,0.0,4
0.2122779035865855,0.0,0.036975764675487466,0.0,0.0,4
0.146365075972845,0.08234812504173003,0.0,0.0,0.0,4
0.09997272613095151,0.0,0.0,0.0,0.0,4
0.08675589328377196,0.0,0.0,0.0,0.0,4
0.11951963928244982,0.0,0.0,0.0,0.0,4
0.08713235145327095,0.0,0.04693850416898254,0.0,0.0,4
0.13076030699215954,0.0,0.0,0.0,0.0,4
0.10333546299375557,0.0,0.0,0.0,0.0,4
0.129157612567402,0.0,0.3029805598991751,0.0,0.0,4
0.15546247079468373,0.0,0.015680959837199443,0.0,0.0,4
0.1177321548808454,0.0,0.0,0.0,0.0,4
0.05861233038541006,0.0,0.0,0.0,0.0,4
0.05786323340728312,0.0,0.0,0.0,0.0,4
0.04897599517983297,0.0,0.0,0.0,0.0,4
0.0506033127790156,0.0,0.0,0.0,0.0,4
0.04254740810324209,0.0,0.0,0.0,0.0,4
0.05367344421088219,0.0,0.0,0.0,0.0,4
0.05096956106036521,0.0,0.0,0.0,0.0,4
0.03905428380557303,0.0,0.0,0.0,0.0,4
0.04910165546857583,0.0,0.0,0.0,0.0,4
0.036131439653920835,0.0,0.0,0.0,0.0,4
0.05371248485223384,0.0,0.0,0.0,0.0,4
0.11314870522039953,0.0,0.15771183776893993,0.0,0.0,4
0.1910755849421593,0.0,0.04126605048988549,0.0,0.0,4
0.14032699609142743,0.0,0.0391725245517994,0.0,0.0,4
0.03755285935436098,0.0,0.0,0.0,0.0,4
0.0446231544562365,0.0,0.0,0.0,0.0,4
0.05235135789434458,0.0,0.0,0.0,0.0,4
0.05552688023542367,0.0,0.0,0.0,0.0,4
0.04342484613728713,0.0,0.0,0.0,0.0,4
0.04691201927855799,0.0,0.0,0.0,0.0,4
0.05165632764175492,0.0,0.0,0.0,0.0,4
0.03678271250289129,0.0,0.0,0.0,0.0,4
0.05748056265243949,0.0,0.0,0.0,0.0,4
0.08891349625049845,0.0,0.0,0.0,0.0,4
0.060696421431068764,0.0,0.0,0.0,0.0,4
0.052436659126485916,0.0,0.0,0.0,0.0,4
0.0450513909546144,0.0,0.0,0.0,0.0,4
0.044624585056158114,0.0,0.0,0.0,0.0,4
0.050469846197700494,0.0,0.0,0.0,0.0,4
0.05382695003761972,0.0,0.0,0.0,0.0,4
0.054786841712363164,0.0,0.0,0.0,0.0,4
0.04296717232574835,0.0,0.0,0.0,0.0,4
0.055256215820798454,0.0,0.0,0.0,0.0,4
0.04157630748643364,0.0,0.0,0.0,0.0,4
0.04834600416378164,0.0,0.0,0.0,0.0,4
0.0626194278235877,0.0,0.0,0.0,0.0,4
0.0699996612839472,0.0,0.0,0.0,0.0,4
0.04676795772960669,0.0,0.0,0.0,0.0,4
0.06051112344582018,0.0,0.0,0.0,0.0,4
0.13080764908172493,0.0,0.040372379368523253,0.0,0.0,4
0.06066494959889293,0.0,0.1832319811072916,0.0,0.0,4
0.1032404053533147,0.0,0.0,0.0,0.0,4
0.06045821556944778,0.0,0.0,0.0,0.0,4
0.07619560473124996,0.0,0.0,0.0,0.0,4
0.15563234730864078,0.0,0.21175114071313988,0.0,0.0,4
0.12755577471328047,0.0,0.04256662859053567,0.0,0.0,4
0.14425931053917596,0.0,0.0,0.0,0.0,4
0.12196622203213353,0.0,0.0,0.0,0.0,4
0.060968091902268484,0.0,0.0,0.0,0.0,4
0.06362852162690336,0.0,0.0,0.0,0.0,4
0.05821870589689229,0.0,0.0,0.0,0.0,4
0.029051330430544423,0.0,0.0,0.0,0.0,4
0.051607489622065975,0.0,0.0,0.0,0.0,4
0.03994356509548713,0.0,0.0,0.0,0.0,4
0.05297036220505031,0.0,0.0,0.0,0.0,4
0.034036894841049894,0.0,0.0,0.0,0.0,4
0.0825492765666277,0.0,0.0,0.0,0.0,4
0.07970441721302919,0.0,0.0,0.0,0.0,4
0.042186674515758055,0.0,0.0,0.0,0.0,4
0.05224753128194755,0.0,0.0,0.0,0.0,4
0.03766361848354735,0.0,0.0,0.0,0.0,4
0.04494297129003561,0.0,0.0,0.0,0.0,4
0.04784048011232681,0.0,0.0,0.0,0.0,4
0.05239542790165416,0.0,0.0,0.0,0.0,4
0.039173767617259964,0.0,0.0,0.0,0.0,4
0.046467851468612695,0.0,0.0,0.0,0.0,4
0.04177526282577479,0.0,0.0,0.0,0.0,4
0.06783746445847408,0.0,0.0,0.0,0.0,4
0.13337245315121238,0.0,0.029229337737761513,0.0,0.0,4
0.10870161074131345,0.0,0.0,0.0,0.0,4
0.12406124112444376,0.0,0.029205167426771497,0.0,0.0,4
0.11416847651092042,0.0,0.0,0.0,0.0,4
0.08212163066722389,0.0,0.0,0.0,0.0,4
0.05804149954224615,0.0,0.0,0.0,0.0,4
0.04495158641855481,0.0,0.0,0.0,0.0,4
0.039887973991216207,0.0,0.0,0.0,0.0,4
0.0494418512828343,0.0,0.0,0.0,0.0,4
0.056306652741737434,0.0,0.0,0.0,0.0,4
0.04498930228822338,0.0,0.0,0.0,0.0,4
0.04093911022256443,0.0,0.0,0.0,0.0,4
0.067587040033838,0.0,0.0,0.0,0.0,4
0.13262956456977432,0.0074631691091558705,0.0,0.0,0.0,4
0.09420493706187726,0.0,0.0,0.0,0.0,4
0.09458722645858136,0.13538301402045846,0.0,0.0,0.0,4
0.060721280845413624,0.0,0.0,0.0,0.0,4
0.05693831733152888,0.0,0.0,0.0,0.0,4
0.043430963398442324,0.0,0.0,0.0,0.0,4
0.04200125457902092,0.0,0.0,0.0,0.0,4
0.0717643268251619,0.0,0.0,0.0,0.0,4
0.10242845674282576,0.0,0.0,0.0,0.0,4
0.08161167544017772,0.0,0.0,0.0,0.0,4
0.08612745008373399,0.0,0.0,0.0,0.0,4
0.08019936543847954,0.0,0.00192915662253898,0.0,0.0,4
0.1043107664254997,0.0,0.029311558768823368,0.0,0.0,4
0.1130879011937472,0.0,0.0,0.0,0.0,4
0.07647814743957833,0.016519278171178764,0.0,0.0,0.0,4
0.05851126374863786,0.0,0.0,0.0,0.0,4
0.043697353734723186,0.0,0.0,0.0,0.0,4
0.03847532310592498,0.0,0.0,0.0,0.0,4
0.053355808129656734,0.0,0.0,0.0,0.0,4
0.05003772873639395,0.0,0.0,0.0,0.0,4
0.04731694708825984,0.0,0.0,0.0,0.0,4
0.033747007006154295,0.0,0.0,0.0,0.0,4
0.04167023566399522,0.0,0.0,0.0,0.0,4
0.058758003687558305,0.0,0.0,0.0,0.0,4
0.04004634974056206,0.0,0.0,0.0,0.0,4
0.05277500112862603,0.0,0.0,0.0,0.0,4
0.03466705268389471,0.0,0.0,0.0,0.0,4
0.03525902460704508,0.0,0.0,0.0,0.0,4
0.05144822811527356,0.0,0.0,0.0,0.0,4
0.04058406901895893,0.0,0.0,0.0,0.0,4
0.048766587736519075,0.0,0.0,0.0,0.0,4
0.03426465953465957,0.0,0.0,0.0,0.0,4
0.05151411346553555,0.0,0.0,0.0,0.0,4
0.06204497207142579,0.0,0.0,0.0,0.0,4
0.13311110248231386,0.0,0.0,0.0,0.0,4
0.13891181411080303,0.16558383122748002,0.0,0.0,0.0,4
0.13761628680886231,0.0,0.0,0.0,0.0,4
0.13691899919038292,0.0,0.0,0.0,0.0,4
0.1322691877304812,0.0,0.0,0.0,0.0,4
0.08041574605136433,0.0,0.0,0.0,0.0,4
0.05485418123666534,0.0,0.0,0.0,0.0,4
0.04461218276474449,0.0,0.0,0.0,0.0,4
0.04147412277076089,0.0,0.0,0.0,0.0,4
0.04752557143369618,0.0,0.0,0.0,0.0,4
0.04390747061925097,0.0,0.0,0.0,0.0,4
0.05723002191412757,0.0,0.0,0.0,0.0,4
0.036739196734779246,0.0,0.0,0.0,0.0,4
0.05122844429236429,0.0,0.0,0.0,0.0,4
0.09786301869962812,0.0713110552163053,0.0,0.0,0.0,4
0.1418293840792044,0.0,0.11016552006621319,0.0,0.0,4
0.14513624052633062,0.0,0.42214164993738995,0.0,0.0,4
0.09709195633024593,0.0,0.0,0.0,0.0,4
0.08145493041183187,0.0,0.0,0.0,0.0,4
0.11941330215545312,0.0,0.44881843175429614,0.0,0.0,4
0.16214058805926582,0.2787858642058253,0.0,0.0,0.0,4
0.2352672517913393,0.21389165251258738,0.0,0.0,0.0,4
0.23332174211193138,0.0,0.1565654194391408,0.0,0.0,4
0.2870258206926657,0.0,0.022185323244342692,0.0,0.0,4
0.2538992986585418,0.0,0.3938508636251406,0.0,0.0,4
0.2905350431654559,0.0,0.11052042023527137,0.0,0.0,4
0.25566668187667124,0.0,0.31756403588886234,0.0,0.0,4
0.25357420107718853,0.0,0.04740811230623271,0.0,0.0,4
0.14799737618639242,0.0,0.0,0.0,0.0,4
0.058516825567585216,0.0,0.0,0.0,0.0,4
0.04847727312755941,0.0,0.0,0.0,0.0,4
0.05283193181440772,0.0,0.0,0.0,0.0,4
0.05564184956041724,0.0,0.0,0.0,0.0,4
0.07321734602889804,0.0,0.0,0.0,0.0,4
0.054259833756971854,0.0,0.0,0.0,0.0,4
0.047257615315998945,0.0,0.0,0.0,0.0,4
0.04725570470745508,0.0,0.0,0.0,0.0,4
0.05264414129497372,0.0,0.0,0.0,0.0,4
0.05998428872264672,0.0,0.0,0.0,0.0,4
0.08843596759005548,0.0,0.07096587088350823,0.0,0.0,4
0.09713350734284167,0.07424035277648301,0.0,0.0,0.0,4
0.13057307052192565,0.0,0.03748832524552487,0.0,0.0,4
0.1324015516930951,0.08818829340113168,0.0,0.0,0.0,4
0.10435383343925224,0.0,0.004832180190006627,0.0,0.0,4
0.14619168928266477,0.0,0.0,0.0,0.0,4
0.12900869133086895,0.0,0.0,0.0,0.0,4
0.16192524490087534,0.0,0.0,0.0,0.0,4
0.129904843291204,0.0,0.043693055440109874,0.0,0.0,4
0.14425507564520004,0.008683344190393433,0.0,0.0,0.0,4
0.14327824142682974,0.0,0.2047909475068783,0.0,0.0,4
0.21341666658728356,0.0,0.0,0.0,0.0,4
0.07427139151942425,0.0,0.029563787854482257,0.0,0.0,4
0.11164992196987782,0.0,0.0,0.0,0.0,4
0.07626997398324062,0.0,0.0,0.0,0.0,4
0.052468206717482695,0.0,0.0,0.0,0.0,4
0.035018843622716254,0.0,0.0,0.0,0.0,4
0.045254409571890725,0.0,0.0,0.0,0.0,4
0.05353033466878445,0.0,0.0,0.0,0.0,4
0.041653021177112136,0.0,0.0,0.0,0.0,4
0.021410330602107314,0.0,0.0,0.0,0.0,4
0.04312352315032028,0.0,0.0,0.0,0.0,4
0.04321802767617618,0.0,0.0,0.0,0.0,4
0.03635441296615342,0.0,0.0,0.0,0.0,4
0.09992185235726583,0.0,0.0,0.0,0.0,4
0.07798276538627937,0.0,0.056518417875526264,0.0,0.0,4
0.13649431851978167,0.0,0.0,0.0,0.0,4
0.12165386502290683,0.020277855766570804,0.0,0.0,0.0,4
0.13323472004490342,0.0,0.0,0.0,0.0,4
0.087269717767688,0.0,0.0,0.0,0.0,4
0.16892533670827217,0.0,0.056248813044257495,0.0,0.0,4
0.09419718993181618,0.0,0.0,0.0,0.0,4
0.12862536052122045,0.0,0.006438058877148489,0.0,0.0,4
0.10243188925635739,0.0,0.0671090106512613,0.0,0.0,4
0.12392337489472242,0.2060909491944597,0.0,0.0,0.0,4
0.09410353790221966,0.0,0.0,0.0,0.0,4
0.12208250487569126,0.0,0.0,0.0,0.0,4
0.11466098140824697,0.0,0.22032043253508804,0.0,0.0,4
0.15629445410220127,0.0,0.11305468102627936,0.0,0.0,4
0.0867706880636808,0.0,0.0,0.0,0.0,4
0.10219905532869551,0.0,0.0,0.0,0.0,4
0.061560135534564256,0.0,0.0,0.0,0.0,4
0.05091394122224199,0.0,0.0,0.0,0.0,4
0.04550085779649848,0.0,0.0,0.0,0.0,4
0.044046636981894725,0.0,0.0,0.0,0.0,4
0.040049032273569846,0.0,0.0,0.0,0.0,4
0.03888202879747677,0.0,0.0,0.0,0.0,4
0.04086704769812504,0.0,0.0,0.0,0.0,4
0.06014051661220081,0.0,0.0,0.0,0.0,4
0.1053482783182548,0.008620917341390671,0.0,0.0,0.0,4
0.07895881192879793,0.0,0.0,0.0,0.0,4
0.12766572414273095,0.0,0.06179333987250832,0.0,0.0,4
0.11857686911592534,0.0,0.023644693306663425,0.0,0.0,4
0.139118571673906,0.0,0.16699721697254305,0.0,0.0,4
0.17110387665639443,0.0,0.2264773523042658,0.0,0.0,4
0.09611885053283403,0.0,0.0,0.0,0.0,4
0.13563310553479938,0.0,0.0,0.0,0.0,4
0.12147221706091849,0.0,0.0,0.0,0.0,4
0.12789569874190412,0.0,0.25418936050929675,0.0,0.0,4
0.15110538436330279,0.0,0.07109878791783567,0.0,0.0,4
0.14550664897339963,0.0,0.0,0.0,0.0,4
0.14663365362232578,0.0,0.0,0.0,0.0,4
0.0779655926968748,0.0,0.0,0.0,0.0,4
0.029329976628515046,0.0,0.0,0.0,0.0,4
0.05310382667805232,0.0,0.0,0.0,0.0,4
0.03655598122795824,0.0,0.0,0.0,0.0,4
0.046647685740421885,0.0,0.0,0.0,0.0,4
0.03740886275549745,0.0,0.0,0.0,0.0,4
0.04499490060738947,0.0,0.0,0.0,0.0,4
0.049362450819495,0.0,0.0,0.0,0.0,4
0.04492951157819334,0.0,0.0,0.0,0.0,4
0.043339512433682545,0.0,0.0,0.0,0.0,4
0.06016393940193782,0.0,0.0,0.0,0.0,4
0.0467168026168081,0.0,0.0,0.0,0.0,4
0.048269692631438495,0.0,0.0,0.0,0.0,4
0.04742116232794486,0.0,0.0,0.0,0.0,4
0.044028885151729195,0.0,0.0,0.0,0.0,4
0.04196394265479298,0.0,0.0,0.0,0.0,4
0.022330314253020088,0.0,0.0,0.0,0.0,4
0.036846098828303385,0.0,0.0,0.0,0.0,4
0.04337481910377179,0.0,0.0,0.0,0.0,4
0.0693374308843565,0.0,0.0,0.0,0.0,4
0.1394380074993035,0.0,0.10379469276897024,0.0,0.0,4
0.11734968332491193,0.0,0.003608451955106423,0.0,0.0,4
0.13195492180710194,0.0,0.02951593360574642,0.0,0.0,4
0.11051047143912153,0.04730057600852626,0.0,0.0,0.0,4
0.06885682287684619,0.0,0.0,0.0,0.0,4
0.026961962623885883,0.0,0.0,0.0,0.0,4
0.049361176022145056,0.0,0.0,0.0,0.0,4
0.040147433584978555,0.0,0.0,0.0,0.0,4
0.038540358145262125,0.0,0.0,0.0,0.0,4
0.036392616046416644,0.0,0.0,0.0,0.0,4
0.03968085479926633,0.0,0.0,0.0,0.0,4
0.04605401997255487,0.0,0.0,0.0,0.0,4
0.07380547683890776,0.0,0.0,0.0,0.0,4
0.07439207000284258,0.0,0.0,0.0,0.0,4
0.05156037130311412,0.0,0.0,0.0,0.0,4
0.05722447616849471,0.0,0.0,0.0,0.0,4
0.06924502157161384,0.0,0.0,0.0,0.0,4
0.04939018703298795,0.0,0.0,0.0,0.0,4
0.06814224928167589,0.0,0.0,0.0,0.0,4
0.04554090307501478,0.0,0.0,0.0,0.0,4
0.07985099986963669,0.0,0.0,0.0,0.0,4
0.10378935074130034,0.0,0.0,0.0,0.0,4
0.08874313953388825,0.0,0.0,0.0,0.0,4
0.11944064317630841,0.0,0.0021495356703244983,0.0,0.0,4
0.11587975401690528,0.020982751026335567,0.0,0.0,0.0,4
0.10821772234704123,0.0,0.1451178000088157,0.0,0.0,4
0.13440009792662985,0.0,0.09884155752133214,0.0,0.0,4
0.15685893539062057,0.0,0.24974223009388857,0.0,0.0,4
0.07668168140851578,0.0,0.0,0.0,0.0,4
0.03880394671744977,0.0,0.0,0.0,0.0,4
0.04379767692095628,0.0,0.0,0.0,0.0,4
0.04420595856467747,0.0,0.0,0.0,0.0,4
0.04138284960225638,0.0,0.0,0.0,0.0,4
0.034978331250421414,0.0,0.0,0.0,0.0,4
0.040521847683141855,0.0,0.0,0.0,0.0,4
0.046518356630594476,0.0,0.0,0.0,0.0,4
0.05339883088235355,0.0,0.0,0.0,0.0,4
0.05455324105290217,0.0,0.0,0.0,0.0,4
0.03985853380552491,0.0,0.0,0.0,0.0,4
0.03160811558314829,0.0,0.0,0.0,0.0,4
0.014271855255170456,0.0,0.0,0.0,0.0,4
0.05555499110967668,0.0,0.0,0.0,0.0,4
0.04556488926349909,0.0,0.0,0.0,0.0,4
0.03748464436372464,0.0,0.0,0.0,0.0,4
0.03618547642980052,0.0,0.0,0.0,0.0,4
0.05309427768935218,0.0,0.0,0.0,0.0,4
0.09747642522934549,0.0,0.010211861481018367,0.0,0.0,4
0.1089190516443614,0.0,0.0,0.0,0.0,4
0.1135954014353654,0.0,0.17292128108646948,0.0,0.0,4
0.15858583256616887,0.0,0.0,0.0,0.0,4
0.08922144668746598,0.0,0.0,0.0,0.0,4
0.1194378695584126,0.018898934420177593,0.0,0.0,0.0,4
0.06633281870873448,0.0,0.0,0.0,0.0,4
0.040515451968006023,0.0,0.0,0.0,0.0,4
0.03936714308945147,0.0,0.0,0.0,0.0,4
0.0386965035041681,0.0,0.0,0.0,0.0,4
0.044291841316612374,0.0,0.0,0.0,0.0,4
0.012282394570281652,0.0,0.0,0.0,0.0,4
0.05290956850319735,0.0,0.0,0.0,0.0,4
0.04049530168048356,0.0,0.0,0.0,0.0,4
0.0673240243987619,0.0,0.0,0.0,0.0,4
0.06457093990809942,0.0,0.0,0.0,0.0,4
0.08755183397604735,0.0,0.0,0.0,0.0,4
0.08339382398719984,0.0,0.1006414133320286,0.0,0.0,4
0.06729556816655953,0.0,0.0,0.0,0.0,4
0.08992291012071582,0.0,0.0,0.0,0.0,4
0.0740504066341026,0.0,0.0,0.0,0.0,4
0.07367479317456163,0.0,0.0,0.0,0.0,4
0.062347163100764574,0.0,0.0,0.0,0.0,4
0.057623296362239396,0.0,0.0,0.0,0.0,4
0.029242671416798458,0.0,0.0,0.0,0.0,4
0.03495413658205235,0.0,0.0,0.0,0.0,4
0.09245182894689569,0.0,0.0,0.0,0.0,4
0.07903995403403506,0.0,0.0,0.0,0.0,4
0.06413611101381826,0.0,0.0,0.0,0.0,4
0.07045143146765517,0.0,0.0,0.0,0.0,4
0.06282008243368745,0.0,0.0,0.0,0.0,4
0.03607475307122541,0.0,0.0,0.0,0.0,4
0.03278954822207851,0.0,0.0,0.0,0.0,4
0.0318125809246129,0.0,0.0,0.0,0.0,4
0.044357762941314396,0.0,0.0,0.0,0.0,4
0.045815113602670605,0.0,0.0,0.0,0.0,4
0.0323258473209795,0.0,0.0,0.0,0.0,4
0.05477675071179838,0.0,0.0,0.0,0.0,4
0.04422827352889567,0.0,0.0,0.0,0.0,4
0.05573696985691976,0.0,0.0,0.0,0.0,4
0.05256883812584543,0.0,0.0,0.0,0.0,4
0.11386526092567417,0.0,0.18752447300940867,0.0,0.0,4
0.12931987115189048,0.0,0.3559059499190542,0.0,0.0,4
0.1719135139025369,0.0,0.39965946137849134,0.0,0.0,4
0.2645992537981661,0.4936719307111123,0.0,0.0,0.0,4
0.3209167945205557,0.0,0.0,0.0,0.0,4
0.30897199757094745,0.0,0.3147908173867226,0.0,0.0,4
0.23669947129428154,0.0,0.22246356282667518,0.0,0.0,4
0.26358358596121606,0.0,0.312307697115119,0.0,0.0,4
0.1329383023542636,0.0,0.0,0.0,0.0,4
0.11521683369485161,0.0,0.0,0.0,0.0,4
0.13869167846931899,0.0,0.02300985285995641,0.0,0.0,4
0.13751691349196263,0.0,0.0,0.0,0.0,4
0.1252163042918343,0.0,0.0,0.0,0.0,4
0.08740322791373943,0.0,0.08431443612512772,0.0,0.0,4
0.07660677898013471,0.0,0.0,0.0,0.0,4
0.17614618244206817,0.0,0.030963206407910004,0.0,0.0,4
0.05931813848590307,0.0,0.0,0.0,0.0,4
0.048362823617513574,0.0,0.0,0.0,0.0,4
0.04750465382336847,0.0,0.0,0.0,0.0,4
0.04242871472423863,0.0,0.0,0.0,0.0,4
0.044884211698020406,0.0,0.0,0.0,0.0,4
0.03671740693345691,0.0,0.0,0.0,0.0,4
0.04491392544142931,0.0,0.0,0.0,0.0,4
0.05408871588228185,0.0,0.0,0.0,0.0,4
0.07500836435249465,0.18893569813368183,0.0,0.0,0.0,4
0.1631975129334625,0.0,0.0,0.0,0.0,4
0.14040596273417097,0.0,0.15745463309361,0.0,0.0,4
0.15094038501657614,0.0,0.36584188135850526,0.0,0.0,4
0.14703641932915362,0.0,0.04329850895815973,0.0,0.0,4
0.14936866424545234,0.0,0.0,0.0,0.0,4
0.15201233664987515,0.0,0.0,0.0,0.0,4
0.10776531721076428,0.0,0.0,0.0,0.0,4
0.09832501820685931,0.0,0.0,0.0,0.0,4
0.12169160567933628,0.0,0.36036314554795557,0.0,0.0,4
0.13459712520793607,0.0,0.02725997068596811,0.0,0.0,4
0.11466301256357678,0.0,0.0,0.0,0.0,4
0.16323920684105309,0.0,0.0,0.0,0.0,4
0.11386861559638009,0.0,0.0,0.0,0.0,4
0.08128061039839443,0.0,0.0,0.0,0.0,4
0.055795793746762336,0.0,0.0,0.0,0.0,4
0.05651669227385929,0.0,0.0,0.0,0.0,4
0.03556206492304826,0.0,0.0,0.0,0.0,4
0.05178799581682737,0.0,0.0,0.0,0.0,4
0.03574671001838005,0.0,0.0,0.0,0.0,4
0.0336820252211043,0.0,0.0,0.0,0.0,4
0.062370316501867515,0.0,0.0,0.0,0.0,4
0.057202665034752104,0.0,0.0,0.0,0.0,4
0.04727747497500383,0.0,0.0,0.0,0.0,4
0.03762130821037691,0.0,0.0,0.0,0.0,4
0.04621404246735373,0.0,0.0,0.0,0.0,4
0.03561566890486298,0.0,0.0,0.0,0.0,4
0.05094530233242336,0.0,0.0,0.0,0.0,4
0.06397348672826113,0.0,0.0,0.0,0.0,4
0.048463657713461616,0.0,0.0,0.0,0.0,4
0.0506759555099681,0.0,0.0,0.0,0.0,4
0.08048358594264152,0.0,0.0,0.0,0.0,4
0.10856460854254994,0.0,0.0678169526837167,0.0,0.0,4
0.12770982675216883,0.0,0.5111603859034153,0.0,0.0,4
0.21459984916413627,0.0,0.0,0.0,0.0,4
0.15610713164112275,0.0,0.0,0.0,0.0,4
0.13060926872644935,0.0,0.0,0.0,0.0,4
0.07409384434375148,0.0,0.0,0.0,0.0,4
0.07027355735745218,0.0,0.0,0.0,0.0,4
0.05676707732810095,0.0,0.0,0.0,0.0,4
0.029303765964943173,0.0,0.0,0.0,0.0,4
0.051602809661075805,0.0,0.0,0.0,0.0,4
0.05780197580070779,0.0,0.0,0.0,0.0,4
0.04578638565369443,0.0,0.0,0.0,0.0,4
0.038126717416138683,0.0,0.0,0.0,0.0,4
0.08613818360426831,0.0,0.05272559571840488,0.0,0.0,4
0.06514428744379654,0.0,0.0,0.0,0.0,4
0.10396122095214834,0.0,0.15426415405543098,0.0,0.0,4
0.044181032689823034,0.0,0.0,0.0,0.0,4
0.01736938627183064,0.0,0.0,0.0,0.0,4
0.060422719270845485,0.0,0.0,0.0,0.0,4
0.11952766671663773,0.0,0.0,0.0,0.0,4
0.12476177599420404,0.0,0.07327531202832219,0.0,0.0,4
0.10403660156322561,0.0,0.052741178197606625,0.0,0.0,4
0.18296530612495365,0.0,0.015074407432474735,0.0,0.0,4
0.13805220257601236,0.0,0.03497207947042777,0.0,0.0,4
0.11931151130283896,0.0,0.0395173111615742,0.0,0.0,4
0.10071002579052604,0.16325995690464515,0.0,0.0,0.0,4
0.14711887602157936,0.0,0.04175393682751585,0.0,0.0,4
0.11687744198906999,0.0,0.0629712107813068,0.0,0.0,4
0.11121424781371517,0.0,0.0,0.0,0.0,4
0.09642119975813673,0.0,0.0,0.0,0.0,4
0.053347698381401014,0.0,0.0,0.0,0.0,4
0.050493044832411994,0.0,0.0,0.0,0.0,4
0.03845010188137793,0.0,0.0,0.0,0.0,4
0.047373974888785884,0.0,0.0,0.0,0.0,4
0.059097033746716966,0.0,0.0,0.0,0.0,4
0.028407528857210772,0.0,0.0,0.0,0.0,4
0.04438546031087618,0.0,0.0,0.0,0.0,4
0.05179208956756179,0.0,0.0,0.0,0.0,4
0.03932438712919599,0.0,0.0,0.0,0.0,4
0.06680087442376219,0.0,0.0,0.0,0.0,4
0.10641051088903206,0.0,0.0,0.0,0.0,4
0.10715358314834374,0.0,0.0,0.0,0.0,4
0.09095054735302291,0.0,0.0,0.0,0.0,4
0.043934403302494644,0.0,0.0,0.0,0.0,4
0.06523566323697012,0.0,0.0,0.0,0.0,4
0.07424966659207513,0.0,0.0,0.0,0.0,4
0.08433801362906136,0.0,0.0,0.0,0.0,4
0.0808852348514704,0.0,0.0,0.0,0.0,4
0.11375639259409132,0.0,0.27106819880063876,0.0,0.0,4
0.13388623807184813,0.0,0.0,0.0,0.0,4
0.13913940598215824,0.07653639073096785,0.0,0.0,0.0,4
0.15676587192413524,0.0,0.0,0.0,0.0,4
0.12130470616196871,0.0,0.1434104611076043,0.0,0.0,4
0.050217512056301636,0.0,0.0,0.0,0.0,4
0.0541573871589366,0.0,0.0,0.0,0.0,4
0.042579318124092734,0.0,0.0,0.0,0.0,4
0.04122670153084649,0.0,0.0,0.0,0.0,4
0.05064520214429227,0.0,0.0,0.0,0.0,4
0.03825131632774662,0.0,0.0,0.0,0.0,4
0.05588181186024084,0.0,0.0,0.0,0.0,4
0.03797153234260237,0.0,0.0,0.0,0.0,4
0.04763701236956937,0.0,0.0,0.0,0.0,4
0.04721997160529474,0.0,0.0,0.0,0.0,4
0.10354925237855807,0.0,0.0,0.0,0.0,4
0.1512226746696732,0.0,0.029424215741307685,0.0,0.0,4
0.08418507377291372,0.0,0.3602176461112373,0.0,0.0,4
0.08528762598718999,0.0,0.2671723116111092,0.0,0.0,4
0.1808773963881214,0.0,0.23635521829951373,0.0,0.0,4
0.14905511298578356,0.0,0.1852864458629126,0.0,0.0,4
0.07849504766520711,0.0,0.0,0.0,0.0,4
0.06314582959338937,0.0,0.0,0.0,0.0,4
0.06104746367981465,0.0,0.0,0.0,0.0,4
0.10419635712492209,0.0,0.6356716333491941,0.0,0.0,4
0.2280710804208371,0.4117598711890029,0.0,0.0,0.0,4
0.25832912188035173,0.0,0.10175572501291796,0.0,0.0,4
0.2580320084648364,0.0,0.09009747893977837,0.0,0.0,4
0.1066300826170941,0.0,0.0,0.0,0.0,4
0.08867861104382976,0.0,0.0,0.0,0.0,4
0.07190324575469492,0.0,0.0,0.0,0.0,4
0.06563973747203831,0.0,0.0,0.0,0.0,4
0.05013790016467798,0.0,0.0,0.0,0.0,4
0.06243309875030983,0.0,0.0,0.0,0.0,4
0.03519107310090973,0.0,0.0,0.0,0.0,4
0.05977250063374463,0.0,0.0,0.0,0.0,4
0.05074723211969364,0.0,0.0,0.0,0.0,4
0.05589878042037335,0.0,0.0,0.0,0.0,4
0.053275942947150955,0.0,0.011499541982233373,0.0,0.0,4
0.04463796134268627,0.11551795365458661,0.0,0.0,0.0,4
0.1573353675692522,0.0,0.0032169122331499045,0.0,0.0,4
0.16955912556078206,0.0,0.2569165001407407,0.0,0.0,4
0.23015530550217692,0.22600072209417663,0.0,0.0,0.0,4
0.18788361872284373,0.0,0.2851855977311645,0.0,0.0,4
0.15872344846625544,0.0,0.11232894422341153,0.0,0.0,4
0.18766145465055448,0.0,0.19902549552859308,0.0,0.0,4
0.12205655157984481,0.0,0.0,0.0,0.0,4
0.09759519311415017,0.0,0.0,0.0,0.0,4
0.165439368655672,0.0,0.0,0.0,0.0,4
0.2229193807882318,0.0,0.013939003738693029,0.0,0.0,4
0.17642192716231475,0.0,0.6276662859700683,0.0,0.0,4
0.10541086555128103,0.0,0.11034610080238218,0.0,0.0,5
0.1969127131909003,0.0,0.0,0.0,0.0,5
0.22550431709073135,0.0,0.0,0.0,0.0,5
0.09300096425891959,0.0,0.0,0.0,0.0,5
0.08784655324841939,0.0,0.0,0.0,0.0,5
0.11374170225708866,0.0,0.0,0.0,0.0,5
0.13676741171466184,0.0,0.0,0.0,0.0,5
0.11351363069209162,0.0,0.0,0.0,0.0,5
0.08062860739112553,0.0,0.0,0.0,0.0,5
0.16994380540791656,0.0,0.2987225672088708,0.0,0.0,5
0.16799336151102298,0.0,0.0,0.0,0.0,5
0.11309819900469203,0.0,0.0,0.0,0.0,5
0.059198150518964744,0.0,0.0,0.0,0.0,5
0.042969515476168785,0.0,0.0,0.0,0.0,5
0.046952842408285234,0.0,0.0,0.0,0.0,5
0.04788482965423288,0.0,0.0,0.0,0.0,5
0.04092388146954192,0.0,0.0,0.0,0.0,5
0.04603862773693093,0.0,0.0,0.0,0.0,5
0.047707069636692495,0.0,0.0,0.0,0.0,5
0.04119507173578978,0.0,0.0,0.0,0.0,5
0.04347010235720615,0.0,0.0,0.0,0.0,5
0.03346707333052122,0.0,0.0,0.0,0.0,5
0.049005667386771985,0.0,0.0,0.0,0.0,5
0.08463267757389142,0.0,0.17297927753387426,0.0,0.0,5
0.11724550667413876,0.0,0.05667037516111052,0.0,0.0,5
0.07722814069442302,0.0,0.1057866405265099,0.0,0.0,5
0.036738109533250705,0.0,0.0,0.0,0.0,5
0.045008402522146954,0.0,0.0,0.0,0.0,5
0.0531189723052475,0.0,0.0,0.0,0.0,5
0.048559910503988966,0.0,0.0,0.0,0.0,5
0.041325979497792854,0.0,0.0,0.0,0.0,5
0.04508022910406753,0.0,0.0,0.0,0.0,5
0.04873238058220325,0.0,0.0,0.0,0.0,5
0.03525397204003405,0.0,0.0,0.0,0.0,5
0.05455922950797127,0.0,0.0,0.0,0.0,5
0.09234682529845949,0.0,0.0,0.0,0.0,5
0.057862636732580526,0.0,0.0,0.0,0.0,5
0.05440558129278177,0.0,0.0,0.0,0.0,5
0.039600230200191294,0.0,0.0,0.0,0.0,5
0.04946689754415203,0.0,0.0,0.0,0.0,5
0.048724626980130206,0.0,0.0,0.0,0.0,5
0.049892779404825074,0.0,0.0,0.0,0.0,5
0.04336627993479624,0.0,0.0,0.0,0.0,5
0.05628052029035965,0.0,0.0,0.0,0.0,5
0.05592255963952482,0.0,0.0,0.0,0.0,5
0.03918999057316725,0.0,0.0,0.0,0.0,5
0.045840317382539436,0.0,0.0,0.0,0.0,5
0.049513729866822974,0.0,0.0,0.0,0.0,5
0.056953189758051644,0.0,0.0,0.0,0.0,5
0.04883471455291714,0.0,0.0,0.0,0.0,5
0.05744724794605797,0.0,0.0,0.0,0.0,5
0.11371481923385976,0.0,0.06137151146136266,0.0,0.0,5
0.1682962163148059,0.0,0.07202971875255829,0.0,0.0,5
0.09726995908742228,0.0,0.0,0.0,0.0,5
0.08369518026764856,0.0,0.0,0.0,0.0,5
0.07986633330117875,0.0,0.0,0.0,0.0,5
0.1352758769645062,0.0,0.22380825196092877,0.0,0.0,5
0.1706272399970232,0.0,0.0,0.0,0.0,5
0.13776666157567594,0.0,0.0,0.0,0.0,5
0.13837671058901604,0.0,0.0,0.0,0.0,5
0.07078121875428037,0.0,0.0,0.0,0.0,5
0.08103321114678644,0.0,0.0,0.0,0.0,5
0.06050625073612564,0.0,0.0,0.0,0.0,5
0.038132558838146244,0.0,0.0,0.0,0.0,5
0.042561282442463856,0.0,0.0,0.0,0.0,5
0.05247219205803635,0.0,0.0,0.0,0.0,5
0.051658954017805646,0.0,0.0,0.0,0.0,5
0.03208679976826104,0.0,0.0,0.0,0.0,5
0.06628179945415945,0.0,0.0,0.0,0.0,5
0.04503878326902335,0.0,0.0,0.0,0.0,5
0.05784837740282522,0.0,0.0,0.0,0.0,5
0.047571533132651,0.0,0.0,0.0,0.0,5
0.045231490847331524,0.0,0.0,0.0,0.0,5
0.03581274239069131,0.0,0.0,0.0,0.0,5
0.04348628097408357,0.0,0.0,0.0,0.0,5
0.04925193862921075,0.0,0.0,0.0,0.0,5
0.04020549471103085,0.0,0.0,0.0,0.0,5
0.04361136413892705,0.0,0.0,0.0,0.0,5
0.05170084928966688,0.0,0.0,0.0,0.0,5
0.07404076355809282,0.0,0.0,0.0,0.0,5
0.133121770560137,0.0,0.036079090252327,0.0,0.0,5
0.14053957211254026,0.0,0.0,0.0,0.0,5
0.11208974274235228,0.0,0.009123262572173246,0.0,0.0,5
0.09569027329425557,0.0,0.0,0.0,0.0,5
0.066535853373778,0.0,0.0,0.0,0.0,5
0.04346006181836322,0.0,0.0,0.0,0.0,5
0.04892225326386087,0.0,0.0,0.0,0.0,5
0.037090128876233246,0.0,0.0,0.0,0.0,5
0.03930384610052625,0.0,0.0,0.0,0.0,5
0.057331156485370335,0.0,0.0,0.0,0.0,5
0.04078637355772479,0.0,0.0,0.0,0.0,5
0.03364176304935362,0.0,0.0,0.0,0.0,5
0.07515980845816662,0.0,0.0,0.0,0.0,5
0.1305453746128401,0.0,0.0,0.0,0.0,5
0.09241805323813312,0.0,0.0,0.0,0.0,5
0.1389859575649281,0.07403946237195957,0.0,0.0,0.0,5
0.05979892188668673,0.0,0.0,0.0,0.0,5
0.06242570695076749,0.0,0.0,0.0,0.0,5
0.04870445533988267,0.0,0.0,0.0,0.0,5
0.05260466116787535,0.0,0.0,0.0,0.0,5
0.07688993657033541,0.0,0.0,0.0,0.0,5
0.09378940207197743,0.0,0.0,0.0,0.0,5
0.08954690792319613,0.0,0.0,0.0,0.0,5
0.08207354467581869,0.0,0.0,0.0,0.0,5
0.10763764296882275,0.0,0.0,0.0,0.0,5
0.10816293605953892,0.0,0.0,0.0,0.0,5
0.12182958934909086,0.0,0.0,0.0,0.0,5
0.09811319189058444,0.0,0.0,0.0,0.0,5
0.05509416141549675,0.0,0.0,0.0,0.0,5
0.05185179768765173,0.0,0.0,0.0,0.0,5
0.041875524745567924,0.0,0.0,0.0,0.0,5
0.05688178576824197,0.0,0.0,0.0,0.0,5
0.04874176775538444,0.0,0.0,0.0,0.0,5
0.05040166852753011,0.0,0.0,0.0,0.0,5
0.035880580564349056,0.0,0.0,0.0,0.0,5
0.04070682713233835,0.0,0.0,0.0,0.0,5
0.056668908266825996,0.0,0.0,0.0,0.0,5
0.03563705282856065,0.0,0.0,0.0,0.0,5
0.05522185796612903,0.0,0.0,0.0,0.0,5
0.03943320168045544,0.0,0.0,0.0,0.0,5
0.026922277486530994,0.0,0.0,0.0,0.0,5
0.043750029278022004,0.0,0.0,0.0,0.0,5
0.04502191017115812,0.0,0.0,0.0,0.0,5
0.040953856214874955,0.0,0.0,0.0,0.0,5
0.05582179251613744,0.0,0.0,0.0,0.0,5
0.04428750667113632,0.0,0.0,0.0,0.0,5
0.06770720333085446,0.0,0.0,0.0,0.0,5
0.10293786455309809,0.0,0.0619360526863042,0.0,0.0,5
0.09897189173135854,0.18591861847972738,0.0,0.0,0.0,5
0.15323043222058125,0.0,0.0,0.0,0.0,5
0.13385261878740848,0.0,0.031180859465185035,0.0,0.0,5
0.1292576362204258,0.0,0.0,0.0,0.0,5
0.07271327739483899,0.0,0.0,0.0,0.0,5
0.05819416339319136,0.0,0.0,0.0,0.0,5
0.05656306715686984,0.0,0.0,0.0,0.0,5
0.045373396513303806,0.0,0.0,0.0,0.0,5
0.05055910887904202,0.0,0.0,0.0,0.0,5
0.04856071327839854,0.0,0.0,0.0,0.0,5
0.055676361051287336,0.0,0.0,0.0,0.0,5
0.039183471166128296,0.0,0.0,0.0,0.0,5
0.0461969911271087,0.0,0.0,0.0,0.0,5
0.10182849624870118,0.10655670327441132,0.0,0.0,0.0,5
0.13879946144642144,0.0,0.11713606030744358,0.0,0.0,5
0.19409120132893057,0.0,0.29478994433961536,0.0,0.0,5
0.11608106226256189,0.0,0.0,0.0,0.0,5
0.07872120905674429,0.0,0.0,0.0,0.0,5
0.1612702598744387,0.0,0.3978599096932358,0.0,0.0,5
0.27741159388070846,0.19062095441265542,0.0,0.0,0.0,5
0.1613201087580418,0.24874844865475698,0.0,0.0,0.0,5
0.22486259272797804,0.0,0.25675242620970556,0.0,0.0,5
0.22590303035976989,0.0,0.07712648954029622,0.0,0.0,5
0.22490625424401128,0.0,0.2966686764504974,0.0,0.0,5
0.24854024914745293,0.0,0.19517546989547185,0.0,0.0,5
0.27989931718501065,0.0,0.19406850553221333,0.0,0.0,5
0.24749505353422194,0.0,0.04470278520209467,0.0,0.0,5
0.1500529293454875,0.0,0.0,0.0,0.0,5
0.07265814800415601,0.0,0.0,0.0,0.0,5
0.0399074255996638,0.0,0.0,0.0,0.0,5
0.059919093283104644,0.0,0.0,0.0,0.0,5
0.053008936939563635,0.0,0.0,0.0,0.0,5
0.06235794330287845,0.0,0.0,0.0,0.0,5
0.061347851556196965,0.0,0.0,0.0,0.0,5
0.061235850906632236,0.0,0.0,0.0,0.0,5
0.052135581357078895,0.0,0.0,0.0,0.0,5
0.049798360377379745,0.0,0.0,0.0,0.0,5
0.04909593472235325,0.0,0.0,0.0,0.0,5
0.13823951501715998,0.0,0.009764440165819344,0.0,0.0,5
0.16666053368069508,0.0,0.0,0.0,0.0,5
0.152280268978206,0.0,0.0,0.0,0.0,5
0.16417285221121442,0.02218950168276021,0.0,0.0,0.0,5
0.12258613697706004,0.0,0.0,0.0,0.0,5
0.1264603038717835,0.0,0.0,0.0,0.0,5
0.12355785346263642,0.0,0.02516701310313124,0.0,0.0,5
0.10252231611225178,0.0,0.015970270880806284,0.0,0.0,5
0.11018126148012776,0.0,0.050212955969849635,0.0,0.0,5
0.14685443665634068,0.013414701722321343,0.0,0.0,0.0,5
0.13573703249556585,0.0,0.2537036361030301,0.0,0.0,5
0.11924424630614651,0.0,0.14667065931910012,0.0,0.0,5
0.1229051458625461,0.0,0.0,0.0,0.0,5
0.09280190711526433,0.0,0.0,0.0,0.0,5
0.09252046151965101,0.0,0.0,0.0,0.0,5
0.04904881775402491,0.0,0.0,0.0,0.0,5
0.037055519877203166,0.0,0.0,0.0,0.0,5
0.04097699424856258,0.0,0.0,0.0,0.0,5
0.04169976810388707,0.0,0.0,0.0,0.0,5
0.042701892332656276,0.0,0.0,0.0,0.0,5
0.022015707606654177,0.0,0.0,0.0,0.0,5
0.04391200137694628,0.0,0.0,0.0,0.0,5
0.04990017689020868,0.0,0.0,0.0,0.0,5
0.04076074973213002,0.0,0.0,0.0,0.0,5
0.09955707617580181,0.0,0.018416429172132043,0.0,0.0,5
0.09765730002581047,0.0,0.06222869034113199,0.0,0.0,5
0.12983983650681255,0.0,0.0034416724123322306,0.0,0.0,5
0.12190586680954481,0.018838948769499778,0.0,0.0,0.0,5
0.1433241561208005,0.0,0.0,0.0,0.0,5
0.09864496386147521,0.0,0.0,0.0,0.0,5
0.1354349060665189,0.0,0.04889476669951462,0.0,0.0,5
0.08913262604276435,0.0,0.0,0.0,0.0,5
0.11516993690030933,0.0,0.0,0.0,0.0,5
0.15146276968791633,0.0,0.079368602079818,0.0,0.0,5
0.16291987716424292,0.17924661554722168,0.0,0.0,0.0,5
0.12222545029983603,0.0,0.0,0.0,0.0,5
0.1267287206889012,0.0,0.0,0.0,0.0,5
0.15460838298532606,0.0,0.14399169284576183,0.0,0.0,5
0.17551798752819914,0.0,0.11045281885080677,0.0,0.0,5
0.10424081567218257,0.0,0.0,0.0,0.0,5
0.0673560836408183,0.0,0.0,0.0,0.0,5
0.05185742212170462,0.0,0.0,0.0,0.0,5
0.04784852766127417,0.0,0.0,0.0,0.0,5
0.05375027143072388,0.0,0.0,0.0,0.0,5
0.04471689069975358,0.0,0.0,0.0,0.0,5
0.05003309097136438,0.0,0.0,0.0,0.0,5
0.0410952489043997,0.0,0.0,0.0,0.0,5
0.045497393662319446,0.0,0.0,0.0,0.0,5
0.05565716223666419,0.0,0.0,0.0,0.0,5
0.09613909769874508,0.008507244586302504,0.0,0.0,0.0,5
0.06729618932206428,0.0,0.0,0.0,0.0,5
0.1734682723511226,0.0,0.059569323401739094,0.0,0.0,5
0.13882403186784673,0.0,0.010161644589446184,0.0,0.0,5
0.18842965187332694,0.0,0.16146998363854448,0.0,0.0,5
0.1654998140376062,0.0,0.2286497490924214,0.0,0.0,5
0.09358165161190295,0.0,0.0,0.0,0.0,5
0.1568731717957817,0.0,0.005152310798723053,0.0,0.0,5
0.10907490645876933,0.0,0.0,0.0,0.0,5
0.1852494127675502,0.0,0.1976205290165221,0.0,0.0,5
0.13385991863954783,0.0,0.07069294893313624,0.0,0.0,5
0.15578577343891162,0.0,0.0,0.0,0.0,5
0.10502976824478441,0.0,0.0,0.0,0.0,5
0.07333836400994156,0.0,0.0,0.0,0.0,5
0.03596774599496458,0.0,0.0,0.0,0.0,5
0.06350283585547142,0.0,0.0,0.0,0.0,5
0.04000310512930236,0.0,0.0,0.0,0.0,5
0.03962288813928542,0.0,0.0,0.0,0.0,5
0.041023743886965364,0.0,0.0,0.0,0.0,5
0.05232621650709045,0.0,0.0,0.0,0.0,5
0.039359434374195056,0.0,0.0,0.0,0.0,5
0.05141802840373717,0.0,0.0,0.0,0.0,5
0.05575572159484556,0.0,0.0,0.0,0.0,5
0.06711981129678775,0.0,0.0,0.0,0.0,5
0.060966280006082764,0.0,0.0,0.0,0.0,5
0.03728156175269542,0.0,0.0,0.0,0.0,5
0.038837261097710976,0.0,0.0,0.0,0.0,5
0.04515452979574748,0.0,0.0,0.0,0.0,5
0.03794880053402293,0.0,0.0,0.0,0.0,5
0.02253616579084601,0.0,0.0,0.0,0.0,5
0.04282049074359725,0.0,0.0,0.0,0.0,5
0.04439766094475052,0.0,0.0,0.0,0.0,5
0.0701517720900666,0.0,0.0,0.0,0.0,5
0.15166680644029476,0.0,0.07370097044012869,0.0,0.0,5
0.11859064969111976,0.0,0.0,0.0,0.0,5
0.08672856573197103,0.0,0.09696546174781802,0.0,0.0,5
0.14972344402707347,0.0679186478675198,0.0,0.0,0.0,5
0.06758856413297275,0.0,0.0,0.0,0.0,5
0.03192425183441006,0.0,0.0,0.0,0.0,5
0.04000982412040637,0.0,0.0,0.0,0.0,5
0.03766530633293747,0.0,0.0,0.0,0.0,5
0.04218228516165641,0.0,0.0,0.0,0.0,5
0.043519077940723565,0.0,0.0,0.0,0.0,5
0.04016520605337802,0.0,0.0,0.0,0.0,5
0.04738282558541405,0.0,0.0,0.0,0.0,5
0.07110277845773459,0.0,0.0,0.0,0.0,5
0.07069804037750198,0.0,0.0,0.0,0.0,5
0.03789534658190923,0.0,0.0,0.0,0.0,5
0.06515728488703024,0.0,0.0,0.0,0.0,5
0.06290827678091528,0.0,0.0,0.0,0.0,5
0.04279396502760842,0.0,0.0,0.0,0.0,5
0.07695711242768308,0.0,0.0,0.0,0.0,5
0.05386111232689615,0.0,0.0,0.0,0.0,5
0.07617620656871331,0.0,0.0,0.0,0.0,5
0.08437190859462182,0.0,0.0,0.0,0.0,5
0.09378017628541269,0.0,0.0,0.0,0.0,5
0.1418929624194436,0.0,0.0,0.0,0.0,5
0.11616657643414134,0.031002869517318496,0.0,0.0,0.0,5
0.13514883279671525,0.0,0.10195093674878547,0.0,0.0,5
0.18792608515987042,0.0,0.02476778567472085,0.0,0.0,5
0.12178474585680728,0.0,0.19867681374657786,0.0,0.0,5
0.0969384304177648,0.0,0.0,0.0,0.0,5
0.03575827208016412,0.0,0.0,0.0,0.0,5
0.04224434957711489,0.0,0.0,0.0,0.0,5
0.04326832628636423,0.0,0.0,0.0,0.0,5
0.041245771745731165,0.0,0.0,0.0,0.0,5
0.040802275155660636,0.0,0.0,0.0,0.0,5
0.03808727137559395,0.0,0.0,0.0,0.0,5
0.044966438958342084,0.0,0.0,0.0,0.0,5
0.05223318858996573,0.0,0.0,0.0,0.0,5
0.04384676676769231,0.0,0.0,0.0,0.0,5
0.042031316671957836,0.0,0.0,0.0,0.0,5
0.033083924842463204,0.0,0.015711356020909957,0.0,0.0,5
0.015603576788450436,0.0,0.0,0.0,0.0,5
0.042814676691233546,0.0,0.0,0.0,0.0,5
0.036945020831573236,0.0,0.0,0.0,0.0,5
0.0450112363624304,0.0,0.0,0.0,0.0,5
0.032518528341958966,0.0,0.0,0.0,0.0,5
0.054541500297996995,0.0,0.0,0.0,0.0,5
0.08876440962389416,0.0,0.009118201369716694,0.0,0.0,5
0.11322583926266827,0.0,0.0,0.0,0.0,5
0.10977491487263448,0.0,0.16799689406561336,0.0,0.0,5
0.11466486574406236,0.0,0.05406694964233731,0.0,0.0,5
0.12617262069635804,0.0,0.0,0.0,0.0,5
0.17860167889486028,0.0,0.0,0.0,0.0,5
0.06985348901047683,0.0,0.0,0.0,0.0,5
0.04131078925892386,0.0,0.0,0.0,0.0,5
0.0511811254159478,0.0,0.0,0.0,0.0,5
0.04417213073511285,0.0,0.0,0.0,0.0,5
0.03505182922355171,0.0,0.0,0.0,0.0,5
0.01419289580412105,0.0,0.0,0.0,0.0,5
0.05152250498386117,0.0,0.0,0.0,0.0,5
0.03924928371785376,0.0,0.0,0.0,0.0,5
0.060022336571700294,0.0,0.0,0.0,0.0,5
0.07028469415778486,0.0,0.0,0.0,0.0,5
0.09257470408637533,0.0,0.0,0.0,0.0,5
0.1612399372590131,0.0,0.005300382109051066,0.0,0.0,5
0.07187795359362,0.0,0.0,0.0,0.0,5
0.08174153111986768,0.020301555900800697,0.0,0.0,0.0,5
0.08029964816552956,0.0,0.0,0.0,0.0,5
0.0671023069498394,0.0,0.0,0.0,0.0,5
0.05635811721603435,0.0,0.0,0.0,0.0,5
0.04507968636998374,0.0,0.0,0.0,0.0,5
0.03172099966815487,0.0,0.0,0.0,0.0,5
0.03379869120505589,0.0,0.0,0.0,0.0,5
0.0758376221301808,0.0,0.0,0.0,0.0,5
0.09986724701023739,0.0,0.0,0.0,0.0,5
0.055909369797068016,0.0,0.0,0.0,0.0,5
0.07691374197673434,0.0,0.0,0.0,0.0,5
0.0770424069333974,0.0,0.0,0.0,0.0,5
0.047746846322445705,0.0,0.0,0.0,0.0,5
0.028645003316391037,0.0,0.0,0.0,0.0,5
0.030572178328323884,0.0,0.0,0.0,0.0,5
0.03475032625490333,0.0,0.0,0.0,0.0,5
0.046840120347065216,0.0,0.0,0.0,0.0,5
0.032113791857262285,0.0,0.0,0.0,0.0,5
0.04533554604774695,0.0,0.0,0.0,0.0,5
0.03891713165598123,0.0,0.0,0.0,0.0,5
0.054039456369226094,0.0,0.0,0.0,0.0,5
0.05122086221541307,0.0,0.0,0.0,0.0,5
0.0545345526751159,0.0,0.21739590283230933,0.0,0.0,5
0.1364800059878048,0.0,0.31602021981143835,0.0,0.0,5
0.20372573491771337,0.0,0.3985701826745396,0.0,0.0,5
0.20932856085384874,0.47247965383390267,0.0,0.0,0.0,5
0.26917878617716506,0.0,0.13897377178388226,0.0,0.0,5
0.28702013891454425,0.0,0.2686967138936095,0.0,0.0,5
0.2617224625339027,0.0,0.1359090541349442,0.0,0.0,5
0.3308827716907364,0.0,0.2678632693227146,0.0,0.0,5
0.13030561138911145,0.0,0.0,0.0,0.0,5
0.11350427678596382,0.0,0.0,0.0,0.0,5
0.1464433916887144,0.0,0.0,0.0,0.0,5
0.0701523038839174,0.0,0.09202775560817482,0.0,0.0,5
0.10264501361666689,0.0,0.0,0.0,0.0,5
0.10321146129481604,0.0,0.09284872150279913,0.0,0.0,5
0.07913832011582625,0.0,0.0,0.0,0.0,5
0.13929634816196063,0.0,0.08003077541863649,0.0,0.0,5
0.06391675403000265,0.0,0.0,0.0,0.0,5
0.05159421212848022,0.0,0.0,0.0,0.0,5
0.037982387127509634,0.0,0.0,0.0,0.0,5
0.047870658273136434,0.0,0.0,0.0,0.0,5
0.043075403427432706,0.0,0.0,0.0,0.0,5
0.03796731254122453,0.0,0.0,0.0,0.0,5
0.045035776242728615,0.0,0.0,0.0,0.0,5
0.05410950841272972,0.0,0.0,0.0,0.0,5
0.12815517496400972,0.15201279468314025,0.0,0.0,0.0,5
0.1136764629424899,0.0,0.038269641450763364,0.0,0.0,5
0.1347470994404569,0.0,0.11322742976415615,0.0,0.0,5
0.15643657058610855,0.0,0.41367473843143693,0.0,0.0,5
0.155647612283886,0.0,0.0,0.0,0.0,5
0.1458580292400364,0.0,0.0,0.0,0.0,5
0.1303039178232611,0.0,0.0,0.0,0.0,5
0.10457801175646946,0.0,0.0,0.0,0.0,5
0.10423246511370449,0.0,0.0,0.0,0.0,5
0.1713067653471182,0.0,0.1993526137603348,0.0,0.0,5
0.12246714476555583,0.0,0.055634003078847874,0.0,0.0,5
0.11686810626994706,0.0,0.0009542304278967739,0.0,0.0,5
0.11470172691557927,0.0,0.03528710555752164,0.0,0.0,5
0.10957035975106603,0.0,0.0,0.0,0.0,5
0.07754355966036043,0.0,0.0,0.0,0.0,5
0.0475592192894163,0.0,0.0,0.0,0.0,5
0.053836303426426035,0.0,0.0,0.0,0.0,5
0.035805924167959566,0.0,0.0,0.0,0.0,5
0.04603443208060416,0.0,0.0,0.0,0.0,5
0.043596147058258476,0.0,0.0,0.0,0.0,5
0.039317766291307524,0.0,0.0,0.0,0.0,5
0.05780515043025315,0.0,0.0,0.0,0.0,5
0.051217361483002974,0.0,0.0,0.0,0.0,5
0.044435793475010914,0.0,0.0,0.0,0.0,5
0.04737599946360919,0.0,0.0,0.0,0.0,5
0.05014257504885182,0.0,0.0,0.0,0.0,5
0.038536832940067545,0.0,0.0,0.0,0.0,5
0.05166531813101813,0.0,0.0,0.0,0.0,5
0.04967709056752162,0.0,0.0,0.0,0.0,5
0.04556465894155025,0.0,0.0,0.0,0.0,5
0.052266536224843535,0.0,0.0,0.0,0.0,5
0.08031204819187823,0.0,0.0007828425239525261,0.0,0.0,5
0.17158484329039483,0.0,0.047523093606315986,0.0,0.0,5
0.14639460454613276,0.0,0.47496479527792423,0.0,0.0,5
0.16507619716187483,0.0,0.0,0.0,0.0,5
0.1554607049191529,0.0,0.0,0.0,0.0,5
0.1282693417694942,0.0,0.0,0.0,0.0,5
0.06602576213980428,0.0,0.0,0.0,0.0,5
0.06174444886010656,0.0,0.0,0.0,0.0,5
0.05384904830499351,0.0,0.0,0.0,0.0,5
0.03809731685292959,0.0,0.0,0.0,0.0,5
0.043093059759274153,0.0,0.0,0.0,0.0,5
0.041384238419871114,0.0,0.0,0.0,0.0,5
0.04482276819785923,0.0,0.0,0.0,0.0,5
0.049446869653180216,0.0,0.0,0.0,0.0,5
0.10674444558780422,0.0,0.03037149892248109,0.0,0.0,5
0.07163695660992347,0.0,0.0,0.0,0.0,5
0.1423164121084301,0.0,0.09272589979755888,0.0,0.0,5
0.043297136097472246,0.0,0.0,0.0,0.0,5
0.019498178636024467,0.0,0.0,0.0,0.0,5
0.0673251921802088,0.0,0.0,0.0,0.0,5
0.11797237856138848,0.0,0.0,0.0,0.0,5
0.12575824397882496,0.0,0.043779772007990686,0.0,0.0,5
0.0939613026359073,0.0,0.05303295913542966,0.0,0.0,5
0.10353258816705511,0.0,0.13375243736500136,0.0,0.0,5
0.1256875600540816,0.0,0.0657629220829023,0.0,0.0,5
0.08764252195809079,0.0,0.1107956604551295,0.0,0.0,5
0.1993132988049663,0.1197215533678695,0.0,0.0,0.0,5
0.17294546137069608,0.0,0.0,0.0,0.0,5
0.16384376526992633,0.0,0.003122162125835909,0.0,0.0,5
0.08908978854848128,0.0,0.031959594025813665,0.0,0.0,5
0.07038267874374046,0.0,0.0,0.0,0.0,5
0.05892354266184111,0.0,0.0,0.0,0.0,5
0.0514874396546192,0.0,0.0,0.0,0.0,5
0.04366364955739073,0.0,0.0,0.0,0.0,5
0.04325702635739549,0.0,0.0,0.0,0.0,5
0.05011663370571186,0.0,0.0,0.0,0.0,5
0.039094288548861676,0.0,0.0,0.0,0.0,5
0.04055398759194888,0.0,0.0,0.0,0.0,5
0.044403895864917386,0.0,0.0,0.0,0.0,5
0.04904192313700106,0.0,0.0,0.0,0.0,5
0.06625872590671114,0.0,0.0,0.0,0.0,5
0.09918401691590187,0.0,0.0,0.0,0.0,5
0.1355983796152466,0.0,0.0,0.0,0.0,5
0.09150117197139765,0.0,0.0,0.0,0.0,5
0.04158108742169975,0.0,0.0,0.0,0.0,5
0.052921159123824425,0.0,0.0,0.0,0.0,5
0.0672943295257467,0.0,0.0,0.0,0.0,5
0.08628050588178504,0.0,0.0,0.0,0.0,5
0.09542263395649493,0.0,0.0,0.0,0.0,5
0.12334400310703766,0.0,0.2414930522088005,0.0,0.0,5
0.1404446028575388,0.0,0.02098515584362437,0.0,0.0,5
0.1827250816294219,0.03379660101415222,0.0,0.0,0.0,5
0.14937202467744795,0.0,0.0,0.0,0.0,5
0.10826929899870709,0.0,0.16545307859162062,0.0,0.0,5
0.0523896781589479,0.0,0.0,0.0,0.0,5
0.046727275266377225,0.0,0.0,0.0,0.0,5
0.03876620133654787,0.0,0.0,0.0,0.0,5
0.04638940943933255,0.0,0.0,0.0,0.0,5
0.04298518834663085,0.0,0.0,0.0,0.0,5
0.0391080387281103,0.0,0.0,0.0,0.0,5
0.04791281032923713,0.0,0.0,0.0,0.0,5
0.04320552980977072,0.0,0.0,0.0,0.0,5
0.0468082554399434,0.0,0.0,0.0,0.0,5
0.051527297260963695,0.0,0.006970471565195306,0.0,0.0,5
0.10667408466318813,0.0,0.024384390411316306,0.0,0.0,5
0.132920219693274,0.0,0.06900654574284845,0.0,0.0,5
0.18505773619992177,0.0,0.2399837095577832,0.0,0.0,5
0.23349603457678186,0.0,0.16367205637329457,0.0,0.0,5
0.1429831521592371,0.0,0.20865997329404526,0.0,0.0,5
0.19140121443854965,0.0,0.127274691885527,0.0,0.0,5
0.08940701388027289,0.0,0.0,0.0,0.0,5
0.06483758373308715,0.0,0.0,0.0,0.0,5
0.0607264816956701,0.0,0.0,0.0,0.0,5
0.14436817121049159,0.0,0.6855417702960838,0.0,0.0,5
0.2182069302599007,0.3924097325050031,0.0,0.0,0.0,5
0.32871454555012003,0.0,0.00983345693094706,0.0,0.0,5
0.288683593390858,0.0,0.0,0.0,0.0,5
0.11605387809255932,0.0,0.0,0.0,0.0,5
0.07910673883865849,0.0,0.0,0.0,0.0,5
0.07189918957760705,0.0,0.0,0.0,0.0,5
0.05503616053753417,0.0,0.0,0.0,0.0,5
0.05526588136342432,0.0,0.0,0.0,0.0,5
0.05651871131921709,0.0,0.0,0.0,0.0,5
0.034341794124185,0.0,0.0,0.0,0.0,5
0.04858362046328951,0.0,0.0,0.0,0.0,5
0.05407562814699481,0.0,0.0,0.0,0.0,5
0.054204924531887966,0.0,0.0,0.0,0.0,5
0.04565581337847366,0.0,0.0,0.0,0.0,5
0.12330329528492853,0.04933185251513139,0.0,0.0,0.0,5
0.1376240386818569,0.0,0.04692818526458864,0.0,0.0,5
0.12186069804991186,0.0,0.29003215634299895,0.0,0.0,5
0.23002764143230148,0.14950270630072343,0.0,0.0,0.0,5
0.2044613457566311,0.0,0.19106889734048138,0.0,0.0,5
0.23681515105515022,0.0,0.051525029179256165,0.0,0.0,5
0.2769141438198646,0.0,0.10806956589376138,0.0,0.0,5
0.13331407719524863,0.0,0.0,0.0,0.0,5
0.08150999368946364,0.0,0.0,0.0,0.0,5
0.11917619987816552,0.0,0.06910958592548483,0.0,0.0,5
0.14865338978092812,0.0,0.09257515046813941,0.0,0.0,5
0.1130701777569233,0.0,0.6393199373198581,0.0,0.0,5
0.15380700188790034,0.0,0.0614786740961529,0.0,0.0,6
0.17352296402599623,0.0,0.05041521542508137,0.0,0.0,6
0.1929243166898541,0.045854029255590456,0.0,0.0,0.0,6
0.08168391265669712,0.0,0.0,0.0,0.0,6
0.08326226504172765,0.0,0.0,0.0,0.0,6
0.08825173407251288,0.0,0.0,0.0,0.0,6
0.12435092906590399,0.0,0.0,0.0,0.0,6
0.10434586649049933,0.0,0.014621736591359485,0.0,0.0,6
0.09698377451961156,0.0,0.0,0.0,0.0,6
0.12436283227363999,0.0,0.24534069649039714,0.0,0.0,6
0.14741906558693652,0.0,0.0,0.0,0.0,6
0.0854746390199943,0.0,0.0,0.0,0.0,6
0.04057158145029075,0.0,0.0,0.0,0.0,6
0.05233274265951984,0.0,0.0,0.0,0.0,6
0.05158766356941603,0.0,0.0,0.0,0.0,6
0.05400313623279272,0.0,0.0,0.0,0.0,6
0.04265424786657823,0.0,0.0,0.0,0.0,6
0.04592224746897142,0.0,0.0,0.0,0.0,6
0.04751504708880785,0.0,0.0,0.0,0.0,6
0.03334772788360755,0.0,0.0,0.0,0.0,6
0.04670075954292566,0.0,0.0,0.0,0.0,6
0.03242024868862722,0.0,0.0,0.0,0.0,6
0.04998329244092515,0.0,0.0,0.0,0.0,6
0.1389306523415357,0.0,0.1306872417938124,0.0,0.0,6
0.11040391155917731,0.0,0.08553613810878152,0.0,0.0,6
0.1229314361563442,0.0,0.11733942956661118,0.0,0.0,6
0.03232892290050117,0.0,0.0,0.0,0.0,6
0.048239459568070166,0.0,0.0,0.0,0.0,6
0.041895560914546624,0.0,0.0,0.0,0.0,6
0.046956217736977515,0.0,0.0,0.0,0.0,6
0.036059707601908686,0.0,0.0,0.0,0.0,6
0.04986151574149213,0.0,0.0,0.0,0.0,6
0.04665392714506111,0.0,0.0,0.0,0.0,6
0.03664162037980301,0.0,0.0,0.0,0.0,6
0.05224826481196945,0.0,0.0,0.0,0.0,6
0.07412886724052346,0.0,0.0,0.0,0.0,6
0.05640972558399576,0.0,0.0,0.0,0.0,6
0.04974860518778645,0.0,0.0,0.0,0.0,6
0.043421665027411294,0.0,0.0,0.0,0.0,6
0.04854688250142086,0.0,0.0,0.0,0.0,6
0.05051070972881954,0.0,0.0,0.0,0.0,6
0.0448175789389167,0.0,0.0,0.0,0.0,6
0.035686151606381125,0.0,0.0,0.0,0.0,6
0.05148720809755857,0.0,0.0,0.0,0.0,6
0.05881903559699727,0.0,0.0,0.0,0.0,6
0.04941205925953228,0.0,0.0,0.0,0.0,6
0.055281458708920754,0.0,0.0,0.0,0.0,6
0.05639129258913592,0.0,0.0,0.0,0.0,6
0.05932869068806282,0.0,0.0,0.0,0.0,6
0.04590023476991451,0.0,0.0,0.0,0.0,6
0.05947529845854567,0.0,0.0,0.0,0.0,6
0.10480866709869348,0.0,0.07329671608477832,0.0,0.0,6
0.171826275025405,0.0,0.06407276474011189,0.0,0.0,6
0.10642328931120158,0.0,0.0028546344809229213,0.0,0.0,6
0.07541363654820182,0.0,0.0,0.0,0.0,6
0.08322164436052808,0.0,0.0,0.0,0.0,6
0.10501057956141788,0.0,0.24033842051761647,0.0,0.0,6
0.14889808565318,0.0,0.016360768102711726,0.0,0.0,6
0.13000028014583645,0.0,0.0,0.0,0.0,6
0.11740622054859841,0.0,0.0,0.0,0.0,6
0.07584197558338325,0.0,0.0,0.0,0.0,6
0.06059981509044351,0.0,0.0,0.0,0.0,6
0.05504038936431611,0.0,0.0,0.0,0.0,6
0.0422998455353639,0.0,0.0,0.0,0.0,6
0.04890644629702544,0.0,0.0,0.0,0.0,6
0.0494239124308996,0.0,0.0,0.0,0.0,6
0.03919190668482733,0.0,0.0,0.0,0.0,6
0.04212702488249839,0.0,0.0,0.0,0.0,6
0.07778349885919485,0.0,0.0,0.0,0.0,6
0.05308341644467018,0.0,0.0,0.0,0.0,6
0.05029669682868245,0.0,0.0,0.0,0.0,6
0.049980117534673345,0.0,0.0,0.0,0.0,6
0.049102454465311585,0.0,0.0,0.0,0.0,6
0.04100016174195597,0.0,0.0,0.0,0.0,6
0.052883313000205164,0.0,0.0,0.0,0.0,6
0.04245120775442664,0.0,0.0,0.0,0.0,6
0.03861009201382695,0.0,0.0,0.0,0.0,6
0.03420532891199723,0.0,0.0,0.0,0.0,6
0.04446669836602635,0.0,0.0,0.0,0.0,6
0.06944529152958832,0.0,0.0,0.0,0.0,6
0.124172373205241,0.0,0.0802558832093713,0.0,0.0,6
0.10897286888867493,0.0,0.020429997453500007,0.0,0.0,6
0.09625219464394723,0.0,0.02749270846855696,0.0,0.0,6
0.11239494490472435,0.0,0.0,0.0,0.0,6
0.07222993317080427,0.0,0.0,0.0,0.0,6
0.04363975596125009,0.0,0.0,0.0,0.0,6
0.046053882663879116,0.0,0.0,0.0,0.0,6
0.046002445624221615,0.0,0.0,0.0,0.0,6
0.04374222028757297,0.0,0.0,0.0,0.0,6
0.045191544373078145,0.0,0.0,0.0,0.0,6
0.04316031920909132,0.0,0.0,0.0,0.0,6
0.04136896511047991,0.0,0.0,0.0,0.0,6
0.06465514709517493,0.0,0.0,0.0,0.0,6
0.14188829391980384,0.0,0.0,0.0,0.0,6
0.0883994989432792,0.0,0.0,0.0,0.0,6
0.10869763696887365,0.1662782700504279,0.0,0.0,0.0,6
0.0624202933585584,0.0,0.0,0.0,0.0,6
0.06009561806915066,0.0,0.0,0.0,0.0,6
0.05299977917856235,0.0,0.0,0.0,0.0,6
0.04616786726009354,0.0,0.0,0.0,0.0,6
0.06731105154320947,0.0,0.0,0.0,0.0,6
0.09130968938662291,0.0,0.0,0.0,0.0,6
0.09230146149604596,0.0,0.0,0.0,0.0,6
0.08336474694573257,0.0,0.0,0.0,0.0,6
0.10813603760798028,0.0,0.0,0.0,0.0,6
0.10812376057274925,0.0,0.0,0.0,0.0,6
0.11427161912746628,0.0,0.0,0.0,0.0,6
0.10974921544292712,0.0,0.0,0.0,0.0,6
0.05037863713999499,0.0,0.0,0.0,0.0,6
0.04485173567425752,0.0,0.0,0.0,0.0,6
0.04695768884178278,0.0,0.0,0.0,0.0,6
0.04544224712419226,0.0,0.0,0.0,0.0,6
0.050061692107855806,0.0,0.0,0.0,0.0,6
0.051016145549256445,0.0,0.0,0.0,0.0,6
0.038973202036007314,0.0,0.0,0.0,0.0,6
0.04407880223585968,0.0,0.0,0.0,0.0,6
0.048011587656325364,0.0,0.0,0.0,0.0,6
0.03538754774836644,0.0,0.0,0.0,0.0,6
0.04910731726696855,0.0,0.0,0.0,0.0,6
0.04762539693055005,0.0,0.0,0.0,0.0,6
0.04098106955653564,0.0,0.0,0.0,0.0,6
0.06202081176219121,0.0,0.0,0.0,0.0,6
0.03384441163454589,0.0,0.0,0.0,0.0,6
0.048594798819483205,0.0,0.0,0.0,0.0,6
0.05310522703944799,0.0,0.0,0.0,0.0,6
0.052555177960397416,0.0,0.0,0.0,0.0,6
0.06652139614917396,0.0,0.0,0.0,0.0,6
0.10851083792369323,0.0,0.06651068215436137,0.0,0.0,6
0.0678373456085596,0.24252221534728252,0.0,0.0,0.0,6
0.13387726684889148,0.0,0.0,0.0,0.0,6
0.1386044491649721,0.0,0.0,0.0,0.0,6
0.1308476522088838,0.0,0.0006824860470977523,0.0,0.0,6
0.07276703533920814,0.0,0.0,0.0,0.0,6
0.057135287780886355,0.0,0.0,0.0,0.0,6
0.04999911791907193,0.0,0.0,0.0,0.0,6
0.04680890227946359,0.0,0.0,0.0,0.0,6
0.04290640873148609,0.0,0.0,0.0,0.0,6
0.05579275947995402,0.0,0.0,0.0,0.0,6
0.05069538545772017,0.0,0.0,0.0,0.0,6
0.03192023795357401,0.0,0.0,0.0,0.0,6
0.05466701394378702,0.0,0.0,0.0,0.0,6
0.11346689035963295,0.07405052702846784,0.0,0.0,0.0,6
0.15773365400373748,0.0,0.0641458681085538,0.0,0.0,6
0.12921792559456166,0.0,0.35062772645405116,0.0,0.0,6
0.11524424267888499,0.0,0.0,0.0,0.0,6
0.07683735124532472,0.0,0.0,0.0,0.0,6
0.12998259009093652,0.0,0.3131191775411142,0.0,0.0,6
0.17202510371029875,0.28115891904340995,0.0,0.0,0.0,6
0.1755730472337179,0.2866020564246551,0.0,0.0,0.0,6
0.202918994003634,0.0,0.27451622244969703,0.0,0.0,6
0.26595478201859113,0.0,0.02795051175006169,0.0,0.0,6
0.2963771604087597,0.0,0.31923791883680386,0.0,0.0,6
0.15668919782130436,0.0,0.2217733429835234,0.0,0.0,6
0.1692288736004979,0.0,0.43886774041237264,0.0,0.0,6
0.20484574756282303,0.0,0.01945430733193032,0.0,0.0,6
0.1854436147463161,0.0,0.0,0.0,0.0,6
0.06418517335422226,0.0,0.0,0.0,0.0,6
0.05729414257023525,0.0,0.0,0.0,0.0,6
0.0529751374151299,0.0,0.0,0.0,0.0,6
0.0426028433990331,0.0,0.0,0.0,0.0,6
0.06038838565150692,0.0,0.0,0.0,0.0,6
0.05309423236008728,0.0,0.0,0.0,0.0,6
0.05816655713855348,0.0,0.0,0.0,0.0,6
0.06046656374290792,0.0,0.0,0.0,0.0,6
0.04842413709157974,0.0,0.0,0.0,0.0,6
0.058892277485863107,0.0,0.0,0.0,0.0,6
0.13686146650410555,0.0,0.01735081288143206,0.0,0.0,6
0.13215022655158845,0.044243820778138016,0.0,0.0,0.0,6
0.14989682580469824,0.0,0.0,0.0,0.0,6
0.1791918863361268,0.06819217149240878,0.0,0.0,0.0,6
0.13265830013689583,0.0,0.0,0.0,0.0,6
0.13130345279087846,0.0375040784470384,0.0,0.0,0.0,6
0.1440862944562671,0.0,0.0,0.0,0.0,6
0.1061580134378084,0.0,0.0,0.0,0.0,6
0.17268948478623267,0.0,0.0,0.0,0.0,6
0.1327876426461785,0.0,0.0,0.0,0.0,6
0.16427060222624287,0.0,0.19877400271726706,0.0,0.0,6
0.17868352730528655,0.0,0.04381631902613517,0.0,0.0,6
0.10610133004055632,0.0,0.0,0.0,0.0,6
0.09012222549799678,0.0,0.0,0.0,0.0,6
0.07015514696066497,0.0,0.0,0.0,0.0,6
0.06449822649853831,0.0,0.0,0.0,0.0,6
0.03113911292360704,0.0,0.0,0.0,0.0,6
0.0431048794192656,0.0,0.0,0.0,0.0,6
0.05036558386474071,0.0,0.0,0.0,0.0,6
0.043908122168184946,0.0,0.0,0.0,0.0,6
0.021713775633552458,0.0,0.0,0.0,0.0,6
0.04144831556544806,0.0,0.0,0.0,0.0,6
0.05238737171999242,0.0,0.0,0.0,0.0,6
0.04575380504157866,0.0,0.0,0.0,0.0,6
0.11683215026356995,0.0,0.0,0.0,0.0,6
0.12666409841871873,0.0,0.0,0.0,0.0,6
0.11975417632913056,0.0,0.0,0.0,0.0,6
0.11264688589705465,0.03488924822832551,0.0,0.0,0.0,6
0.11041014832197384,0.0,0.013484562431745173,0.0,0.0,6
0.1369035470736012,0.0,0.0,0.0,0.0,6
0.1400110696644662,0.0,0.045590467269909035,0.0,0.0,6
0.1043301638769247,0.0,0.0,0.0,0.0,6
0.12467385793854158,0.0,0.0,0.0,0.0,6
0.12510190971076376,0.0,0.06954847822524507,0.0,0.0,6
0.15649105023537357,0.20903613980054642,0.0,0.0,0.0,6
0.13154113985906332,0.0,0.0,0.0,0.0,6
0.1004703732620583,0.0,0.0,0.0,0.0,6
0.14331689885007345,0.0,0.22238019927631605,0.0,0.0,6
0.1922830654401398,0.0,0.13445863105750328,0.0,0.0,6
0.10123448158955134,0.0,0.0,0.0,0.0,6
0.10874195717881513,0.0,0.0,0.0,0.0,6
0.048414233263787305,0.0,0.0,0.0,0.0,6
0.035818959329542224,0.0,0.0,0.0,0.0,6
0.05261053681370804,0.0,0.0,0.0,0.0,6
0.04683537779984941,0.0,0.0,0.0,0.0,6
0.04508850425033927,0.0,0.0,0.0,0.0,6
0.04184066914692723,0.0,0.0,0.0,0.0,6
0.04631554916999865,0.0,0.0,0.0,0.0,6
0.0527938892836608,0.0,0.0,0.0,0.0,6
0.09613605513803551,0.0,0.0,0.0,0.0,6
0.07320205541655453,0.0,0.0,0.0,0.0,6
0.1471719821359221,0.0,0.07842986743767677,0.0,0.0,6
0.11423331134272939,0.0,0.0,0.0,0.0,6
0.16062136206331287,0.0,0.1407635967602842,0.0,0.0,6
0.14156414823367428,0.0,0.25931924108697535,0.0,0.0,6
0.10777199505270134,0.0,0.0,0.0,0.0,6
0.14355318342021314,0.0,0.0,0.0,0.0,6
0.09780120821753584,0.0,0.0,0.0,0.0,6
0.09995779583531654,0.0,0.3170149066403431,0.0,0.0,6
0.1005122918665952,0.0,0.10610163031243171,0.0,0.0,6
0.14506062191685376,0.0,0.0,0.0,0.0,6
0.09906568712917065,0.0,0.0,0.0,0.0,6
0.0640439620317867,0.0,0.0,0.0,0.0,6
0.033240470984791194,0.0,0.0,0.0,0.0,6
0.056348115007367965,0.0,0.0,0.0,0.0,6
0.039595894852633345,0.0,0.0,0.0,0.0,6
0.04851026180707469,0.0,0.0,0.0,0.0,6
0.0486287369768468,0.0,0.0,0.0,0.0,6
0.03987992044240835,0.0,0.0,0.0,0.0,6
0.03612317496460458,0.0,0.0,0.0,0.0,6
0.0462902449753777,0.0,0.0,0.0,0.0,6
0.0454131943923473,0.0,0.0,0.0,0.0,6
0.057058851973344676,0.0,0.0,0.0,0.0,6
0.049308112616877765,0.0,0.0,0.0,0.0,6
0.04526930353005546,0.0,0.0,0.0,0.0,6
0.04973991178688051,0.0,0.0,0.0,0.0,6
0.042258714404242816,0.0,0.0,0.0,0.0,6
0.05233307198752114,0.0,0.0,0.0,0.0,6
0.02216925758508845,0.0,0.0,0.0,0.0,6
0.03606672970990005,0.0,0.0,0.0,0.0,6
0.04446681046620194,0.0,0.0,0.0,0.0,6
0.05394032521972686,0.0,0.0,0.0,0.0,6
0.105008565503925,0.0,0.0942370577316831,0.0,0.0,6
0.11485741192723643,0.0,0.015132477032662364,0.0,0.0,6
0.14240621062813844,0.0,0.01970995137188375,0.0,0.0,6
0.10468466545054955,0.04752468450835745,0.0,0.0,0.0,6
0.0557536255197072,0.0,0.0,0.0,0.0,6
0.03157505051551333,0.0,0.0,0.0,0.0,6
0.05059155002813223,0.0,0.0,0.0,0.0,6
0.04031021770258695,0.0,0.0,0.0,0.0,6
0.03952489003081855,0.0,0.0,0.0,0.0,6
0.04024120117217319,0.0,0.0,0.0,0.0,6
0.036972897141188496,0.0,0.0,0.0,0.0,6
0.041808241252591555,0.0,0.0,0.0,0.0,6
0.06539058818267385,0.0,0.0,0.0,0.0,6
0.06608831063597397,0.0,0.0,0.0,0.0,6
0.03357431417925675,0.0,0.0,0.0,0.0,6
0.059885130442437255,0.0,0.0,0.0,0.0,6
0.057543228354569695,0.0,0.0,0.0,0.0,6
0.05528825641333336,0.0,0.0,0.0,0.0,6
0.06640725789304132,0.0,0.0,0.0,0.0,6
0.04402462357833695,0.0,0.0,0.0,0.0,6
0.10211523201527795,0.0,0.0,0.0,0.0,6
0.08372301533008915,0.029910996885093785,0.0,0.0,0.0,6
0.1019304555150156,0.0,0.0,0.0,0.0,6
0.1339845099586489,0.0,0.0,0.0,0.0,6
0.11197763662370652,0.048763159149537244,0.0,0.0,0.0,6
0.15905433329687335,0.0,0.05427886921750755,0.0,0.0,6
0.08139867340282522,0.0,0.09462388637480657,0.0,0.0,6
0.1387644723344266,0.0,0.1130232517036294,0.0,0.0,6
0.10786090586993767,0.0,0.0,0.0,0.0,6
0.04637454373583144,0.0,0.0,0.0,0.0,6
0.05076951504834325,0.0,0.0,0.0,0.0,6
0.04077345353290709,0.0,0.0,0.0,0.0,6
0.03398785795291926,0.0,0.0,0.0,0.0,6
0.03653709605088879,0.0,0.0,0.0,0.0,6
0.047440659272790626,0.0,0.0,0.0,0.0,6
0.04949254869446436,0.0,0.0,0.0,0.0,6
0.043380934377651094,0.0,0.0,0.0,0.0,6
0.042630670705208075,0.0,0.0,0.0,0.0,6
0.042512634246294485,0.0,0.0,0.0,0.0,6
0.042801364638659446,0.0,0.0,0.0,0.0,6
0.011843773123391188,0.0,0.0,0.0,0.0,6
0.041727512749273984,0.0,0.0,0.0,0.0,6
0.035090365992347834,0.0,0.0,0.0,0.0,6
0.045371292660090545,0.0,0.0,0.0,0.0,6
0.03813086208973267,0.0,0.0,0.0,0.0,6
0.057308171381588155,0.0,0.0,0.0,0.0,6
0.09909927582742865,0.0,0.0,0.0,0.0,6
0.10715967992031525,0.0,0.0,0.0,0.0,6
0.10306860135506303,0.0,0.240244533244042,0.0,0.0,6
0.11960794395979882,0.0,0.032792727228154794,0.0,0.0,6
0.1412215837665152,0.0162219942170716,0.0,0.0,0.0,6
0.14641310243607225,0.0,0.0,0.0,0.0,6
0.06012167048347205,0.0,0.0,0.0,0.0,6
0.03352243882344468,0.0,0.0,0.0,0.0,6
0.04782011644278451,0.0,0.0,0.0,0.0,6
0.03331221273720478,0.0,0.0,0.0,0.0,6
0.041414909992159146,0.0,0.0,0.0,0.0,6
0.011630310601478646,0.0,0.0,0.0,0.0,6
0.052560368950986563,0.0,0.0,0.0,0.0,6
0.03479381650264508,0.0,0.0,0.0,0.0,6
0.05527992259229992,0.0,0.0,0.0,0.0,6
0.07008748068551378,0.0,0.0,0.0,0.0,6
0.10960493367370402,0.0,0.0,0.0,0.0,6
0.09264527488979993,0.0,0.05861850948686434,0.0,0.0,6
0.07641994797040444,0.0,0.0,0.0,0.0,6
0.08529876803445163,0.0,0.0,0.0,0.0,6
0.07083721037002524,0.0,0.0,0.0,0.0,6
0.06937088549883842,0.0,0.0,0.0,0.0,6
0.06220727819748802,0.0,0.0,0.0,0.0,6
0.05193302913653972,0.0,0.0,0.0,0.0,6
0.03871909259449323,0.0,0.0,0.0,0.0,6
0.03591717128459967,0.0,0.0,0.0,0.0,6
0.07233324745043859,0.0,0.0,0.0,0.0,6
0.0758519678188716,0.0,0.007193680484462159,0.0,0.0,6
0.058149242426332584,0.0,0.0,0.0,0.0,6
0.07758669959645313,0.0,0.0,0.0,0.0,6
0.05285828885471918,0.0,0.0,0.0,0.0,6
0.0373234869220954,0.0,0.0,0.0,0.0,6
0.02703578684205964,0.0,0.0,0.0,0.0,6
0.036837749036055856,0.0,0.0,0.0,0.0,6
0.04519047455203091,0.0,0.0,0.0,0.0,6
0.05559460184504709,0.0,0.0,0.0,0.0,6
0.03630966186599859,0.0,0.0,0.0,0.0,6
0.04844565385703169,0.0,0.0,0.0,0.0,6
0.04342665766366752,0.0,0.0,0.0,0.0,6
0.048348991635064745,0.0,0.0,0.0,0.0,6
0.039839317587126194,0.0,0.0,0.0,0.0,6
0.1511135148089223,0.0,0.1727821262363127,0.0,0.0,6
0.17108094144574368,0.0,0.26571225834436185,0.0,0.0,6
0.1789747535804457,0.0,0.4290969741211086,0.0,0.0,6
0.17369511284372832,0.5300260773542809,0.0,0.0,0.0,6
0.3235792548405428,0.0,0.029804192369908222,0.0,0.0,6
0.2733310704606296,0.0,0.3207041724725383,0.0,0.0,6
0.18246159680009236,0.0,0.33112817393800786,0.0,0.0,6
0.24241591213505878,0.0,0.34350361801015317,0.0,0.0,6
0.11810153208660736,0.0,0.0,0.0,0.0,6
0.11618117471105407,0.0,0.0,0.0,0.0,6
0.15324321665933496,0.0,0.0034866128640128613,0.0,0.0,6
0.13025831399639887,0.0,0.004963351650191072,0.0,0.0,6
0.14503647772850944,0.0,0.0,0.0,0.0,6
0.16550597904339295,0.0,0.021752686218564576,0.0,0.0,6
0.08107948417418588,0.0,0.0,0.0,0.0,6
0.14187296470950686,0.0,0.05042744334739821,0.0,0.0,6
0.060167068440835976,0.0,0.0,0.0,0.0,6
0.052564548424347886,0.0,0.0,0.0,0.0,6
0.04331693765629354,0.0,0.0,0.0,0.0,6
0.04402970541098756,0.0,0.0,0.0,0.0,6
0.05073190683749698,0.0,0.0,0.0,0.0,6
0.042106867914475,0.0,0.0,0.0,0.0,6
0.053188444813827174,0.0,0.0,0.0,0.0,6
0.0596531997138676,0.0,0.0,0.0,0.0,6
0.07616687461388129,0.22750364713162585,0.0,0.0,0.0,6
0.07514472667125587,0.0,0.058156890547433046,0.0,0.0,6
0.1671102308039012,0.0,0.11028405528617374,0.0,0.0,6
0.14952784203537547,0.0,0.3906808579006269,0.0,0.0,6
0.1400172222104871,0.0,0.0,0.0,0.0,6
0.14001200262068794,0.0,0.0,0.0,0.0,6
0.12205258961601399,0.0,0.0,0.0,0.0,6
0.11226116713765572,0.0,0.0,0.0,0.0,6
0.10124193926678324,0.0,0.0,0.0,0.0,6
0.1519780228278057,0.0,0.2576710401330783,0.0,0.0,6
0.15261467811475096,0.0,0.0,0.0,0.0,6
0.1170223506636115,0.0,0.0,0.0,0.0,6
0.11252978273581299,0.0,0.038860945280058734,0.0,0.0,6
0.0988238216326721,0.0,0.0,0.0,0.0,6
0.07168167956273967,0.0,0.007859750708238411,0.0,0.0,6
0.06050230110427377,0.0,0.0,0.0,0.0,6
0.04083928248391588,0.0,0.0,0.0,0.0,6
0.03940229723988615,0.0,0.0,0.0,0.0,6
0.04929879780703348,0.0,0.0,0.0,0.0,6
0.04191468041875685,0.0,0.0,0.0,0.0,6
0.0319236172919541,0.0,0.0,0.0,0.0,6
0.0627887759716868,0.0,0.0,0.0,0.0,6
0.054038841374682796,0.0,0.0,0.0,0.0,6
0.05407794500888493,0.0,0.0,0.0,0.0,6
0.04156626336772786,0.0,0.0,0.0,0.0,6
0.04053568506940002,0.0,0.0,0.0,0.0,6
0.038268773669073705,0.0,0.0,0.0,0.0,6
0.05317898571709512,0.0,0.0,0.0,0.0,6
0.05057025906759708,0.0,0.0,0.0,0.0,6
0.048466392234819966,0.0,0.0,0.0,0.0,6
0.05167696524366676,0.0,0.0,0.0,0.0,6
0.07459305968132433,0.0,0.0,0.0,0.0,6
0.16444708542358186,0.0,0.1164646538704042,0.0,0.0,6
0.1360496831410834,0.0,0.44524730871803014,0.0,0.0,6
0.17115994297248455,0.0,0.0,0.0,0.0,6
0.14593489884798455,0.0,0.0,0.0,0.0,6
0.13915988930771298,0.0,0.0,0.0,0.0,6
0.0749709519426444,0.0,0.0,0.0,0.0,6
0.05679676725082991,0.0,0.0,0.0,0.0,6
0.05144119956513825,0.0,0.0,0.0,0.0,6
0.034011884242643016,0.0,0.0,0.0,0.0,6
0.043260095689357465,0.0,0.0,0.0,0.0,6
0.05074388539680163,0.0,0.0,0.0,0.0,6
0.04071551479291515,0.0,0.0,0.0,0.0,6
0.032699948167876886,0.0,0.0,0.0,0.0,6
0.11176610937213936,0.0,0.047133802476999734,0.0,0.0,6
0.06871997408823398,0.0,0.0,0.0,0.0,6
0.135942283982528,0.0,0.08827902782303215,0.0,0.0,6
0.05686649646737314,0.0,0.0,0.0,0.0,6
0.01699699706921151,0.0,0.0,0.0,0.0,6
0.06501243146374215,0.0,0.0,0.0,0.0,6
0.1042992275026923,0.0,0.006608927993731098,0.0,0.0,6
0.10146842537969658,0.0,0.04275858556821868,0.0,0.0,6
0.10772196605268082,0.0,0.04486858818049132,0.0,0.0,6
0.16780721333145715,0.0,0.04957356129021945,0.0,0.0,6
0.18259823786147658,0.0,0.01877409888580578,0.0,0.0,6
0.1367165272138341,0.0,0.04928182058374894,0.0,0.0,6
0.08908050089865566,0.21325486580996922,0.0,0.0,0.0,6
0.14614603378663227,0.0,0.006319880292612712,0.0,0.0,6
0.17133031828374767,0.0,0.0,0.0,0.0,6
0.11971771055339538,0.0,0.0,0.0,0.0,6
0.09978051064450005,0.0,0.0,0.0,0.0,6
0.05751425047345504,0.0,0.0,0.0,0.0,6
0.04684826384558869,0.0,0.0,0.0,0.0,6
0.04288481579259593,0.0,0.0,0.0,0.0,6
0.04169051977100074,0.0,0.0,0.0,0.0,6
0.05097414689117507,0.0,0.0,0.0,0.0,6
0.034575491251037475,0.0,0.0,0.0,0.0,6
0.04018415179262356,0.0,0.0,0.0,0.0,6
0.03845635144812707,0.0,0.0,0.0,0.0,6
0.04718578330615402,0.0,0.0,0.0,0.0,6
0.07196221744719862,0.0,0.0,0.0,0.0,6
0.09558002182194845,0.0,0.0,0.0,0.0,6
0.11496896711359278,0.0,0.0,0.0,0.0,6
0.09493801374755144,0.0,0.0,0.0,0.0,6
0.038352956156489634,0.0,0.0,0.0,0.0,6
0.05015076564642062,0.0,0.0,0.0,0.0,6
0.07617183826470986,0.0,0.0,0.0,0.0,6
0.0998331208080979,0.0,0.0,0.0,0.0,6
0.09380074939080131,0.0,0.0,0.0,0.0,6
0.09550730896288383,0.0,0.28129897969597145,0.0,0.0,6
0.0894141581079267,0.0,0.05858081038609701,0.0,0.0,6
0.057658602589925764,0.15912838989570643,0.0,0.0,0.0,6
0.15333008970347708,0.0,0.0,0.0,0.0,6
0.22621888005971194,0.0,0.05108578684094653,0.0,0.0,6
0.05455611741452771,0.0,0.0,0.0,0.0,6
0.03298632145592622,0.0,0.0,0.0,0.0,6
0.043235080628462805,0.0,0.0,0.0,0.0,6
0.04276079319450556,0.0,0.0,0.0,0.0,6
0.039671257830481095,0.0,0.0,0.0,0.0,6
0.03986579511083506,0.0,0.0,0.0,0.0,6
0.04531134897603803,0.0,0.0,0.0,0.0,6
0.03602257741003156,0.0,0.0,0.0,0.0,6
0.05788197973946,0.0,0.0,0.0,0.0,6
0.06327571022457025,0.0,0.0,0.0,0.0,6
0.10637170560353633,0.0,0.024290054714091666,0.0,0.0,6
0.12339176893376072,0.0,0.10629782754092487,0.0,0.0,6
0.10886135956642587,0.0,0.3122485857713523,0.0,0.0,6
0.12765286167413534,0.0,0.361976903889631,0.0,0.0,6
0.13764330133226327,0.0,0.2627818833238954,0.0,0.0,6
0.23251806815637285,0.0,0.07583027421175206,0.0,0.0,6
0.06919457927181315,0.0,0.0,0.0,0.0,6
0.0728747477562951,0.0,0.0,0.0,0.0,6
0.057150177048730565,0.0,0.0,0.0,0.0,6
0.10121332751929416,0.0,0.5884123362239956,0.0,0.0,6
0.2813229054995768,0.45886700078434056,0.0,0.0,0.0,6
0.22776831722884736,0.0,0.08541243685613112,0.0,0.0,6
0.27414826523120966,0.0,0.07989993466249268,0.0,0.0,6
0.11401900411942087,0.0,0.0,0.0,0.0,6
0.0782644689915976,0.0,0.0,0.0,0.0,6
0.07638537856590516,0.0,0.0,0.0,0.0,6
0.06007071423030047,0.0,0.0,0.0,0.0,6
0.05223426644868635,0.0,0.0,0.0,0.0,6
0.04897101192459189,0.0,0.0,0.0,0.0,6
0.041581224263694795,0.0,0.0,0.0,0.0,6
0.05027290345201419,0.0,0.0,0.0,0.0,6
0.05882298432135506,0.0,0.0,0.0,0.0,6
0.0609490621113427,0.0,0.0,0.0,0.0,6
0.05588703822236481,0.0,0.0,0.0,0.0,6
0.10170983678157236,0.0,0.0,0.0,0.0,6
0.13416552051666855,0.0,0.05943076047230464,0.0,0.0,6
0.1535529138430592,0.0,0.21833668245410937,0.0,0.0,6
0.19009048544945964,0.16161383880545602,0.0,0.0,0.0,6
0.24493832066353127,0.0,0.21210381360681502,0.0,0.0,6
0.2126072171995962,0.0,0.04630297216827206,0.0,0.0,6
0.2115693526203901,0.0,0.2494080699737455,0.0,0.0,6
0.12845864621851158,0.0,0.0,0.0,0.0,6
0.0940299915931941,0.0,0.0,0.0,0.0,6
0.11656964459532229,0.0,0.07642751124540528,0.0,0.0,6
0.16914800496708732,0.0,0.08426003940927379,0.0,0.0,6
0.15438466674732815,0.0,0.5111106766052576,0.0,0.0,6
0.15651689081845369,0.0,0.07990934973326108,0.0,0.0,7
0.12300827405493794,0.0,0.11499276836336891,0.0,0.0,7
0.18731839802301445,0.030025094239606587,0.0,0.0,0.0,7
0.09063102188429831,0.0,0.0,0.0,0.0,7
0.07517828675717007,0.0,0.0,0.0,0.0,7
0.08897516693100796,0.0,0.0,0.0,0.0,7
0.12022857677919158,0.0,0.007295006316714786,0.0,0.0,7
0.11610898431774885,0.0,0.0,0.0,0.0,7
0.08738311828284098,0.0,0.0,0.0,0.0,7
0.12097427498482692,0.0,0.31754485678617217,0.0,0.0,7
0.15456109130774628,0.0,0.0,0.0,0.0,7
0.11118653604460586,0.0,0.0,0.0,0.0,7
0.045862912771838966,0.0,0.0,0.0,0.0,7
0.048748884151761235,0.0,0.0,0.0,0.0,7
0.04471771222667905,0.0,0.0,0.0,0.0,7
0.04584046983321275,0.0,0.0,0.0,0.0,7
0.042358792240800754,0.0,0.0,0.0,0.0,7
0.04535581095660056,0.0,0.0,0.0,0.0,7
0.049118323311322785,0.0,0.0,0.0,0.0,7
0.04211791029160052,0.0,0.0,0.0,0.0,7
0.05535786480759132,0.0,0.0,0.0,0.0,7
0.031206594440154455,0.0,0.0,0.0,0.0,7
0.05813473044269391,0.0,0.0,0.0,0.0,7
0.14223726555845212,0.0,0.1310343544748233,0.0,0.0,7
0.11384993487448741,0.0,0.07527368989312061,0.0,0.0,7
0.15406655608037603,0.0,0.03586786070943587,0.0,0.0,7
0.030907187542245706,0.0,0.0,0.0,0.0,7
0.05599566580013319,0.0,0.0,0.0,0.0,7
0.051366105471987444,0.0,0.0,0.0,0.0,7
0.044624033354141904,0.0,0.0,0.0,0.0,7
0.03516944284224389,0.0,0.0,0.0,0.0,7
0.038146451746229056,0.0,0.0,0.0,0.0,7
0.047316874813403756,0.0,0.0,0.0,0.0,7
0.035553010978396804,0.0,0.0,0.0,0.0,7
0.047362903796671234,0.0,0.0,0.0,0.0,7
0.09290260917911955,0.0,0.0,0.0,0.0,7
0.06804963642494022,0.0,0.0,0.0,0.0,7
0.05158262021824708,0.0,0.0,0.0,0.0,7
0.04178600648675757,0.0,0.0,0.0,0.0,7
0.04797693914020595,0.0,0.0,0.0,0.0,7
0.05162255915544516,0.0,0.0,0.0,0.0,7
0.04100147353535466,0.0,0.0,0.0,0.0,7
0.04029018270390353,0.0,0.0,0.0,0.0,7
0.047402467091609085,0.0,0.0,0.0,0.0,7
0.06478738569223996,0.0,0.0,0.0,0.0,7
0.04601993743711736,0.0,0.0,0.0,0.0,7
0.04987824049643948,0.0,0.0,0.0,0.0,7
0.04870788484181022,0.0,0.0,0.0,0.0,7
0.07048850912072627,0.0,0.0,0.0,0.0,7
0.04599271521332182,0.0,0.0,0.0,0.0,7
0.07214200559662537,0.0,0.0,0.0,0.0,7
0.16677659635135733,0.0,0.010002545535430424,0.0,0.0,7
0.11910535580901765,0.0,0.13898110656871665,0.0,0.0,7
0.13271606560735105,0.0,0.0,0.0,0.0,7
0.07323341640992093,0.0,0.0,0.0,0.0,7
0.08562387808636863,0.0,0.0,0.0,0.0,7
0.09849909480217542,0.0,0.2744558761953062,0.0,0.0,7
0.17105007546631845,0.0,0.011149540104339967,0.0,0.0,7
0.12448391647990426,0.0,0.0,0.0,0.0,7
0.11985196587984429,0.0,0.0,0.0,0.0,7
0.07117458317590025,0.0,0.0,0.0,0.0,7
0.07329805879750627,0.0,0.0,0.0,0.0,7
0.046823359033024405,0.0,0.0,0.0,0.0,7
0.04563327263569785,0.0,0.0,0.0,0.0,7
0.04469978104878223,0.0,0.0,0.0,0.0,7
0.04291479127016111,0.0,0.0,0.0,0.0,7
0.05497003947098112,0.0,0.0,0.0,0.0,7
0.03547305038883983,0.0,0.0,0.0,0.0,7
0.07721257941284523,0.0,0.0,0.0,0.0,7
0.06542233851734477,0.0,0.0,0.0,0.0,7
0.05718582051184662,0.0,0.0,0.0,0.0,7
0.03811988324893161,0.0,0.0,0.0,0.0,7
0.04917405219944227,0.0,0.0,0.0,0.0,7
0.04266976997116518,0.0,0.0,0.0,0.0,7
0.047243249929868524,0.0,0.0,0.0,0.0,7
0.05115995920687128,0.0,0.0,0.0,0.0,7
0.03616365319680003,0.0,0.0,0.0,0.0,7
0.04393177294115793,0.0,0.0,0.0,0.0,7
0.04218544382336517,0.0,0.0,0.0,0.0,7
0.05861993124629145,0.0,0.0,0.0,0.0,7
0.1309087699396401,0.0,0.04128077082674064,0.0,0.0,7
0.136101899557202,0.0,0.003914659543371057,0.0,0.0,7
0.12134994278422878,0.0,0.0,0.0,0.0,7
0.13162744250360287,0.0,0.0,0.0,0.0,7
0.0754955426992364,0.0,0.0,0.0,0.0,7
0.04950305503620556,0.0,0.0,0.0,0.0,7
0.043434270191415394,0.0,0.0,0.0,0.0,7
0.03442143081400987,0.0,0.0,0.0,0.0,7
0.05017810716341046,0.0,0.0,0.0,0.0,7
0.04524889860938294,0.0,0.0,0.0,0.0,7
0.048273091608862014,0.0,0.0,0.0,0.0,7
0.03749617031122014,0.0,0.0,0.0,0.0,7
0.06275399575118061,0.0,0.0,0.0,0.0,7
0.08248372604867511,0.0616104404449664,0.0,0.0,0.0,7
0.07692158962959848,0.0,0.0006946890444604892,0.0,0.0,7
0.14846146163060997,0.0816201499432487,0.0,0.0,0.0,7
0.06945165580034783,0.0,0.0,0.0,0.0,7
0.06105224436216455,0.0,0.0,0.0,0.0,7
0.046533168421937374,0.0,0.0,0.0,0.0,7
0.049852727448438716,0.0,0.0,0.0,0.0,7
0.06445009163475235,0.0,0.0,0.0,0.0,7
0.0925709687009173,0.0,0.0,0.0,0.0,7
0.08466609918203089,0.0,0.0,0.0,0.0,7
0.0876440013562701,0.0,0.0,0.0,0.0,7
0.11159355064640783,0.0,0.004217028871365297,0.0,0.0,7
0.12388340652943926,0.0,0.0,0.0,0.0,7
0.12680911509042542,0.0,0.0,0.0,0.0,7
0.0948421144317935,0.0,0.0,0.0,0.0,7
0.05889170711779252,0.0,0.0,0.0,0.0,7
0.044546437952335635,0.0,0.0,0.0,0.0,7
0.05110628738194789,0.0,0.0,0.0,0.0,7
0.04701139980130101,0.0,0.0,0.0,0.0,7
0.05689895817914191,0.0,0.0,0.0,0.0,7
0.05870550676796836,0.0,0.0,0.0,0.0,7
0.04062103170836137,0.0,0.0,0.0,0.0,7
0.056379896602815206,0.0,0.0,0.0,0.0,7
0.04862520382179268,0.0,0.0,0.0,0.0,7
0.029581457240930677,0.0,0.0,0.0,0.0,7
0.05006089562330879,0.0,0.0,0.0,0.0,7
0.040395758707326555,0.0,0.0,0.0,0.0,7
0.03379928611714496,0.0,0.0,0.0,0.0,7
0.04323033664490502,0.0,0.0,0.0,0.0,7
0.041658242829077215,0.0,0.0,0.0,0.0,7
0.05588136937170342,0.0,0.0,0.0,0.0,7
0.05510827234145105,0.0,0.0,0.0,0.0,7
0.05415341747705755,0.0,0.0,0.0,0.0,7
0.07052496561510611,0.0,0.0,0.0,0.0,7
0.13285441952058571,0.0,0.00923699711547496,0.0,0.0,7
0.14904066836231203,0.163555022181714,0.0,0.0,0.0,7
0.14575591563335985,0.0,0.014260480322533547,0.0,0.0,7
0.14370573662966393,0.0,0.014322040959268117,0.0,0.0,7
0.11794161697713221,0.0,0.0,0.0,0.0,7
0.08298559796533134,0.0,0.0,0.0,0.0,7
0.061005758124016485,0.0,0.0,0.0,0.0,7
0.04470852500922644,0.0,0.0,0.0,0.0,7
0.044774781932233686,0.0,0.0,0.0,0.0,7
0.040940064155268734,0.0,0.0,0.0,0.0,7
0.05208460231990689,0.0,0.0,0.0,0.0,7
0.0574328643884429,0.0,0.0,0.0,0.0,7
0.03435276906319323,0.0,0.0,0.0,0.0,7
0.05736033753012171,0.0,0.0,0.0,0.0,7
0.12966414676927768,0.07643276240493826,0.0,0.0,0.0,7
0.1107751365054688,0.0,0.20446370208981787,0.0,0.0,7
0.1410772995565022,0.0,0.4104464628239999,0.0,0.0,7
0.11098280961154493,0.0,0.0,0.0,0.0,7
0.08204519740598258,0.0,0.0,0.0,0.0,7
0.10841148847938953,0.0,0.4358182150537251,0.0,0.0,7
0.17981046932097924,0.2068490667288608,0.0,0.0,0.0,7
0.20011571821537275,0.20372480107185711,0.0,0.0,0.0,7
0.22755553672937878,0.0,0.25962978281716,0.0,0.0,7
0.2512640719293736,0.0,0.0,0.0,0.0,7
0.25054965624920117,0.0,0.30285014153075057,0.0,0.0,7
0.16162611583735817,0.0,0.1164809294767046,0.0,0.0,7
0.2556493245822689,0.0,0.2768920934061832,0.0,0.0,7
0.24880785104070605,0.0,0.06909684438967648,0.0,0.0,7
0.15957896558720658,0.0,0.0,0.0,0.0,7
0.05786423441847332,0.0,0.0,0.0,0.0,7
0.045583766785432946,0.0,0.0,0.0,0.0,7
0.052965146572070014,0.0,0.0,0.0,0.0,7
0.051780087516492386,0.0,0.0,0.0,0.0,7
0.06069534740987456,0.0,0.0,0.0,0.0,7
0.04968254399810268,0.0,0.0,0.0,0.0,7
0.05605927811750339,0.0,0.0,0.0,0.0,7
0.05602517341491914,0.0,0.0,0.0,0.0,7
0.04803862903170743,0.0,0.0,0.0,0.0,7
0.07495459221425438,0.0,0.0,0.0,0.0,7
0.10753837148679149,0.0,0.036951340694837076,0.0,0.0,7
0.16232500671484976,0.013654370644220565,0.0,0.0,0.0,7
0.13593443853582005,0.0,0.01268359579186426,0.0,0.0,7
0.14645063666008817,0.0559248625782966,0.0,0.0,0.0,7
0.08701810898336483,0.0,0.03887895552444244,0.0,0.0,7
0.1418473875954651,0.0,0.0,0.0,0.0,7
0.13822835165071848,0.0,0.0,0.0,0.0,7
0.12513061216678972,0.0,0.0026574940434380967,0.0,0.0,7
0.14735728944381915,0.0,0.010665246676904022,0.0,0.0,7
0.11851891687733061,0.0,0.0,0.0,0.0,7
0.11360928970769538,0.0,0.23717913664500337,0.0,0.0,7
0.1800828157729113,0.0,0.07925248360308162,0.0,0.0,7
0.10841616553599069,0.0,0.0,0.0,0.0,7
0.11627015052323422,0.0,0.0,0.0,0.0,7
0.08650194715794796,0.0,0.0,0.0,0.0,7
0.060482555993796955,0.0,0.0,0.0,0.0,7
0.04097465344123682,0.0,0.0,0.0,0.0,7
0.04268471897030588,0.0,0.0,0.0,0.0,7
0.046267013087149395,0.0,0.0,0.0,0.0,7
0.04018376576120923,0.0,0.0,0.0,0.0,7
0.023220261210191342,0.0,0.0,0.0,0.0,7
0.040240006089691846,0.0,0.0,0.0,0.0,7
0.04568370181651207,0.0,0.0,0.0,0.0,7
0.04259409904849098,0.0,0.0,0.0,0.0,7
0.08013869465031001,0.0,0.022782532048438345,0.0,0.0,7
0.13122882204410075,0.0,0.03222159398376409,0.0,0.0,7
0.1316692515145086,0.0,0.0,0.0,0.0,7
0.1353185794944702,0.0,0.0,0.0,0.0,7
0.1004806348432899,0.0,0.03918239374887847,0.0,0.0,7
0.10028753076696975,0.0,0.0,0.0,0.0,7
0.11631286710659798,0.0,0.07351258579537377,0.0,0.0,7
0.09866105169126882,0.0,0.0,0.0,0.0,7
0.14414605795257374,0.0,0.0,0.0,0.0,7
0.10163484937938948,0.0,0.09973064558985771,0.0,0.0,7
0.11908838079630053,0.2186848911158213,0.0,0.0,0.0,7
0.1040549745881361,0.0,0.0,0.0,0.0,7
0.13319587539680708,0.0,0.0,0.0,0.0,7
0.2079178998822761,0.0,0.15534235148453923,0.0,0.0,7
0.13995137991596596,0.0,0.13789575789647868,0.0,0.0,7
0.1039570295922189,0.0,0.0,0.0,0.0,7
0.10098871177112205,0.0,0.0,0.0,0.0,7
0.06111467163880593,0.0,0.0,0.0,0.0,7
0.04318858113728181,0.0,0.0,0.0,0.0,7
0.04962822695620549,0.0,0.0,0.0,0.0,7
0.04410360984897494,0.0,0.0,0.0,0.0,7
0.047523659446878135,0.0,0.0,0.0,0.0,7
0.04193919534190895,0.0,0.0,0.0,0.0,7
0.04782091894432611,0.0,0.0,0.0,0.0,7
0.057795487342901124,0.0,0.0,0.0,0.0,7
0.09499859070514664,0.0,0.0,0.0,0.0,7
0.0708025016797373,0.0,0.0,0.0,0.0,7
0.08832626068884704,0.0,0.13416576515017842,0.0,0.0,7
0.10620868622817498,0.0,0.0,0.0,0.0,7
0.1568374556379236,0.0,0.0958808086746937,0.0,0.0,7
0.14410985287101064,0.0,0.30454345818681733,0.0,0.0,7
0.11917368907920249,0.0,0.0,0.0,0.0,7
0.12549999869364664,0.0,0.0,0.0,0.0,7
0.10448751387777172,0.0,0.0,0.0,0.0,7
0.15431766474449277,0.0,0.20156127104932026,0.0,0.0,7
0.16282183148670723,0.0,0.049872688564808865,0.0,0.0,7
0.13622326537845517,0.0,0.017767420274755807,0.0,0.0,7
0.10258399847405489,0.0,0.0,0.0,0.0,7
0.06132953693254413,0.0,0.0,0.0,0.0,7
0.030656965262990308,0.0,0.0,0.0,0.0,7
0.053803984642810276,0.0,0.0,0.0,0.0,7
0.033150166076642826,0.0,0.0,0.0,0.0,7
0.049607573904025905,0.0,0.0,0.0,0.0,7
0.03855004392361331,0.0,0.0,0.0,0.0,7
0.04128527059077781,0.0,0.0,0.0,0.0,7
0.044321806903173507,0.0,0.0,0.0,0.0,7
0.0510573730281526,0.0,0.0,0.0,0.0,7
0.05294169630221396,0.0,0.0,0.0,0.0,7
0.05731744299705277,0.0,0.0,0.0,0.0,7
0.04202426026335426,0.0,0.0,0.0,0.0,7
0.03898361513143767,0.0,0.0,0.0,0.0,7
0.04336308868682957,0.0,0.0,0.0,0.0,7
0.03523833985743784,0.0,0.0,0.0,0.0,7
0.0371217533740931,0.0,0.0,0.0,0.0,7
0.023407581366306347,0.0,0.0,0.0,0.0,7
0.039837154320576794,0.0,0.0,0.0,0.0,7
0.03438644877586356,0.0,0.0,0.0,0.0,7
0.07247208432512629,0.0,0.0,0.0,0.0,7
0.07626664605442764,0.0,0.12563432952997738,0.0,0.0,7
0.13240259781268082,0.0,0.005368059029110195,0.0,0.0,7
0.16017692976299483,0.0,0.004082502150531714,0.0,0.0,7
0.1429136782249185,0.01683257607447944,0.0,0.0,0.0,7
0.06188132265663482,0.0,0.0,0.0,0.0,7
0.023216441620035513,0.0,0.0,0.0,0.0,7
0.04075040561329589,0.0,0.0,0.0,0.0,7
0.039724159264068463,0.0,0.0,0.0,0.0,7
0.044675558413283925,0.0,0.0,0.0,0.0,7
0.03774862395759211,0.0,0.0,0.0,0.0,7
0.04001424793497666,0.0,0.0,0.0,0.0,7
0.035715031258722135,0.0,0.0,0.0,0.0,7
0.06470162090985021,0.0,0.0,0.0,0.0,7
0.07169970654040475,0.0,0.0,0.0,0.0,7
0.0463081984145243,0.0,0.0,0.0,0.0,7
0.06360243022620604,0.0,0.0,0.0,0.0,7
0.06612005024583663,0.0,0.0,0.0,0.0,7
0.05617445184510164,0.0,0.0,0.0,0.0,7
0.06932225188447093,0.0,0.0,0.0,0.0,7
0.06264166460097942,0.0,0.0,0.0,0.0,7
0.08831647228275653,0.0,0.0,0.0,0.0,7
0.08710109346430107,0.0,0.0,0.0,0.0,7
0.08418775647701979,0.0,0.019187194285071263,0.0,0.0,7
0.1421336745216828,0.0,0.0,0.0,0.0,7
0.10162063899250394,0.06111470387828151,0.0,0.0,0.0,7
0.15848613420906962,0.0,0.11759968284561687,0.0,0.0,7
0.14418913109885842,0.0,0.012774820232275025,0.0,0.0,7
0.15262538648964855,0.0,0.2370148090582153,0.0,0.0,7
0.09007916066905601,0.0,0.0,0.0,0.0,7
0.04524210521667138,0.0,0.0,0.0,0.0,7
0.0389166799373159,0.0,0.0,0.0,0.0,7
0.041262059190280746,0.0,0.0,0.0,0.0,7
0.037962923698576026,0.0,0.0,0.0,0.0,7
0.03949355034609196,0.0,0.0,0.0,0.0,7
0.04150545784738605,0.0,0.0,0.0,0.0,7
0.050638738501927065,0.0,0.0,0.0,0.0,7
0.04110831274107638,0.0,0.0,0.0,0.0,7
0.05142947212191013,0.0,0.0,0.0,0.0,7
0.03668328221040962,0.0,0.0,0.0,0.0,7
0.04523840716172343,0.0,0.0,0.0,0.0,7
0.015789219719974087,0.0,0.0,0.0,0.0,7
0.04666885329709493,0.0,0.0,0.0,0.0,7
0.03509586030455952,0.0,0.0,0.0,0.0,7
0.04647162520032394,0.0,0.0,0.0,0.0,7
0.047110339913284956,0.0,0.0,0.0,0.0,7
0.0458813961923495,0.0,0.02439622031286559,0.0,0.0,7
0.06460322031181873,0.0,0.0,0.0,0.0,7
0.10699531606522386,0.0,0.0,0.0,0.0,7
0.10355653349457988,0.0,0.23571613313380563,0.0,0.0,7
0.11648574886928856,0.0,0.03867862599253358,0.0,0.0,7
0.11513682878796566,0.0,0.0,0.0,0.0,7
0.12960721937182804,0.021422642564345645,0.0,0.0,0.0,7
0.06974148326228202,0.0,0.0,0.0,0.0,7
0.03306605881268553,0.0,0.0,0.0,0.0,7
0.05465738629384038,0.0,0.0,0.0,0.0,7
0.04000462782711947,0.0,0.0,0.0,0.0,7
0.03646829491102353,0.0,0.0,0.0,0.0,7
0.015983261623854675,0.0,0.0,0.0,0.0,7
0.04373208327456787,0.0,0.0,0.0,0.0,7
0.037996283053636726,0.0,0.0,0.0,0.0,7
0.05418577514007791,0.0,0.0,0.0,0.0,7
0.0802616864104515,0.0,0.0,0.0,0.0,7
0.08297826348200449,0.0,0.0,0.0,0.0,7
0.13300490008744115,0.0,0.0,0.0,0.0,7
0.0730721213775669,0.0,0.0,0.0,0.0,7
0.09614298857562659,0.0,0.0,0.0,0.0,7
0.0836696183584483,0.0,0.0,0.0,0.0,7
0.09172126905619002,0.0,0.0,0.0,0.0,7
0.06555688217230883,0.0,0.0,0.0,0.0,7
0.05562371617816465,0.0,0.0,0.0,0.0,7
0.02879150337679972,0.0,0.0,0.0,0.0,7
0.040082854814856746,0.0,0.0,0.0,0.0,7
0.0774943161510368,0.0,0.0,0.0,0.0,7
0.08053313049533713,0.0,0.0,0.0,0.0,7
0.06058171657166412,0.0,0.0,0.0,0.0,7
0.0628427565022833,0.0,0.0,0.0,0.0,7
0.06027860785185177,0.0,0.0,0.0,0.0,7
0.04209867267541919,0.0,0.0,0.0,0.0,7
0.03083521993429861,0.0,0.0,0.0,0.0,7
0.0331445243081912,0.0,0.0,0.0,0.0,7
0.035130912792373084,0.0,0.0,0.0,0.0,7
0.04101605496504931,0.0,0.0,0.0,0.0,7
0.03520541433071002,0.0,0.0,0.0,0.0,7
0.049205355462921145,0.0,0.0,0.0,0.0,7
0.037999893226523064,0.0,0.0,0.0,0.0,7
0.052045497147207916,0.0,0.0,0.0,0.0,7
0.05074835496587389,0.0,0.0,0.0,0.0,7
0.16764676270713247,0.0,0.185852939973157,0.0,0.0,7
0.1257329669233434,0.0,0.3220128815653528,0.0,0.0,7
0.263027028443985,0.0,0.3544833881174551,0.0,0.0,7
0.26309149362816836,0.4989491506685548,0.0,0.0,0.0,7
0.3180650371985579,0.0,0.0,0.0,0.0,7
0.23357911525307856,0.0,0.3086753591962767,0.0,0.0,7
0.3010534973957293,0.0,0.17128291694456194,0.0,0.0,7
0.3267672643927069,0.0,0.1725835722834601,0.0,0.0,7
0.12564524028048657,0.0,0.0,0.0,0.0,7
0.11530511251668303,0.0,0.0,0.0,0.0,7
0.10288412595011873,0.0,0.07303394839484365,0.0,0.0,7
0.12156018260569791,0.0,0.0,0.0,0.0,7
0.11505713213069999,0.0,0.0,0.0,0.0,7
0.135348938722029,0.0,0.07397031300452256,0.0,0.0,7
0.09370473657687124,0.0,0.0,0.0,0.0,7
0.1816008102332281,0.0,0.05178118397732595,0.0,0.0,7
0.048171162070181676,0.0,0.0,0.0,0.0,7
0.051053992242207066,0.0,0.0,0.0,0.0,7
0.038286193788487737,0.0,0.0,0.0,0.0,7
0.04432715950209459,0.0,0.0,0.0,0.0,7
0.04242658847963273,0.0,0.0,0.0,0.0,7
0.030955413779466406,0.0,0.0,0.0,0.0,7
0.04994215421130764,0.0,0.0,0.0,0.0,7
0.0647053593994062,0.0,0.0,0.0,0.0,7
0.1185338911295792,0.16822932848660443,0.0,0.0,0.0,7
0.1430342429783066,0.0,0.009422757618717997,0.0,0.0,7
0.12298080828935759,0.0,0.1823354034448495,0.0,0.0,7
0.13596173806642342,0.0,0.42911174905895344,0.0,0.0,7
0.1785175845423264,0.0,0.0,0.0,0.0,7
0.12575842510301924,0.0,0.0,0.0,0.0,7
0.13617695886833076,0.0,0.0,0.0,0.0,7
0.13835447855869012,0.0,0.0,0.0,0.0,7
0.1049175665656798,0.0,0.0,0.0,0.0,7
0.14342779334344782,0.0,0.2663549730188287,0.0,0.0,7
0.1564757200902321,0.0,0.003196308186909219,0.0,0.0,7
0.11524877703942896,0.0,0.0,0.0,0.0,7
0.12779551271070386,0.0,0.01787291602776417,0.0,0.0,7
0.1056070234418542,0.0,0.0,0.0,0.0,7
0.08184728601562276,0.0,0.0,0.0,0.0,7
0.0538032239243852,0.0,0.0,0.0,0.0,7
0.04763527066475754,0.0,0.0,0.0,0.0,7
0.04066441726910817,0.0,0.0,0.0,0.0,7
0.0547458381079853,0.0,0.0,0.0,0.0,7
0.039377355913216304,0.0,0.0,0.0,0.0,7
0.029853757243046293,0.0,0.0,0.0,0.0,7
0.06999383595229948,0.0,0.0,0.0,0.0,7
0.05525387816322122,0.0,0.0,0.0,0.0,7
0.04399858135519902,0.0,0.0,0.0,0.0,7
0.04334074444691279,0.0,0.0,0.0,0.0,7
0.039547469056243546,0.0,0.0,0.0,0.0,7
0.044435550023344275,0.0,0.0,0.0,0.0,7
0.0485703347701794,0.0,0.0,0.0,0.0,7
0.044431809627260954,0.0,0.0,0.0,0.0,7
0.04972172426989922,0.0,0.0,0.0,0.0,7
0.04962314490859329,0.0,0.0,0.0,0.0,7
0.07326582172473547,0.0,0.0,0.0,0.0,7
0.09240291679542023,0.0,0.11253820135816747,0.0,0.0,7
0.15619276152034875,0.0,0.4424156677493931,0.0,0.0,7
0.15584604418267223,0.0,0.0,0.0,0.0,7
0.12870173709588534,0.0,0.0,0.0,0.0,7
0.14899860070464296,0.0,0.0,0.0,0.0,7
0.0672802947190613,0.0,0.0,0.0,0.0,7
0.05592797688235189,0.0,0.0,0.0,0.0,7
0.045887465546470975,0.0,0.0,0.0,0.0,7
0.04023549137460329,0.0,0.0,0.0,0.0,7
0.04250765930096845,0.0,0.0,0.0,0.0,7
0.046593043551739675,0.0,0.0,0.0,0.0,7
0.04058772144301922,0.0,0.0,0.0,0.0,7
0.04083870999319346,0.0,0.0,0.0,0.0,7
0.12015306527876037,0.0,0.0,0.0,0.0,7
0.0700780697553005,0.0,0.0,0.0,0.0,7
0.13952295538592244,0.0,0.09056468832910733,0.0,0.0,7
0.05000008773263663,0.0,0.0,0.0,0.0,7
0.01588691015050573,0.0,0.0,0.0,0.0,7
0.06549095175661546,0.0,0.0,0.0,0.0,7
0.13767011174286325,0.0,0.0,0.0,0.0,7
0.12965430832896835,0.0,0.014093480921821055,0.0,0.0,7
0.12780913159641816,0.0,0.02726600122953432,0.0,0.0,7
0.18319572229128672,0.0,0.0066297824273884864,0.0,0.0,7
0.14040546914124385,0.0,0.034427140018239544,0.0,0.0,7
0.2005025249966309,0.0,0.0,0.0,0.0,7
0.13961558640119862,0.14565700055205574,0.0,0.0,0.0,7
0.13476005691174214,0.0,0.029293917174332218,0.0,0.0,7
0.15934713222661245,0.0,0.026136812704091433,0.0,0.0,7
0.12865622490285752,0.0,0.0,0.0,0.0,7
0.067230785848392,0.0,0.0,0.0,0.0,7
0.04899753918065674,0.0,0.0,0.0,0.0,7
0.05479374566408775,0.0,0.0,0.0,0.0,7
0.04187554549813611,0.0,0.0,0.0,0.0,7
0.04957144441542217,0.0,0.0,0.0,0.0,7
0.051861412684582116,0.0,0.0,0.0,0.0,7
0.03551539977873317,0.0,0.0,0.0,0.0,7
0.0412787908799315,0.0,0.0,0.0,0.0,7
0.048236505535138675,0.0,0.0,0.0,0.0,7
0.04011142878947982,0.0,0.0,0.0,0.0,7
0.07146993579584857,0.0,0.0,0.0,0.0,7
0.09883062329319074,0.0,0.0,0.0,0.0,7
0.09755208953908716,0.0,0.0,0.0,0.0,7
0.09314377465792596,0.0,0.0,0.0,0.0,7
0.045729832104654144,0.0,0.0,0.0,0.0,7
0.05340956264344993,0.0,0.0,0.0,0.0,7
0.07882492224926572,0.0,0.0,0.0,0.0,7
0.08523370455604386,0.0,0.0,0.0,0.0,7
0.08984078148074624,0.0,0.0,0.0,0.0,7
0.10316801862385927,0.0,0.19456685100487509,0.0,0.0,7
0.1548355153796263,0.0,0.00032867803169045473,0.0,0.0,7
0.150161581372337,0.07206698962721089,0.0,0.0,0.0,7
0.12702299666498865,0.05606489539677556,0.0,0.0,0.0,7
0.1149473116792988,0.0,0.11375519417856518,0.0,0.0,7
0.04747844217954795,0.0,0.0,0.0,0.0,7
0.048655679609291916,0.0,0.0,0.0,0.0,7
0.04206133144194131,0.0,0.0,0.0,0.0,7
0.04236490888000578,0.0,0.0,0.0,0.0,7
0.0421459341480402,0.0,0.0,0.0,0.0,7
0.033872449498118275,0.0,0.0,0.0,0.0,7
0.0399311735498989,0.0,0.0,0.0,0.0,7
0.03500580338601257,0.0,0.0,0.0,0.0,7
0.04401751776679712,0.0,0.0,0.0,0.0,7
0.05814964809713577,0.0,0.0,0.0,0.0,7
0.09516271185971169,0.0,0.018667821595813608,0.0,0.0,7
0.16230508865334697,0.0,0.04834763210980028,0.0,0.0,7
0.19697114817696074,0.0,0.21182808501539716,0.0,0.0,7
0.18035945282409208,0.0,0.22572116627495256,0.0,0.0,7
0.2984286789829429,0.0,0.052669207464142775,0.0,0.0,7
0.17779989214809225,0.0,0.12014057747947929,0.0,0.0,7
0.0811498448353761,0.0,0.0,0.0,0.0,7
0.07632747351009614,0.0,0.0,0.0,0.0,7
0.058209575465336734,0.0,0.0,0.0,0.0,7
0.19729227854725503,0.0,0.5582394092507662,0.0,0.0,7
0.19931569373902616,0.501713882142594,0.0,0.0,0.0,7
0.21330043008452007,0.0,0.04254128939127441,0.0,0.0,7
0.19791062285736027,0.0,0.1336094407940514,0.0,0.0,7
0.10482371829240006,0.0,0.0,0.0,0.0,7
0.0755544994343563,0.0,0.0,0.0,0.0,7
0.06643607462989555,0.0,0.0,0.0,0.0,7
0.0606249535290211,0.0,0.0,0.0,0.0,7
0.06001629612008361,0.0,0.0,0.0,0.0,7
0.05737272858859918,0.0,0.0,0.0,0.0,7
0.033889185946479466,0.0,0.0,0.0,0.0,7
0.04904442934155265,0.0,0.0,0.0,0.0,7
0.04917626080866116,0.0,0.0,0.0,0.0,7
0.055911444558268686,0.0,0.0,0.0,0.0,7
0.06122288276004148,0.0,0.0,0.0,0.0,7
0.11481171819367487,0.03019962947941686,0.0,0.0,0.0,7
0.11081848310130578,0.0,0.07386887213976172,0.0,0.0,7
0.12833152085929816,0.0,0.2337606147326094,0.0,0.0,7
0.11741700533494098,0.3201579473977197,0.0,0.0,0.0,7
0.13234373235215816,0.0,0.3532037214692093,0.0,0.0,7
0.1403128255095784,0.0,0.10668263144149584,0.0,0.0,7
0.24927768440227036,0.0,0.1493979177649368,0.0,0.0,7
0.14201288505036394,0.0,0.0,0.0,0.0,7
0.07979048475343066,0.0,0.0,0.0,0.0,7
0.1358102748477837,0.0,0.06556090747067894,0.0,0.0,7
0.20745704426704,0.0,0.03768477282581553,0.0,0.0,7
0.14926326155855535,0.0,0.4902410299848064,0.0,0.0,7
0.14330733645932922,0.0,0.06074334893874628,0.0,0.0,8
0.11680871353601012,0.0,0.14738527314734995,0.0,0.0,8
0.11729656293526476,0.14160714824895837,0.0,0.0,0.0,8
0.09817616326013229,0.0,0.0,0.0,0.0,8
0.08028032942486929,0.0,0.0,0.0,0.0,8
0.092835226777484,0.0,0.0,0.0,0.0,8
0.12624367412784382,0.0,0.027160115385067046,0.0,0.0,8
0.11087988448353696,0.0,0.0,0.0,0.0,8
0.10504767329675732,0.0,0.0,0.0,0.0,8
0.17243602491295154,0.0,0.27141573240882133,0.0,0.0,8
0.11468397541131475,0.0,0.04470961627749717,0.0,0.0,8
0.08548539683921323,0.0,0.0,0.0,0.0,8
0.03834397881282049,0.0,0.0,0.0,0.0,8
0.058199512044373285,0.0,0.0,0.0,0.0,8
0.04923189285721342,0.0,0.0,0.0,0.0,8
0.052791871713329705,0.0,0.0,0.0,0.0,8
0.03520495786920515,0.0,0.0,0.0,0.0,8
0.04182499092669408,0.0,0.0,0.0,0.0,8
0.05403998025167927,0.0,0.0,0.0,0.0,8
0.04385685675495593,0.0,0.0,0.0,0.0,8
0.0458156147815927,0.0,0.0,0.0,0.0,8
0.039864734459474256,0.0,0.0,0.0,0.0,8
0.05563519446471203,0.0,0.0,0.0,0.0,8
0.10377362959420473,0.0,0.16024673813710655,0.0,0.0,8
0.11554130313803526,0.0,0.1194544336030261,0.0,0.0,8
0.1636963865765752,0.0,0.011876920325741336,0.0,0.0,8
0.0419911658296469,0.0,0.0,0.0,0.0,8
0.05071384879744881,0.0,0.0,0.0,0.0,8
0.048768068690800755,0.0,0.0,0.0,0.0,8
0.05555295664405232,0.0,0.0,0.0,0.0,8
0.03844015571661301,0.0,0.0,0.0,0.0,8
0.04553366504929478,0.0,0.0,0.0,0.0,8
0.05558922819499796,0.0,0.0,0.0,0.0,8
0.0420231040515824,0.0,0.0,0.0,0.0,8
0.06116014552232896,0.0,0.0,0.0,0.0,8
0.05269134399024277,0.0,0.0,0.0,0.0,8
0.06300106418894515,0.0,0.0,0.0,0.0,8
0.05282129793907581,0.0,0.0,0.0,0.0,8
0.0429531773470689,0.0,0.0,0.0,0.0,8
0.04878059443289581,0.0,0.0,0.0,0.0,8
0.05307184801513863,0.0,0.0,0.0,0.0,8
0.049093365840452596,0.0,0.0,0.0,0.0,8
0.04194844216175231,0.0,0.0,0.0,0.0,8
0.056169272373980346,0.0,0.0,0.0,0.0,8
0.06814274977037293,0.0,0.0,0.0,0.0,8
0.04847138504773667,0.0,0.0,0.0,0.0,8
0.05126235240533845,0.0,0.0,0.0,0.0,8
0.06412230595452277,0.0,0.0,0.0,0.0,8
0.072844489323819,0.0,0.0,0.0,0.0,8
0.04545851781663818,0.0,0.0,0.0,0.0,8
0.06316270293382362,0.0,0.0,0.0,0.0,8
0.14533145354629556,0.0,0.041777557260130854,0.0,0.0,8
0.12190166172798518,0.0,0.17602150805952305,0.0,0.0,8
0.11480408539609735,0.0,0.0,0.0,0.0,8
0.0673447602115101,0.0,0.0,0.0,0.0,8
0.10629923433343702,0.0,0.0,0.0,0.0,8
0.0975399148459643,0.0,0.22927224294418375,0.0,0.0,8
0.11683287431664696,0.0,0.05128624114302152,0.0,0.0,8
0.13100111732763883,0.0,0.0,0.0,0.0,8
0.13657678648709198,0.0,0.0,0.0,0.0,8
0.07660142085462233,0.0,0.0,0.0,0.0,8
0.06878198451833133,0.0,0.0,0.0,0.0,8
0.05314270211176594,0.0,0.0,0.0,0.0,8
0.0373577488092138,0.0,0.0,0.0,0.0,8
0.04457113887985137,0.0,0.0,0.0,0.0,8
0.04724511153200662,0.0,0.0,0.0,0.0,8
0.045181134465048484,0.0,0.0,0.0,0.0,8
0.03836517901659002,0.0,0.0,0.0,0.0,8
0.07763557900799083,0.0,0.0,0.0,0.0,8
0.05433263241757638,0.0,0.0,0.0,0.0,8
0.04554393562394152,0.0,0.0,0.0,0.0,8
0.05036961411765101,0.0,0.0,0.0,0.0,8
0.04842262164980283,0.0,0.0,0.0,0.0,8
0.04625093616883579,0.0,0.0,0.0,0.0,8
0.05154309249149682,0.0,0.0,0.0,0.0,8
0.059858882268856876,0.0,0.0,0.0,0.0,8
0.047401156581094735,0.0,0.0,0.0,0.0,8
0.0546544340672789,0.0,0.0,0.0,0.0,8
0.06399741353367804,0.0,0.0,0.0,0.0,8
0.04973558652584299,0.0,0.0,0.0,0.0,8
0.12104605089178866,0.0,0.011243840220050288,0.0,0.0,8
0.09538721298885568,0.0,0.030956113821168377,0.0,0.0,8
0.13884905141303816,0.0,0.0,0.0,0.0,8
0.11407028850758094,0.0,0.0,0.0,0.0,8
0.07381779913242055,0.0,0.0,0.0,0.0,8
0.05032633610582039,0.0,0.0,0.0,0.0,8
0.04546058468794818,0.0,0.0,0.0,0.0,8
0.038045843205485964,0.0,0.0,0.0,0.0,8
0.04787274002745698,0.0,0.0,0.0,0.0,8
0.05297118021834238,0.0,0.0,0.0,0.0,8
0.04100542967182992,0.0,0.0,0.0,0.0,8
0.03906736917351244,0.0,0.0,0.0,0.0,8
0.07289805011622777,0.0,0.0,0.0,0.0,8
0.07390301188180483,0.06410244339441602,0.0,0.0,0.0,8
0.08081969221507247,0.0,0.01181956533809525,0.0,0.0,8
0.10091243785965673,0.10783454760357017,0.0,0.0,0.0,8
0.05603448128618998,0.0,0.0,0.0,0.0,8
0.062183104605238494,0.0,0.0,0.0,0.0,8
0.047835807467243315,0.0,0.0,0.0,0.0,8
0.04462519722272757,0.0,0.0,0.0,0.0,8
0.08801065069008517,0.0,0.0,0.0,0.0,8
0.08935004879368162,0.0,0.0168778368548448,0.0,0.0,8
0.0781012173922329,0.0,0.0,0.0,0.0,8
0.09242655700487969,0.0,0.0,0.0,0.0,8
0.08318361550969836,0.0,0.0,0.0,0.0,8
0.14004279699223282,0.0,0.0,0.0,0.0,8
0.10508318769466887,0.0,0.0,0.0,0.0,8
0.10723749235122623,0.0,0.0,0.0,0.0,8
0.05194668940342242,0.0,0.0,0.0,0.0,8
0.04566212479355885,0.0,0.0,0.0,0.0,8
0.044893112810257874,0.0,0.0,0.0,0.0,8
0.04780575451458249,0.0,0.0,0.0,0.0,8
0.05778985791896449,0.0,0.0,0.0,0.0,8
0.04832329166801169,0.0,0.0,0.0,0.0,8
0.04523963027598932,0.0,0.0,0.0,0.0,8
0.046965857493420485,0.0,0.0,0.0,0.0,8
0.06604462431183625,0.0,0.0,0.0,0.0,8
0.02887692320158446,0.0,0.0,0.0,0.0,8
0.05024219655083507,0.0,0.0,0.0,0.0,8
0.03807312258707892,0.0,0.0,0.0,0.0,8
0.039785193318294367,0.0,0.0,0.0,0.0,8
0.052682323414375995,0.0,0.0,0.0,0.0,8
0.029556009692803385,0.0,0.0,0.0,0.0,8
0.039953425576347824,0.0,0.0,0.0,0.0,8
0.04390366078496851,0.0,0.0,0.0,0.0,8
0.05341346330122483,0.0,0.0,0.0,0.0,8
0.07451729597142465,0.0,0.0,0.0,0.0,8
0.14198588353273373,0.0,0.008525156069745243,0.0,0.0,8
0.13250394363392115,0.16081815904923058,0.0,0.0,0.0,8
0.14165340987535815,0.0,0.0,0.0,0.0,8
0.14529229111689826,0.0,0.0,0.0,0.0,8
0.12921832003213096,0.0,0.0,0.0,0.0,8
0.07749582029936868,0.0,0.0,0.0,0.0,8
0.05309850592254395,0.0,0.0,0.0,0.0,8
0.05079325368596351,0.0,0.0,0.0,0.0,8
0.046446409309225827,0.0,0.0,0.0,0.0,8
0.04524749963212638,0.0,0.0,0.0,0.0,8
0.04482361054218524,0.0,0.0,0.0,0.0,8
0.05490259864711438,0.0,0.0,0.0,0.0,8
0.04119132477773123,0.0,0.0,0.0,0.0,8
0.05338423362104743,0.0,0.0,0.0,0.0,8
0.11172306050236194,0.10456611505310609,0.0,0.0,0.0,8
0.152270478619965,0.0,0.10066550627420506,0.0,0.0,8
0.134326693177728,0.0,0.44779629939701776,0.0,0.0,8
0.1128001838167172,0.0,0.0,0.0,0.0,8
0.0686797633479455,0.0,0.0,0.0,0.0,8
0.1673481489754278,0.0,0.44206633406532236,0.0,0.0,8
0.2366069685563742,0.1576459028958106,0.0,0.0,0.0,8
0.2502541944204463,0.175240156845743,0.0,0.0,0.0,8
0.32098944453414163,0.0,0.1597994129635094,0.0,0.0,8
0.28545830642690695,0.0,0.0,0.0,0.0,8
0.18871729528908834,0.0,0.3783418839115854,0.0,0.0,8
0.26174735522871695,0.0,0.06396149530032696,0.0,0.0,8
0.20251816724720098,0.0,0.3774656150175496,0.0,0.0,8
0.22126435387124369,0.0,0.09084312020152449,0.0,0.0,8
0.1482898972500987,0.0,0.0,0.0,0.0,8
0.06842004733111999,0.0,0.0,0.0,0.0,8
0.046918539212156614,0.0,0.0,0.0,0.0,8
0.06109655669762847,0.0,0.0,0.0,0.0,8
0.05905132337667916,0.0,0.0,0.0,0.0,8
0.06879417901114461,0.0,0.0,0.0,0.0,8
0.057763197343357484,0.0,0.0,0.0,0.0,8
0.05294525777334106,0.0,0.0,0.0,0.0,8
0.046791847865977204,0.0,0.0,0.0,0.0,8
0.04986026993588977,0.0,0.0,0.0,0.0,8
0.06695007600803292,0.0,0.0,0.0,0.0,8
0.12982732420719142,0.0,0.021916950767480903,0.0,0.0,8
0.055704029395691794,0.06297160237770566,0.0,0.0,0.0,8
0.1686733741414216,0.0,0.0,0.0,0.0,8
0.08910359940671195,0.15591275982810648,0.0,0.0,0.0,8
0.11426720789139432,0.0,0.0,0.0,0.0,8
0.1129842617768429,0.05436722287567561,0.0,0.0,0.0,8
0.12395080708727413,0.0,0.03180386469867749,0.0,0.0,8
0.12579917938216414,0.0,0.0,0.0,0.0,8
0.08332081684741928,0.0,0.11425083352396471,0.0,0.0,8
0.1254672847845652,0.0,0.0,0.0,0.0,8
0.1772346318296136,0.0,0.18847591700565394,0.0,0.0,8
0.14039413404756856,0.0,0.09436702051648735,0.0,0.0,8
0.09754562968530887,0.0,0.0,0.0,0.0,8
0.1036301080138573,0.0,0.0,0.0,0.0,8
0.09100296802748013,0.0,0.0,0.0,0.0,8
0.06464219425216,0.0,0.0,0.0,0.0,8
0.036978153943753395,0.0,0.0,0.0,0.0,8
0.03579343890208105,0.0,0.0,0.0,0.0,8
0.039834700770304966,0.0,0.0,0.0,0.0,8
0.040898383491078466,0.0,0.0,0.0,0.0,8
0.02004607941000019,0.0,0.0,0.0,0.0,8
0.03822611748227633,0.0,0.0,0.0,0.0,8
0.058158187185118386,0.0,0.0,0.0,0.0,8
0.040655761199987775,0.0,0.0,0.0,0.0,8
0.11814772950504807,0.0,0.0,0.0,0.0,8
0.11818602974678251,0.0,0.05231576768631983,0.0,0.0,8
0.09846876847604774,0.0,0.028662888464990044,0.0,0.0,8
0.14420101304466854,0.029468804316750086,0.0,0.0,0.0,8
0.1197537012208346,0.0,0.0,0.0,0.0,8
0.11067559150185911,0.0,0.0,0.0,0.0,8
0.14990450657954155,0.0,0.019266861916611422,0.0,0.0,8
0.11961371119586518,0.0,0.0,0.0,0.0,8
0.121057859456689,0.0,0.0,0.0,0.0,8
0.13464757344975473,0.0,0.05283906770375288,0.0,0.0,8
0.20381300839941308,0.12435234959534369,0.0,0.0,0.0,8
0.13740384498060532,0.0,0.0,0.0,0.0,8
0.12207735324222574,0.0,0.0,0.0,0.0,8
0.15274389136282115,0.0,0.2767861970827684,0.0,0.0,8
0.1374545018163898,0.0,0.16245478706999783,0.0,0.0,8
0.10571946167085158,0.0,0.0,0.0,0.0,8
0.09767457134970015,0.0,0.0,0.0,0.0,8
0.05388441727367956,0.0,0.0,0.0,0.0,8
0.04248213894579838,0.0,0.0,0.0,0.0,8
0.043065184184090624,0.0,0.0,0.0,0.0,8
0.045233220877118605,0.0,0.0,0.0,0.0,8
0.04947700412232771,0.0,0.0,0.0,0.0,8
0.04421329431920214,0.0,0.0,0.0,0.0,8
0.04597648844755518,0.0,0.0,0.0,0.0,8
0.05673442413975586,0.0,0.0,0.0,0.0,8
0.0652408360003838,0.05426231338398667,0.0,0.0,0.0,8
0.07824934208346818,0.0,0.0,0.0,0.0,8
0.10283767051560037,0.0,0.1327874348057574,0.0,0.0,8
0.11187710714231404,0.0,0.03619987057694003,0.0,0.0,8
0.1460676401334825,0.0,0.15754181118804067,0.0,0.0,8
0.18471816586679726,0.0,0.24214010932128407,0.0,0.0,8
0.11146102359806985,0.0,0.0,0.0,0.0,8
0.1271675022387943,0.0,0.0,0.0,0.0,8
0.09178993637112697,0.0,0.0,0.0,0.0,8
0.14173803401730264,0.0,0.1807874867539018,0.0,0.0,8
0.16708066233074229,0.0,0.04894934107996465,0.0,0.0,8
0.14444468050985304,0.0,0.0,0.0,0.0,8
0.10090158000464117,0.0,0.0,0.0,0.0,8
0.06999557678395177,0.0,0.0,0.0,0.0,8
0.031306952292019755,0.0,0.0,0.0,0.0,8
0.0610524616498293,0.0,0.0,0.0,0.0,8
0.044876069063337735,0.0,0.0,0.0,0.0,8
0.048075632186572854,0.0,0.0,0.0,0.0,8
0.03742735028446853,0.0,0.0,0.0,0.0,8
0.04589105518627606,0.0,0.0,0.0,0.0,8
0.043143548809019786,0.0,0.0,0.0,0.0,8
0.05048211277558703,0.0,0.0,0.0,0.0,8
0.04464160306713227,0.0,0.0,0.0,0.0,8
0.060283665651464785,0.0,0.0,0.0,0.0,8
0.047982054704723304,0.0,0.0,0.0,0.0,8
0.04346475769939237,0.0,0.0,0.0,0.0,8
0.04530614655538315,0.0,0.0,0.0,0.0,8
0.04757415919399092,0.0,0.0,0.0,0.0,8
0.04601007974491377,0.0,0.0,0.0,0.0,8
0.023963896641907137,0.0,0.0,0.0,0.0,8
0.04178349147533712,0.0,0.0,0.0,0.0,8
0.03605618514736238,0.0,0.0,0.0,0.0,8
0.06232541782862469,0.0,0.0,0.0,0.0,8
0.08300305051495009,0.0,0.11743145978067578,0.0,0.0,8
0.09191982702609264,0.0,0.0,0.0,0.0,8
0.11510358300550755,0.0,0.0321688243518575,0.0,0.0,8
0.14825948745432693,0.03177479754534138,0.0,0.0,0.0,8
0.06554862120169247,0.0,0.0,0.0,0.0,8
0.03041903436577212,0.0,0.0,0.0,0.0,8
0.047809101076732995,0.0,0.0,0.0,0.0,8
0.032371362666461866,0.0,0.0,0.0,0.0,8
0.04431938848166523,0.0,0.0,0.0,0.0,8
0.05185053745576545,0.0,0.0,0.0,0.0,8
0.03974263891346962,0.0,0.0,0.0,0.0,8
0.03310119315938365,0.0,0.0,0.0,0.0,8
0.06060152458356782,0.0,0.0,0.0,0.0,8
0.0810291804798552,0.0,0.0,0.0,0.0,8
0.044218233048460585,0.0,0.0,0.0,0.0,8
0.04932005661082539,0.0,0.0,0.0,0.0,8
0.07818616048250258,0.0,0.0,0.0,0.0,8
0.04523892327725445,0.0,0.0,0.0,0.0,8
0.07009393215475218,0.0,0.0,0.0,0.0,8
0.043782883840857545,0.0,0.0,0.0,0.0,8
0.09015514977906489,0.0,0.0,0.0,0.0,8
0.08779630872606671,0.0,0.0,0.0,0.0,8
0.10086004333555676,0.0,0.0,0.0,0.0,8
0.11060198410254803,0.0,0.03864067513815976,0.0,0.0,8
0.1112591874456534,0.037920957962389465,0.0,0.0,0.0,8
0.11204142083051258,0.0,0.1204548578813952,0.0,0.0,8
0.17779445422596413,0.0,0.02997166798808945,0.0,0.0,8
0.12719974548401883,0.0,0.2260852195185227,0.0,0.0,8
0.09416437703670086,0.0,0.0,0.0,0.0,8
0.0413391851514639,0.0,0.0,0.0,0.0,8
0.0483006804482971,0.0,0.0,0.0,0.0,8
0.04062474677877365,0.0,0.0,0.0,0.0,8
0.03949910656220513,0.0,0.0,0.0,0.0,8
0.04135435671451914,0.0,0.0,0.0,0.0,8
0.049194954389747386,0.0,0.0,0.0,0.0,8
0.04972818995818055,0.0,0.0,0.0,0.0,8
0.04594679276892982,0.0,0.0,0.0,0.0,8
0.05304756090995443,0.0,0.0,0.0,0.0,8
0.034898566266749184,0.0,0.0,0.0,0.0,8
0.04640077069699981,0.0,0.0,0.0,0.0,8
0.015001690146921837,0.0,0.0,0.0,0.0,8
0.04404381370401191,0.0,0.0,0.0,0.0,8
0.04385889161965283,0.0,0.0,0.0,0.0,8
0.046064319276911354,0.0,0.0,0.0,0.0,8
0.03373254537950269,0.0,0.0,0.0,0.0,8
0.062466576907987494,0.0,0.0,0.0,0.0,8
0.09149718538703872,0.0,0.0026360759527044586,0.0,0.0,8
0.11653318244638704,0.0,0.0,0.0,0.0,8
0.13547825504267122,0.0,0.20067319381158158,0.0,0.0,8
0.13865775118493012,0.0,0.0176619505684672,0.0,0.0,8
0.11499204928746787,0.0,0.0,0.0,0.0,8
0.13312038607020535,0.02207908211968529,0.0,0.0,0.0,8
0.06849313441261612,0.0,0.0,0.0,0.0,8
0.0391634483337192,0.0,0.0,0.0,0.0,8
0.050322989937805686,0.0,0.0,0.0,0.0,8
0.039864752727023035,0.0,0.0,0.0,0.0,8
0.0442400706075211,0.0,0.0,0.0,0.0,8
0.013398991445721632,0.0,0.0,0.0,0.0,8
0.06454864112757394,0.0,0.0,0.0,0.0,8
0.04329971051666327,0.0,0.0,0.0,0.0,8
0.05099146287382699,0.0,0.0,0.0,0.0,8
0.06731617186049296,0.0,0.0,0.0,0.0,8
0.09596356032207205,0.0,0.0,0.0,0.0,8
0.09514635138551047,0.0,0.06847066676401892,0.0,0.0,8
0.0659859488915328,0.0,0.0,0.0,0.0,8
0.08239940935329362,0.0,0.0,0.0,0.0,8
0.08179209737669546,0.0,0.0,0.0,0.0,8
0.06160343711469294,0.0,0.0,0.0,0.0,8
0.04914169754844703,0.0,0.0,0.0,0.0,8
0.05752869635363438,0.0,0.0,0.0,0.0,8
0.030905735818504206,0.0,0.0,0.0,0.0,8
0.032083517181255135,0.0,0.0,0.0,0.0,8
0.07647916652148229,0.0,0.0,0.0,0.0,8
0.0735274700717511,0.0,0.0,0.0,0.0,8
0.06628102659033386,0.0,0.0,0.0,0.0,8
0.06604494530276174,0.0,0.0,0.0,0.0,8
0.059831450945162484,0.0,0.0,0.0,0.0,8
0.04459821357956286,0.0,0.0,0.0,0.0,8
0.027998196558012067,0.0,0.0,0.0,0.0,8
0.03205292090406735,0.0,0.0,0.0,0.0,8
0.032226398697989836,0.0,0.0,0.0,0.0,8
0.050645470347307826,0.0,0.0,0.0,0.0,8
0.03475514955437283,0.0,0.0,0.0,0.0,8
0.04632310657117665,0.0,0.0,0.0,0.0,8
0.03605644212131677,0.0,0.0,0.0,0.0,8
0.05466738220063065,0.0,0.0,0.0,0.0,8
0.051197706129247435,0.0,0.0,0.0,0.0,8
0.0817641250297151,0.0,0.2316145912130842,0.0,0.0,8
0.16612236828912427,0.0,0.3990595446808196,0.0,0.0,8
0.19221216327549676,0.0,0.4629938457041264,0.0,0.0,8
0.23499094029201378,0.45295086897694276,0.0,0.0,0.0,8
0.3702854891595764,0.0,0.0,0.0,0.0,8
0.23046242382525575,0.0,0.315283901351312,0.0,0.0,8
0.27518430173515945,0.0,0.20109638817287745,0.0,0.0,8
0.25931355277723994,0.0,0.38990274196170044,0.0,0.0,8
0.11246652313208792,0.0,0.0,0.0,0.0,8
0.11521045699208465,0.0,0.0,0.0,0.0,8
0.18224253837973803,0.0,0.004252632060992023,0.0,0.0,8
0.14219296859493377,0.0,0.0,0.0,0.0,8
0.11070054161576597,0.0,0.0,0.0,0.0,8
0.1328039510237144,0.0,0.019726447432443478,0.0,0.0,8
0.05997144389921827,0.0,0.0,0.0,0.0,8
0.1151367754415362,0.0,0.13471525916828442,0.0,0.0,8
0.056282105648012906,0.0,0.0,0.0,0.0,8
0.04599734318976543,0.0,0.0,0.0,0.0,8
0.0416357481161065,0.0,0.0,0.0,0.0,8
0.039018647516334846,0.0,0.0,0.0,0.0,8
0.04445424555571391,0.0,0.0,0.0,0.0,8
0.0338413129578429,0.0,0.0,0.0,0.0,8
0.04441410392536837,0.0,0.0,0.0,0.0,8
0.047642330971079117,0.0,0.0,0.0,0.0,8
0.13486543339469323,0.09933780103294326,0.0,0.0,0.0,8
0.1615188788632866,0.0,0.0,0.0,0.0,8
0.15459358826004474,0.0,0.11476395807692166,0.0,0.0,8
0.1753021509881544,0.0,0.39685148467653075,0.0,0.0,8
0.1512954783303379,0.0,0.03446377351998778,0.0,0.0,8
0.12952473247312693,0.0,0.0,0.0,0.0,8
0.13102508706646354,0.0,0.0,0.0,0.0,8
0.119383314037695,0.0,0.0,0.0,0.0,8
0.09913841396701109,0.0,0.0,0.0,0.0,8
0.13362020610377218,0.0,0.32355080736292524,0.0,0.0,8
0.15424850103856472,0.0,0.033455342475671584,0.0,0.0,8
0.1348972061090049,0.0,0.0,0.0,0.0,8
0.11953078936417057,0.0,0.0,0.0,0.0,8
0.09892731334819464,0.0,0.0,0.0,0.0,8
0.08624275464609933,0.0,0.0,0.0,0.0,8
0.057125892053187785,0.0,0.0,0.0,0.0,8
0.0427897541027864,0.0,0.0,0.0,0.0,8
0.03321603285524901,0.0,0.0,0.0,0.0,8
0.05848339759601887,0.0,0.0,0.0,0.0,8
0.037980556299281154,0.0,0.0,0.0,0.0,8
0.031799917285071276,0.0,0.0,0.0,0.0,8
0.058797777139981036,0.0,0.0,0.0,0.0,8
0.05672960382141166,0.0,0.0,0.0,0.0,8
0.04483238133738862,0.0,0.0,0.0,0.0,8
0.041201944228136674,0.0,0.0,0.0,0.0,8
0.04147711422557304,0.0,0.0,0.0,0.0,8
0.03321298959699553,0.0,0.0,0.0,0.0,8
0.055808752856757536,0.0,0.0,0.0,0.0,8
0.059759711751382526,0.0,0.0,0.0,0.0,8
0.04722018188555237,0.0,0.0,0.0,0.0,8
0.04902744133170994,0.0,0.0,0.0,0.0,8
0.08895180988747466,0.0,0.0,0.0,0.0,8
0.13337147135436517,0.0,0.10098134034010325,0.0,0.0,8
0.16364183226851853,0.0,0.5122137418919666,0.0,0.0,8
0.15423261669067437,0.0,0.0,0.0,0.0,8
0.1588467442995891,0.0,0.0,0.0,0.0,8
0.1375003325314183,0.0,0.0,0.0,0.0,8
0.06517193978402341,0.0,0.0,0.0,0.0,8
0.05976833915047623,0.0,0.0,0.0,0.0,8
0.04870546570744312,0.0,0.0,0.0,0.0,8
0.0388470583080836,0.0,0.0,0.0,0.0,8
0.04239548766156491,0.0,0.0,0.0,0.0,8
0.04860675712946222,0.0,0.0,0.0,0.0,8
0.044442731095566554,0.0,0.0,0.0,0.0,8
0.04222712010069111,0.0,0.0,0.0,0.0,8
0.1259079972625078,0.0,0.015220527129314237,0.0,0.0,8
0.0719860734511685,0.0,0.0,0.0,0.0,8
0.08717625681297385,0.0,0.12730349861923934,0.0,0.0,8
0.051506707476023976,0.0,0.0,0.0,0.0,8
0.018253473152818847,0.0,0.0,0.0,0.0,8
0.0627393068203794,0.0,0.0,0.0,0.0,8
0.1047235329871388,0.0,0.014214884792578084,0.0,0.0,8
0.11807977594826921,0.0,0.05117930868829293,0.0,0.0,8
0.11132781758690397,0.0,0.03527898766501861,0.0,0.0,8
0.15996476726657294,0.0,0.08179778307773763,0.0,0.0,8
0.15225508191709924,0.0,0.049331226327669814,0.0,0.0,8
0.18330071913387327,0.0,0.012386872787693015,0.0,0.0,8
0.1365710005370432,0.13701057540867226,0.0,0.0,0.0,8
0.2005845846080408,0.0,0.0,0.0,0.0,8
0.10204225817033404,0.0,0.0517331755759574,0.0,0.0,8
0.10827585142590734,0.0,0.0018498249791344679,0.0,0.0,8
0.08977179173166878,0.0,0.0,0.0,0.0,8
0.059697256635132374,0.0,0.0,0.0,0.0,8
0.03877527253824071,0.0,0.0,0.0,0.0,8
0.042423403577262334,0.0,0.0,0.0,0.0,8
0.04364448286882933,0.0,0.0,0.0,0.0,8
0.04719162728618969,0.0,0.0,0.0,0.0,8
0.03503573817967018,0.0,0.0,0.0,0.0,8
0.03765660565933723,0.0,0.0,0.0,0.0,8
0.032960823759390544,0.0,0.0,0.0,0.0,8
0.04149209870497677,0.0,0.0,0.0,0.0,8
0.06500271086202532,0.0,0.0,0.0,0.0,8
0.0642461039118656,0.0,0.0,0.0,0.0,8
0.09044090282116847,0.0,0.006912200179464728,0.0,0.0,8
0.06963137374043255,0.0,0.0,0.0,0.0,8
0.03644996537711837,0.0,0.0,0.0,0.0,8
0.06528738202318947,0.0,0.0,0.0,0.0,8
0.0730900608094019,0.0,0.0,0.0,0.0,8
0.08812281970866175,0.0,0.0,0.0,0.0,8
0.09655636782516484,0.0,0.0,0.0,0.0,8
0.1294180854438531,0.0,0.22190356856739438,0.0,0.0,8
0.15183633088895543,0.0,0.0,0.0,0.0,8
0.12829484933181218,0.11347288240344311,0.0,0.0,0.0,8
0.1533442312640235,0.00915056537527148,0.0,0.0,0.0,8
0.1307351012123778,0.0,0.15604556742469344,0.0,0.0,8
0.048172624988727174,0.0,0.0,0.0,0.0,8
0.04161179173030322,0.0,0.0,0.0,0.0,8
0.04705677293930387,0.0,0.0,0.0,0.0,8
0.04165318002871691,0.0,0.0,0.0,0.0,8
0.051637942594668015,0.0,0.0,0.0,0.0,8
0.03344456652540603,0.0,0.0,0.0,0.0,8
0.055854690916959715,0.0,0.0,0.0,0.0,8
0.039119688039667755,0.0,0.0,0.0,0.0,8
0.044119225306986365,0.0,0.0,0.0,0.0,8
0.060396428547671514,0.0,0.0,0.0,0.0,8
0.11552786331600988,0.0,0.0,0.0,0.0,8
0.12377503539809832,0.0,0.09822896830702561,0.0,0.0,8
0.09091546331886738,0.0,0.3164099653806792,0.0,0.0,8
0.18604861383446522,0.0,0.21657393873877448,0.0,0.0,8
0.2439963479690738,0.0,0.16159117811801718,0.0,0.0,8
0.21223431328692177,0.0,0.13838274879697554,0.0,0.0,8
0.07140510594123001,0.0,0.0,0.0,0.0,8
0.06159933734908761,0.0,0.0,0.0,0.0,8
0.059027445658232,0.0,0.0,0.0,0.0,8
0.1759656804452416,0.0,0.6562447768517533,0.0,0.0,8
0.20816440399895586,0.4537356452568564,0.0,0.0,0.0,8
0.17110401424332874,0.0,0.20194984004257163,0.0,0.0,8
0.25979924675375576,0.0,0.10375789272176489,0.0,0.0,8
0.10236439760489557,0.0,0.0,0.0,0.0,8
0.07731454150893197,0.0,0.0,0.0,0.0,8
0.0702024908314997,0.0,0.0,0.0,0.0,8
0.061120459841749346,0.0,0.0,0.0,0.0,8
0.06145603325078344,0.0,0.0,0.0,0.0,8
0.05681650040884037,0.0,0.0,0.0,0.0,8
0.037487326796860225,0.0,0.0,0.0,0.0,8
0.055230548213821236,0.0,0.0,0.0,0.0,8
0.055980908582397716,0.0,0.0,0.0,0.0,8
0.052025488606536024,0.0,0.0,0.0,0.0,8
0.06277442141508774,0.0,0.0,0.0,0.0,8
0.14206007249365785,0.010155264953030124,0.0,0.0,0.0,8
0.16090146295481925,0.0,0.022932998559505313,0.0,0.0,8
0.10281736838611559,0.0,0.25225168765316036,0.0,0.0,8
0.16012633333521226,0.19883542553127914,0.0,0.0,0.0,8
0.22019313278089267,0.0,0.25142396175001147,0.0,0.0,8
0.25102687277317487,0.0,0.0,0.0,0.0,8
0.2778595561391959,0.0,0.07007714718083646,0.0,0.0,8
0.13498329893770825,0.0,0.0,0.0,0.0,8
0.08622007048295051,0.0,0.0,0.0,0.0,8
0.15927602047188613,0.0,0.0,0.0,0.0,8
0.1861201848752594,0.0,0.06907423164017473,0.0,0.0,8
0.18640506677339908,0.0,0.4933613114815609,0.0,0.0,8
0.13481932529697047,0.0,0.08885248012712821,0.0,0.0,9
0.17563827318819042,0.0,0.07542184658008311,0.0,0.0,9
0.16793916808466283,0.03364638961309374,0.0,0.0,0.0,9
0.12007137442484729,0.0,0.0,0.0,0.0,9
0.07409211809905318,0.0,0.0,0.0,0.0,9
0.0931693204993415,0.0,0.0,0.0,0.0,9
0.12617927414905633,0.0,0.0,0.0,0.0,9
0.12287604376140603,0.0,0.0,0.0,0.0,9
0.07428095985257166,0.0,0.0,0.0,0.0,9
0.14811636527353184,0.0,0.3461830645771728,0.0,0.0,9
0.11045732035324148,0.0,0.03318318736858923,0.0,0.0,9
0.1032351649311568,0.0,0.0,0.0,0.0,9
0.045548241189179633,0.0,0.0,0.0,0.0,9
0.06202715862247593,0.0,0.0,0.0,0.0,9
0.049459350276440855,0.0,0.0,0.0,0.0,9
0.048061597351733286,0.0,0.0,0.0,0.0,9
0.03901860001457891,0.0,0.0,0.0,0.0,9
0.04638913446891256,0.0,0.0,0.0,0.0,9
0.04971853442755564,0.0,0.0,0.0,0.0,9
0.03899537517384171,0.0,0.0,0.0,0.0,9
0.04884371241084741,0.0,0.0,0.0,0.0,9
0.03221174800731915,0.0,0.0,0.0,0.0,9
0.052739918710387704,0.0,0.0,0.0,0.0,9
0.07733415272065851,0.0,0.2061196706207611,0.0,0.0,9
0.12363684819884779,0.0,0.06135685284775122,0.0,0.0,9
0.15977905860217512,0.0,0.036501980720408195,0.0,0.0,9
0.037474807272457444,0.0,0.0,0.0,0.0,9
0.0477869008359107,0.0,0.0,0.0,0.0,9
0.05468403545891534,0.0,0.0,0.0,0.0,9
0.04035970212543788,0.0,0.0,0.0,0.0,9
0.03483356964217383,0.0,0.0,0.0,0.0,9
0.05164334871091882,0.0,0.0,0.0,0.0,9
0.057790469206826976,0.0,0.0,0.0,0.0,9
0.045895946677499105,0.0,0.0,0.0,0.0,9
0.05487263162394627,0.0,0.0,0.0,0.0,9
0.09015429136147793,0.0,0.0,0.0,0.0,9
0.06527758000020943,0.0,0.0,0.0,0.0,9
0.05831935718876532,0.0,0.0,0.0,0.0,9
0.04445298425516568,0.0,0.0,0.0,0.0,9
0.0502351658314769,0.0,0.0,0.0,0.0,9
0.05410228044225246,0.0,0.0,0.0,0.0,9
0.04837803953993609,0.0,0.0,0.0,0.0,9
0.03914496175157393,0.0,0.0,0.0,0.0,9
0.047242346083979654,0.0,0.0,0.0,0.0,9
0.05991352729559292,0.0,0.0,0.0,0.0,9
0.04051082418418658,0.0,0.0,0.0,0.0,9
0.04078238767758981,0.0,0.0,0.0,0.0,9
0.055036623219075105,0.0,0.0,0.0,0.0,9
0.06434790511558794,0.0,0.0,0.0,0.0,9
0.04645993906949029,0.0,0.0,0.0,0.0,9
0.06066515961657137,0.0,0.0,0.0,0.0,9
0.10533394059807691,0.0,0.08203382890024025,0.0,0.0,9
0.1415011606934464,0.0,0.10207605986828919,0.0,0.0,9
0.09398145566501455,0.0,0.0,0.0,0.0,9
0.07813986370609177,0.0,0.0,0.0,0.0,9
0.08532912222963543,0.0,0.0,0.0,0.0,9
0.13219521500341835,0.0,0.2636479817265747,0.0,0.0,9
0.1550991450210798,0.0,0.0,0.0,0.0,9
0.13048722252684594,0.0,0.0,0.0,0.0,9
0.10884282966381012,0.0,0.0,0.0,0.0,9
0.07051036545241429,0.0,0.0,0.0,0.0,9
0.07256586629304014,0.0,0.0,0.0,0.0,9
0.0581779733717377,0.0,0.0,0.0,0.0,9
0.04186769425137249,0.0,0.0,0.0,0.0,9
0.05308844612419227,0.0,0.0,0.0,0.0,9
0.05476994016821705,0.0,0.0,0.0,0.0,9
0.058407806660860685,0.0,0.0,0.0,0.0,9
0.039445130309729695,0.0,0.0,0.0,0.0,9
0.07877032249613135,0.0,0.0,0.0,0.0,9
0.05740352397088323,0.0,0.0,0.0,0.0,9
0.05910755352210198,0.0,0.0,0.0,0.0,9
0.045645405135627724,0.0,0.0,0.0,0.0,9
0.03921629516509529,0.0,0.0,0.0,0.0,9
0.049682430402158154,0.0,0.0,0.0,0.0,9
0.04274825020719587,0.0,0.0,0.0,0.0,9
0.05399406314042933,0.0,0.0,0.0,0.0,9
0.03930891806876458,0.0,0.0,0.0,0.0,9
0.047959776154562664,0.0,0.0,0.0,0.0,9
0.055020157173819036,0.0,0.0,0.0,0.0,9
0.06353814027120137,0.0,0.0,0.0,0.0,9
0.16716785798724865,0.0,0.02350326796359914,0.0,0.0,9
0.11368030827618539,0.0,0.012849239348084907,0.0,0.0,9
0.1418077542716216,0.0,0.019908350221837345,0.0,0.0,9
0.12351914197357156,0.0,0.0,0.0,0.0,9
0.0627548193403741,0.0,0.0,0.0,0.0,9
0.05208417471480211,0.0,0.0,0.0,0.0,9
0.04810559284832309,0.0,0.0,0.0,0.0,9
0.03922243384269715,0.0,0.0,0.0,0.0,9
0.040755353751920693,0.0,0.0,0.0,0.0,9
0.05074042950563115,0.0,0.0,0.0,0.0,9
0.037130376575988486,0.0,0.0,0.0,0.0,9
0.03007020204756072,0.0,0.0,0.0,0.0,9
0.0665930120352838,0.0,0.0,0.0,0.0,9
0.13016126964915672,0.0,0.0,0.0,0.0,9
0.07615386066496051,0.0,0.0,0.0,0.0,9
0.12042303956329685,0.03812648056314964,0.0,0.0,0.0,9
0.05783949832392785,0.0,0.0,0.0,0.0,9
0.05929698718598378,0.0,0.0,0.0,0.0,9
0.04306135979546625,0.0,0.0,0.0,0.0,9
0.05074277009202454,0.0,0.0,0.0,0.0,9
0.08839132931753974,0.0,0.0,0.0,0.0,9
0.09368028491069534,0.0,0.0,0.0,0.0,9
0.09188662205788835,0.0,0.0,0.0,0.0,9
0.08938377783499754,0.0,0.0,0.0,0.0,9
0.09806991269204003,0.0,0.0,0.0,0.0,9
0.06200525615523166,0.0,0.06998354862416153,0.0,0.0,9
0.12638112039439306,0.0,0.0,0.0,0.0,9
0.09344176599401138,0.0,0.0,0.0,0.0,9
0.05292743270706735,0.0,0.0,0.0,0.0,9
0.048415660307945904,0.0,0.0,0.0,0.0,9
0.04161273191581995,0.0,0.0,0.0,0.0,9
0.04353560916025809,0.0,0.0,0.0,0.0,9
0.04559343097024057,0.0,0.0,0.0,0.0,9
0.05105136179065935,0.0,0.0,0.0,0.0,9
0.03817409662072403,0.0,0.0,0.0,0.0,9
0.053893765004700646,0.0,0.0,0.0,0.0,9
0.052173160273198564,0.0,0.0,0.0,0.0,9
0.031119059964529565,0.0,0.0,0.0,0.0,9
0.05443402960192833,0.0,0.0,0.0,0.0,9
0.03701685906971341,0.0,0.0,0.0,0.0,9
0.03240171193229456,0.0,0.0,0.0,0.0,9
0.04212018355074651,0.0,0.0,0.0,0.0,9
0.03844281362995264,0.0,0.0,0.0,0.0,9
0.05306340274355967,0.0,0.0,0.0,0.0,9
0.043822438562688845,0.0,0.0,0.0,0.0,9
0.053841654789040065,0.0,0.0,0.0,0.0,9
0.0685558745974766,0.0,0.0,0.0,0.0,9
0.09502836412007042,0.0,0.03274968147079328,0.0,0.0,9
0.11688447282436873,0.16569296267972353,0.0,0.0,0.0,9
0.1195409508162726,0.0,0.0,0.0,0.0,9
0.14871917339456453,0.0,0.009889419889003742,0.0,0.0,9
0.12874686842189123,0.0,0.0,0.0,0.0,9
0.08852643063265976,0.0,0.0,0.0,0.0,9
0.046783974837048735,0.0,0.0,0.0,0.0,9
0.04648240858982327,0.0,0.0,0.0,0.0,9
0.041857557936591565,0.0,0.0,0.0,0.0,9
0.03763802106806692,0.0,0.0,0.0,0.0,9
0.05221783495048694,0.0,0.0,0.0,0.0,9
0.05173179512713473,0.0,0.0,0.0,0.0,9
0.030580621910562128,0.0,0.0,0.0,0.0,9
0.05181802204485251,0.0,0.0,0.0,0.0,9
0.09031206699893028,0.08911807354029476,0.0,0.0,0.0,9
0.10344641198717325,0.0,0.15260321854697606,0.0,0.0,9
0.15717003477338462,0.0,0.44516516925451266,0.0,0.0,9
0.11725852075855087,0.0,0.0,0.0,0.0,9
0.07896349175001557,0.0,0.0,0.0,0.0,9
0.14335646559973067,0.0,0.3900808740143169,0.0,0.0,9
0.18948025251421816,0.2849353415537885,0.0,0.0,0.0,9
0.21589968954973748,0.22120050264795843,0.0,0.0,0.0,9
0.31413828201081934,0.0,0.20907003512960115,0.0,0.0,9
0.294991624431034,0.0,0.0008937871569286715,0.0,0.0,9
0.23214773309252193,0.0,0.337441673097023,0.0,0.0,9
0.2444960350228954,0.0,0.059923338467833986,0.0,0.0,9
0.24157852818441158,0.0,0.26963047926212635,0.0,0.0,9
0.26742654982716224,0.0,0.06487702057715061,0.0,0.0,9
0.1713539722992229,0.0,0.0,0.0,0.0,9
0.06090964506780464,0.0,0.0,0.0,0.0,9
0.05277685223585639,0.0,0.0,0.0,0.0,9
0.06039091580005772,0.0,0.0,0.0,0.0,9
0.050518307962819836,0.0,0.0,0.0,0.0,9
0.05298424923547466,0.0,0.0,0.0,0.0,9
0.06245285492425701,0.0,0.0,0.0,0.0,9
0.05880345829711233,0.0,0.0,0.0,0.0,9
0.06441606911723564,0.0,0.0,0.0,0.0,9
0.059435748197180574,0.0,0.0,0.0,0.0,9
0.05257880711148076,0.0,0.0,0.0,0.0,9
0.10899920014447335,0.0,0.01873039664560501,0.0,0.0,9
0.12920068926920134,0.0,0.0,0.0,0.0,9
0.10153398162173606,0.0,0.06788887498382969,0.0,0.0,9
0.12012083316827013,0.1187313638971606,0.0,0.0,0.0,9
0.11896808394789367,0.0,0.0,0.0,0.0,9
0.13362498189653058,0.0,0.0,0.0,0.0,9
0.14227447919201935,0.0,0.0029724466910288905,0.0,0.0,9
0.13755204550037833,0.0,0.0,0.0,0.0,9
0.12184391353776242,0.0,0.06716362725466082,0.0,0.0,9
0.10269741257990345,0.04490297317754152,0.0,0.0,0.0,9
0.10411238246323709,0.0,0.2881193978866229,0.0,0.0,9
0.18852406513455475,0.0,0.04702109224274498,0.0,0.0,9
0.11888357288888175,0.0,0.0,0.0,0.0,9
0.10692831693371517,0.0,0.0,0.0,0.0,9
0.0709097338126018,0.0,0.0,0.0,0.0,9
0.06545528905037488,0.0,0.0,0.0,0.0,9
0.03870886886806206,0.0,0.0,0.0,0.0,9
0.045109806705482466,0.0,0.0,0.0,0.0,9
0.04726766607293857,0.0,0.0,0.0,0.0,9
0.04690246259928677,0.0,0.0,0.0,0.0,9
0.01682954347937706,0.0,0.0,0.0,0.0,9
0.04522331923445485,0.0,0.0,0.0,0.0,9
0.0465242769431998,0.0,0.0,0.0,0.0,9
0.04463577349140383,0.0,0.0,0.0,0.0,9
0.11038745153853323,0.0,0.003030554133827648,0.0,0.0,9
0.13588562734960274,0.0,0.0,0.0,0.0,9
0.12015894340128755,0.0,0.0,0.0,0.0,9
0.11826660799671343,0.033757236347559255,0.0,0.0,0.0,9
0.1294053000334323,0.0,0.0,0.0,0.0,9
0.11049399184458844,0.0,0.0,0.0,0.0,9
0.1433625517412663,0.0,0.03168596879936497,0.0,0.0,9
0.11009221911645194,0.0,0.0,0.0,0.0,9
0.13168815176711646,0.0,0.0,0.0,0.0,9
0.15582731085273924,0.0,0.0,0.0,0.0,9
0.12724976110158628,0.33254493593213885,0.0,0.0,0.0,9
0.12314865610639492,0.0,0.0,0.0,0.0,9
0.1246520638944539,0.0,0.0,0.0,0.0,9
0.17809155029167006,0.0,0.18192272341125726,0.0,0.0,9
0.16466687797076546,0.0,0.13695120222679263,0.0,0.0,9
0.10251090403663127,0.0,0.0,0.0,0.0,9
0.08487926106135005,0.0,0.0,0.0,0.0,9
0.052840910936200185,0.0,0.0,0.0,0.0,9
0.04820934477704291,0.0,0.0,0.0,0.0,9
0.04126727055571128,0.0,0.0,0.0,0.0,9
0.045004480693772005,0.0,0.0,0.0,0.0,9
0.044273484035276395,0.0,0.0,0.0,0.0,9
0.036364972993650546,0.0,0.0,0.0,0.0,9
0.05160315659847704,0.0,0.0,0.0,0.0,9
0.051985617131306776,0.0,0.0,0.0,0.0,9
0.07742544041940264,0.014332128770888214,0.0,0.0,0.0,9
0.0704958852993972,0.0,0.0,0.0,0.0,9
0.13653914329810024,0.0,0.05445620294649742,0.0,0.0,9
0.07212027443579312,0.0,0.057272574056745726,0.0,0.0,9
0.1434946896240456,0.0,0.16875467244120468,0.0,0.0,9
0.18100299188770774,0.0,0.23955911678574976,0.0,0.0,9
0.10216665049449107,0.0,0.0,0.0,0.0,9
0.13358962984772427,0.0,0.0,0.0,0.0,9
0.11010417381119435,0.0,0.0,0.0,0.0,9
0.1153870203347785,0.0,0.25116230430123343,0.0,0.0,9
0.10804191786237884,0.0,0.0995250655146502,0.0,0.0,9
0.17154012728858828,0.0,0.0,0.0,0.0,9
0.11638683991564443,0.0,0.0,0.0,0.0,9
0.07649646238052452,0.0,0.0,0.0,0.0,9
0.035487133693501635,0.0,0.0,0.0,0.0,9
0.061628099774207246,0.0,0.0,0.0,0.0,9
0.03993823122502969,0.0,0.0,0.0,0.0,9
0.0459740973707808,0.0,0.0,0.0,0.0,9
0.03997224800218203,0.0,0.0,0.0,0.0,9
0.042051208067896154,0.0,0.0,0.0,0.0,9
0.03376338208323727,0.0,0.0,0.0,0.0,9
0.055442106385345524,0.0,0.0,0.0,0.0,9
0.05004480232411462,0.0,0.0,0.0,0.0,9
0.06843722150156409,0.0,0.0,0.0,0.0,9
0.0482790147051704,0.0,0.0,0.0,0.0,9
0.04290447111401471,0.0,0.0,0.0,0.0,9
0.037165919319130485,0.0,0.0,0.0,0.0,9
0.035525944666642086,0.0,0.0,0.0,0.0,9
0.032430123712198944,0.0,0.0,0.0,0.0,9
0.02267965727055295,0.0,0.0,0.0,0.0,9
0.03977359819534645,0.0,0.0,0.0,0.0,9
0.036595591924404584,0.0,0.0,0.0,0.0,9
0.0683037379905126,0.0,0.0,0.0,0.0,9
0.09880283311068151,0.0,0.1075439932799568,0.0,0.0,9
0.10585548178117526,0.0,0.0,0.0,0.0,9
0.1370939266654947,0.0,0.06838069718311149,0.0,0.0,9
0.11807089241677536,0.03652721486555165,0.0,0.0,0.0,9
0.05637080756859205,0.0,0.0,0.0,0.0,9
0.02949189996276169,0.0,0.0,0.0,0.0,9
0.045180950398243415,0.0,0.0,0.0,0.0,9
0.039524874474118656,0.0,0.0,0.0,0.0,9
0.04871622726350193,0.0,0.0,0.0,0.0,9
0.04561181480436444,0.0,0.0,0.0,0.0,9
0.04769336851157364,0.0,0.0,0.0,0.0,9
0.03849025438261856,0.0,0.0,0.0,0.0,9
0.06591424999032056,0.0,0.0,0.0,0.0,9
0.07918089169387325,0.0,0.0,0.0,0.0,9
0.04825496876085246,0.0,0.0,0.0,0.0,9
0.06501075945421167,0.0,0.0,0.0,0.0,9
0.06149877556804607,0.0,0.0,0.0,0.0,9
0.051695747273304365,0.0,0.0,0.0,0.0,9
0.05402713638868267,0.0,0.0,0.0,0.0,9
0.04789305371046005,0.0,0.0,0.0,0.0,9
0.10316477825810196,0.0,0.008385188990057663,0.0,0.0,9
0.10020079196053974,0.0,0.0,0.0,0.0,9
0.09400744851810112,0.0,0.0,0.0,0.0,9
0.12981740540999814,0.0,0.024826394110172206,0.0,0.0,9
0.12965928677100313,0.019554420686544977,0.0,0.0,0.0,9
0.11731302069880865,0.0,0.12278680247488068,0.0,0.0,9
0.1290319250869502,0.0,0.05996141784593975,0.0,0.0,9
0.1418430396829002,0.0,0.15662579392617246,0.0,0.0,9
0.09767719251931677,0.0,0.0,0.0,0.0,9
0.04139044606825697,0.0,0.0,0.0,0.0,9
0.051830358608352584,0.0,0.0,0.0,0.0,9
0.03856287653817475,0.0,0.0,0.0,0.0,9
0.03999626006034285,0.0,0.0,0.0,0.0,9
0.029218549307434533,0.0,0.0,0.0,0.0,9
0.04174343814157561,0.0,0.0,0.0,0.0,9
0.0493334201814659,0.0,0.0,0.0,0.0,9
0.040917112870223836,0.0,0.0,0.0,0.0,9
0.05118280791582984,0.0,0.0,0.0,0.0,9
0.03639308989600902,0.0,0.0,0.0,0.0,9
0.05070824312749987,0.0,0.0,0.0,0.0,9
0.012843208296930184,0.0,0.0,0.0,0.0,9
0.047500808474001614,0.0,0.0,0.0,0.0,9
0.035841738242857336,0.0,0.0,0.0,0.0,9
0.04341207470832467,0.0,0.0,0.0,0.0,9
0.038390413741619216,0.0,0.0,0.0,0.0,9
0.059069359709352585,0.0,0.0,0.0,0.0,9
0.09189893166879215,0.0,0.0,0.0,0.0,9
0.1098594026755902,0.0,0.0,0.0,0.0,9
0.09948302247230133,0.0,0.19554039741674933,0.0,0.0,9
0.1675185651305245,0.0,0.004500995425326532,0.0,0.0,9
0.11700282567065635,0.0,0.0,0.0,0.0,9
0.15365861839222253,0.0,0.0,0.0,0.0,9
0.06847993185010531,0.0,0.0,0.0,0.0,9
0.038204309215477794,0.0,0.0,0.0,0.0,9
0.05199766439007471,0.0,0.0,0.0,0.0,9
0.04150503120547523,0.0,0.0,0.0,0.0,9
0.04211679205139401,0.0,0.0,0.0,0.0,9
0.013900326758501785,0.0,0.0,0.0,0.0,9
0.046196013409467086,0.0,0.0,0.0,0.0,9
0.034486511826544844,0.0,0.0,0.0,0.0,9
0.04786948160373704,0.0,0.0,0.0,0.0,9
0.07774216049054608,0.0,0.0,0.0,0.0,9
0.06936897266817824,0.0,0.0,0.0,0.0,9
0.12401061341384788,0.0,0.06576803224345036,0.0,0.0,9
0.07121739294321959,0.0,0.0,0.0,0.0,9
0.10286382168791239,0.0,0.0,0.0,0.0,9
0.06049753200759863,0.0,0.0,0.0,0.0,9
0.0729561913942399,0.0,0.0,0.0,0.0,9
0.06582772603287075,0.0,0.0,0.0,0.0,9
0.05849166232101898,0.0,0.0,0.0,0.0,9
0.030543126994899444,0.0,0.0,0.0,0.0,9
0.027782838002594575,0.0,0.0,0.0,0.0,9
0.0698190577680096,0.0,0.0,0.0,0.0,9
0.09818230648383848,0.0,0.0,0.0,0.0,9
0.061016865192507354,0.0,0.0,0.0,0.0,9
0.07132310224889536,0.0,0.0,0.0,0.0,9
0.06501085328277817,0.0,0.0,0.0,0.0,9
0.03748776480516762,0.0,0.0,0.0,0.0,9
0.02990600607251012,0.0,0.0,0.0,0.0,9
0.03303581000878061,0.0,0.0,0.0,0.0,9
0.04141144998752892,0.0,0.0,0.0,0.0,9
0.04602676207305375,0.0,0.0,0.0,0.0,9
0.029058221644876554,0.0,0.0,0.0,0.0,9
0.04676283465091497,0.0,0.0,0.0,0.0,9
0.042807728112838415,0.0,0.0,0.0,0.0,9
0.05674917953135214,0.0,0.0,0.0,0.0,9
0.049001673062361924,0.0,0.0,0.0,0.0,9
0.08520901223353376,0.0,0.25300886459234234,0.0,0.0,9
0.11551268127169123,0.0,0.3602323183136288,0.0,0.0,9
0.25341079969815783,0.0,0.3621026487447586,0.0,0.0,9
0.2544107291930625,0.4076284716466535,0.0,0.0,0.0,9
0.2518031297849355,0.0,0.1260112983191395,0.0,0.0,9
0.24679137436945478,0.0,0.3121451019261917,0.0,0.0,9
0.2160037357375016,0.0,0.23172669771706694,0.0,0.0,9
0.2682783042065857,0.0,0.22085790561589147,0.0,0.0,9
0.1372164717576936,0.0,0.0,0.0,0.0,9
0.1063900580532258,0.0,0.0,0.0,0.0,9
0.1382074321878135,0.0,0.029660310377700394,0.0,0.0,9
0.17038067974738044,0.0,0.0,0.0,0.0,9
0.12415528345459673,0.0,0.0,0.0,0.0,9
0.11360671802409518,0.0,0.0999316698898522,0.0,0.0,9
0.07341109785167207,0.0,0.0,0.0,0.0,9
0.19381739975156284,0.0,0.035237293482766746,0.0,0.0,9
0.05474330857298274,0.0,0.0,0.0,0.0,9
0.05063858766732578,0.0,0.0,0.0,0.0,9
0.04835971037604679,0.0,0.0,0.0,0.0,9
0.04190239036510544,0.0,0.0,0.0,0.0,9
0.04606553622092306,0.0,0.0,0.0,0.0,9
0.033982242444958004,0.0,0.0,0.0,0.0,9
0.056319667197138726,0.0,0.0,0.0,0.0,9
0.056961732737197325,0.0,0.0,0.0,0.0,9
0.10780819148275567,0.1994340327460385,0.0,0.0,0.0,9
0.12237196600723838,0.0,0.0,0.0,0.0,9
0.11906631531735176,0.0,0.19618033473176563,0.0,0.0,9
0.15387910360351728,0.0,0.3542651502263142,0.0,0.0,9
0.18192544285911008,0.0,0.0,0.0,0.0,9
0.12913500587481008,0.0,0.0,0.0,0.0,9
0.12474441416725178,0.0030828944246214657,0.0,0.0,0.0,9
0.11311468571239437,0.0,0.00014711002638286008,0.0,0.0,9
0.09465115930268099,0.0,0.0,0.0,0.0,9
0.09562932644969079,0.0,0.34660224611549917,0.0,0.0,9
0.1190187553422512,0.0,0.02245393290229461,0.0,0.0,9
0.11466947390619793,0.0,0.0,0.0,0.0,9
0.15755680909631703,0.0,0.0,0.0,0.0,9
0.12013960334470657,0.0,0.0,0.0,0.0,9
0.08612673964427796,0.0,0.0,0.0,0.0,9
0.0532736499264329,0.0,0.0,0.0,0.0,9
0.05313949280721426,0.0,0.0,0.0,0.0,9
0.0318883638904874,0.0,0.0,0.0,0.0,9
0.045524248196707515,0.0,0.0,0.0,0.0,9
0.03871979181665343,0.0,0.0,0.0,0.0,9
0.03469292962551028,0.0,0.0,0.0,0.0,9
0.055511734828482234,0.0,0.0,0.0,0.0,9
0.05928097631784097,0.0,0.0,0.0,0.0,9
0.05011950053392379,0.0,0.0,0.0,0.0,9
0.04079417250482023,0.0,0.0,0.0,0.0,9
0.042786246190346384,0.0,0.0,0.0,0.0,9
0.040549283999701424,0.0,0.0,0.0,0.0,9
0.05136368913876855,0.0,0.0,0.0,0.0,9
0.05594887289535663,0.0,0.0,0.0,0.0,9
0.05102233490713571,0.0,0.0,0.0,0.0,9
0.047606585618961035,0.0,0.0,0.0,0.0,9
0.07834255553806238,0.0,0.0,0.0,0.0,9
0.058747945040096054,0.0,0.18779583009717815,0.0,0.0,9
0.14220627958529306,0.0,0.538815560845476,0.0,0.0,9
0.18553808858880005,0.0,0.0,0.0,0.0,9
0.16255927400741427,0.0,0.0,0.0,0.0,9
0.132601795616366,0.0,0.0,0.0,0.0,9
0.06587042390268297,0.0,0.0,0.0,0.0,9
0.04943759068703041,0.0,0.0,0.0,0.0,9
0.04476776198174234,0.0,0.0,0.0,0.0,9
0.03672852846896747,0.0,0.0,0.0,0.0,9
0.04832157871025063,0.0,0.0,0.0,0.0,9
0.052469989231766635,0.0,0.0,0.0,0.0,9
0.048770687853308584,0.0,0.0,0.0,0.0,9
0.04014445789247401,0.0,0.0,0.0,0.0,9
0.13336040692407447,0.0,0.012749152329186164,0.0,0.0,9
0.07114833256658806,0.0,0.0,0.0,0.0,9
0.13319384649335575,0.0,0.11238354340348519,0.0,0.0,9
0.05278801686721904,0.0,0.0,0.0,0.0,9
0.019382919416950774,0.0,0.0,0.0,0.0,9
0.0628359787564653,0.0,0.0,0.0,0.0,9
0.10128206637523761,0.0,0.037979242839690716,0.0,0.0,9
0.14012390153389942,0.0,0.0,0.0,0.0,9
0.10970331558958629,0.0,0.06558278552883148,0.0,0.0,9
0.16819787517408233,0.0,0.04104745875616972,0.0,0.0,9
0.12850530263243967,0.0,0.06682415142948026,0.0,0.0,9
0.12366199871838818,0.0,0.031928323350024074,0.0,0.0,9
0.13336190182846697,0.15663525011382767,0.0,0.0,0.0,9
0.15023296421918697,0.0,0.061866519594457686,0.0,0.0,9
0.15680401743821318,0.0,0.0,0.0,0.0,9
0.12622182928587036,0.0,0.0,0.0,0.0,9
0.08362129540683226,0.0,0.0,0.0,0.0,9
0.06357855786665871,0.0,0.0,0.0,0.0,9
0.05271466227343533,0.0,0.0,0.0,0.0,9
0.03908702082598895,0.0,0.0,0.0,0.0,9
0.04334677190563349,0.0,0.0,0.0,0.0,9
0.056672610484430695,0.0,0.0,0.0,0.0,9
0.036198777579110365,0.0,0.0,0.0,0.0,9
0.04544162469650961,0.0,0.0,0.0,0.0,9
0.056348245612973025,0.0,0.0,0.0,0.0,9
0.05130673719488142,0.0,0.0,0.0,0.0,9
0.06838165031898868,0.0,0.0,0.0,0.0,9
0.08886362652539245,0.0,0.008973240434314605,0.0,0.0,9
0.11408624578145937,0.0,0.0,0.0,0.0,9
0.09278217675596659,0.0,0.0,0.0,0.0,9
0.029202125145064373,0.0,0.0,0.0,0.0,9
0.05675396296570708,0.0,0.0,0.0,0.0,9
0.07351121697215643,0.0,0.0,0.0,0.0,9
0.08462842996919083,0.0,0.0,0.0,0.0,9
0.08733949571925105,0.0,0.0,0.0,0.0,9
0.1316857755109553,0.0,0.16434480582623598,0.0,0.0,9
0.12716984016668897,0.0,0.0,0.0,0.0,9
0.08101147945159147,0.16783353651192795,0.0,0.0,0.0,9
0.16234382426845798,0.0,0.0,0.0,0.0,9
0.08407748099417181,0.0,0.12739891104520057,0.0,0.0,9
0.04603490243077982,0.0,0.0,0.0,0.0,9
0.04689893176128707,0.0,0.0,0.0,0.0,9
0.04189649144430514,0.0,0.0,0.0,0.0,9
0.04846985087758,0.0,0.0,0.0,0.0,9
0.05080345489728598,0.0,0.0,0.0,0.0,9
0.0322881461917402,0.0,0.0,0.0,0.0,9
0.04815042755032019,0.0,0.0,0.0,0.0,9
0.03568242280582301,0.0,0.0,0.0,0.0,9
0.04206406518981189,0.0,0.0,0.0,0.0,9
0.049113365634782094,0.0,0.0,0.0,0.0,9
0.09637177200164232,0.0,0.01723198163706778,0.0,0.0,9
0.109022633721111,0.0,0.09806033122453382,0.0,0.0,9
0.09902567535756948,0.0,0.3412620162755623,0.0,0.0,9
0.17312246125370878,0.0,0.2775322297469893,0.0,0.0,9
0.15529307102488388,0.0,0.23443687637819632,0.0,0.0,9
0.1922511720856682,0.0,0.16609457642394074,0.0,0.0,9
0.07831456914065932,0.0,0.0,0.0,0.0,9
0.07312414221195103,0.0,0.0,0.0,0.0,9
0.056618534226203096,0.0,0.0,0.0,0.0,9
0.12123305756492748,0.0,0.6478438760172016,0.0,0.0,9
0.2089727046073716,0.6354479960018067,0.0,0.0,0.0,9
0.23214375109104401,0.0,0.014691520466267372,0.0,0.0,9
0.22821049696836773,0.0,0.04501460372280222,0.0,0.0,9
0.11337430942633195,0.0,0.0,0.0,0.0,9
0.08112514969156762,0.0,0.0,0.0,0.0,9
0.061515916630961044,0.0,0.0,0.0,0.0,9
0.056551309359105795,0.0,0.0,0.0,0.0,9
0.04955065877758679,0.0,0.0,0.0,0.0,9
0.05633967399736746,0.0,0.0,0.0,0.0,9
0.04188543920341811,0.0,0.0,0.0,0.0,9
0.060204636366274766,0.0,0.0,0.0,0.0,9
0.04350511610808731,0.0,0.0,0.0,0.0,9
0.0446528111007079,0.0,0.0,0.0,0.0,9
0.05168156301952725,0.0,0.0,0.0,0.0,9
0.12409858588879479,0.03809763442041965,0.0,0.0,0.0,9
0.10147191462172882,0.0,0.0811288522753107,0.0,0.0,9
0.1436349808593852,0.0,0.24451062995979533,0.0,0.0,9
0.2027750902008309,0.19112441441802808,0.0,0.0,0.0,9
0.25374996579777714,0.0,0.22912487835186968,0.0,0.0,9
0.22479440925680258,0.0,0.015036800177670923,0.0,0.0,9
0.2482670935224549,0.0,0.18071869586925654,0.0,0.0,9
0.1240833046711136,0.0,0.0,0.0,0.0,9
0.07333065640092015,0.0,0.0,0.0,0.0,9
0.14838625014613038,0.0,0.0460833714937878,0.0,0.0,9
0.16450885964954357,0.0,0.08585128848981913,0.0,0.0,9
0.21290613582067944,0.0,0.4953764485206932,0.0,0.0,9
0.1629882858917798,0.0,0.0585844973201205,0.0,0.0,10
0.12633667142347618,0.0,0.14210961045454049,0.0,0.0,10
0.1733556268976507,0.023371538250364338,0.0,0.0,0.0,10
0.10119175213395397,0.0,0.0,0.0,0.0,10
0.08000705623069637,0.0,0.0,0.0,0.0,10
0.09285296797056115,0.0,0.0,0.0,0.0,10
0.11134545508536699,0.0,0.015100641663088318,0.0,0.0,10
0.11395362041211507,0.0,0.0,0.0,0.0,10
0.07212958035790766,0.0,0.022656758441941302,0.0,0.0,10
0.10035069672819304,0.0,0.2796885563688993,0.0,0.0,10
0.15372789778448925,0.0,0.0,0.0,0.0,10
0.09586756425695035,0.0,0.0,0.0,0.0,10
0.04979589866768355,0.0,0.0,0.0,0.0,10
0.052166549820598575,0.0,0.0,0.0,0.0,10
0.04683982056499387,0.0,0.0,0.0,0.0,10
0.04939312209594885,0.0,0.0,0.0,0.0,10
0.04050032271184639,0.0,0.0,0.0,0.0,10
0.05040448918937847,0.0,0.0,0.0,0.0,10
0.050211748947395496,0.0,0.0,0.0,0.0,10
0.042672383309774395,0.0,0.0,0.0,0.0,10
0.05438627697680483,0.0,0.0,0.0,0.0,10
0.04294737502667879,0.0,0.0,0.0,0.0,10
0.062070094468210296,0.0,0.0,0.0,0.0,10
0.09155296696154977,0.0,0.21745691473676168,0.0,0.0,10
0.0941167991703248,0.0,0.08129502258477513,0.0,0.0,10
0.1300430640169036,0.0,0.06577167641202361,0.0,0.0,10
0.04190751724353606,0.0,0.0,0.0,0.0,10
0.05568490277143786,0.0,0.0,0.0,0.0,10
0.04508556835916697,0.0,0.0,0.0,0.0,10
0.052061915597932204,0.0,0.0,0.0,0.0,10
0.037637250975926864,0.0,0.0,0.0,0.0,10
0.05446924068035933,0.0,0.0,0.0,0.0,10
0.04207357478429387,0.0,0.0,0.0,0.0,10
0.03448253722237014,0.0,0.0,0.0,0.0,10
0.04471205739935857,0.0,0.0,0.0,0.0,10
0.08745359217946322,0.0,0.0,0.0,0.0,10
0.07400593071408702,0.0,0.0,0.0,0.0,10
0.05149478679151574,0.0,0.0,0.0,0.0,10
0.043538938476575806,0.0,0.0,0.0,0.0,10
0.048506843345933075,0.0,0.0,0.0,0.0,10
0.0511226374672815,0.0,0.0,0.0,0.0,10
0.04765988819424476,0.0,0.0,0.0,0.0,10
0.04479401760782879,0.0,0.0,0.0,0.0,10
0.04471998121957129,0.0,0.0,0.0,0.0,10
0.06262384183110356,0.0,0.0,0.0,0.0,10
0.04938819575805713,0.0,0.0,0.0,0.0,10
0.05338672162967981,0.0,0.0,0.0,0.0,10
0.06493391714875785,0.0,0.0,0.0,0.0,10
0.06830891754311855,0.0,0.0,0.0,0.0,10
0.047612806320374276,0.0,0.0,0.0,0.0,10
0.061782671243755416,0.0,0.0,0.0,0.0,10
0.12121790315517643,0.0,0.051751843827225266,0.0,0.0,10
0.10588650206829099,0.0,0.12821902163197996,0.0,0.0,10
0.10215726762779677,0.0,0.0,0.0,0.0,10
0.06267947014803167,0.0,0.0,0.0,0.0,10
0.08971466541358569,0.0,0.0,0.0,0.0,10
0.11727583783345293,0.0,0.33992757505474896,0.0,0.0,10
0.14682402563087504,0.0,0.0,0.0,0.0,10
0.14693170076221196,0.0,0.0,0.0,0.0,10
0.0730956114690199,0.0,0.03461552706129695,0.0,0.0,10
0.06711753604866337,0.0,0.0,0.0,0.0,10
0.08819080321385919,0.0018794760121848275,0.0,0.0,0.0,10
0.04912573939052051,0.0,0.0,0.0,0.0,10
0.035083199839640894,0.0,0.0,0.0,0.0,10
0.0469642071957566,0.0,0.0,0.0,0.0,10
0.05016231683541371,0.0,0.0,0.0,0.0,10
0.05211004130883777,0.0,0.0,0.0,0.0,10
0.04483217155598932,0.0,0.0,0.0,0.0,10
0.0689064979884097,0.0,0.0,0.0,0.0,10
0.056854258966047476,0.0,0.0,0.0,0.0,10
0.06338141031179216,0.0,0.0,0.0,0.0,10
0.053438247500199904,0.0,0.0,0.0,0.0,10
0.04965554476670845,0.0,0.0,0.0,0.0,10
0.040560912417663506,0.0,0.0,0.0,0.0,10
0.05435060258269771,0.0,0.0,0.0,0.0,10
0.05587853406366388,0.0,0.0,0.0,0.0,10
0.04392042101595197,0.0,0.0,0.0,0.0,10
0.04058220933779912,0.0,0.0,0.0,0.0,10
0.04937178790751238,0.0,0.0,0.0,0.0,10
0.07029259144488044,0.0,0.0,0.0,0.0,10
0.11518230174792952,0.0,0.03581077381316934,0.0,0.0,10
0.1163243781187054,0.0,0.0,0.0,0.0,10
0.1091056878733606,0.0,0.014779684069123222,0.0,0.0,10
0.11022044769507151,0.0,0.0,0.0,0.0,10
0.06885699112310004,0.0,0.0,0.0,0.0,10
0.05668226620626594,0.0,0.0,0.0,0.0,10
0.051104608434099474,0.0,0.0,0.0,0.0,10
0.04047464985867142,0.0,0.0,0.0,0.0,10
0.050203703025192954,0.0,0.0,0.0,0.0,10
0.051898805658455255,0.0,0.0,0.0,0.0,10
0.035854717183199,0.0,0.0,0.0,0.0,10
0.04454085809452739,0.0,0.0,0.0,0.0,10
0.0632661201659109,0.0,0.0,0.0,0.0,10
0.10332422413946442,0.031235545819585805,0.0,0.0,0.0,10
0.08617029710497931,0.0,0.0,0.0,0.0,10
0.14623312714307782,0.08191846552741916,0.0,0.0,0.0,10
0.06629668585279108,0.0,0.0,0.0,0.0,10
0.061200684106119396,0.0,0.0,0.0,0.0,10
0.0446467466544445,0.0,0.0,0.0,0.0,10
0.05631864540812206,0.0,0.0,0.0,0.0,10
0.07767836809157581,0.0,0.005401447589614888,0.0,0.0,10
0.09177173502970506,0.0,0.0,0.0,0.0,10
0.08827319760025706,0.0,0.0008311372582429505,0.0,0.0,10
0.07478470512425382,0.0,0.0,0.0,0.0,10
0.10080896873272659,0.0,0.03213394316281905,0.0,0.0,10
0.11268504544868355,0.0,0.0,0.0,0.0,10
0.09941449599643551,0.0,0.016828823193659387,0.0,0.0,10
0.09490273231888263,0.0,0.0,0.0,0.0,10
0.0556068135784437,0.0,0.0,0.0,0.0,10
0.043888473257234877,0.0,0.0,0.0,0.0,10
0.045080726348968266,0.0,0.0,0.0,0.0,10
0.05465569388133022,0.0,0.0,0.0,0.0,10
0.04296553169852221,0.0,0.0,0.0,0.0,10
0.05365534010163824,0.0,0.0,0.0,0.0,10
0.03977901831503121,0.0,0.0,0.0,0.0,10
0.046989898958595434,0.0,0.0,0.0,0.0,10
0.060532225381523946,0.0,0.0,0.0,0.0,10
0.033938280606853326,0.0,0.0,0.0,0.0,10
0.04602927940060549,0.0,0.0,0.0,0.0,10
0.035843084729159244,0.0,0.0,0.0,0.0,10
0.03674290325064604,0.0,0.0,0.0,0.0,10
0.05484605559221295,0.0,0.0,0.0,0.0,10
0.03826038558369613,0.0,0.0,0.0,0.0,10
0.04417693401555761,0.0,0.0,0.0,0.0,10
0.047920305027442434,0.0,0.0,0.0,0.0,10
0.04726022814050251,0.0,0.0,0.0,0.0,10
0.0569176289306577,0.0,0.0,0.0,0.0,10
0.11166541632945758,0.0,0.04445747511680244,0.0,0.0,10
0.10993359290695214,0.2166253430790666,0.0,0.0,0.0,10
0.13307758953729062,0.0,0.0,0.0,0.0,10
0.15604000631389842,0.0,0.03673053641084742,0.0,0.0,10
0.11115052217175121,0.0,0.0,0.0,0.0,10
0.06977335959970575,0.0,0.0,0.0,0.0,10
0.05532395514866762,0.0,0.0,0.0,0.0,10
0.050041388860004934,0.0,0.0,0.0,0.0,10
0.03723582120350808,0.0,0.0,0.0,0.0,10
0.04570128631027381,0.0,0.0,0.0,0.0,10
0.05300853749735313,0.0,0.0,0.0,0.0,10
0.04076176226581651,0.0,0.0,0.0,0.0,10
0.036920337120456885,0.0,0.0,0.0,0.0,10
0.047542028512343126,0.0,0.0,0.0,0.0,10
0.12046907192572495,0.07430508129208907,0.0,0.0,0.0,10
0.09597425603611533,0.0,0.12555133909257277,0.0,0.0,10
0.14631775916310968,0.0,0.4104096098674655,0.0,0.0,10
0.13181301172937276,0.0,0.0,0.0,0.0,10
0.07964242130903847,0.0,0.0,0.0,0.0,10
0.16556476658234792,0.0,0.2760331475395763,0.0,0.0,10
0.15925138628166022,0.3254720970935575,0.0,0.0,0.0,10
0.2159816345741669,0.18975746611612607,0.0,0.0,0.0,10
0.2858403311080552,0.0,0.15910904215423965,0.0,0.0,10
0.1745138306119108,0.0,0.13490480774576843,0.0,0.0,10
0.18298089742773174,0.0,0.42353476124059863,0.0,0.0,10
0.28043178833752846,0.0,0.04670722147580736,0.0,0.0,10
0.2314675259794536,0.0,0.22956790687704912,0.0,0.0,10
0.24791361409200713,0.0,0.0,0.0,0.0,10
0.1475250947012916,0.0,0.0,0.0,0.0,10
0.05940644302051204,0.0,0.0,0.0,0.0,10
0.0436045707040584,0.0,0.0,0.0,0.0,10
0.05354435544661278,0.0,0.0,0.0,0.0,10
0.05466155146471105,0.0,0.0,0.0,0.0,10
0.06313774172229437,0.0,0.0,0.0,0.0,10
0.05568743611250669,0.0,0.0,0.0,0.0,10
0.05905553767362598,0.0,0.0,0.0,0.0,10
0.05101441467316724,0.0,0.0,0.0,0.0,10
0.043503589309038804,0.0,0.0,0.0,0.0,10
0.057192812531480855,0.0,0.0,0.0,0.0,10
0.10794938509542126,0.0,0.02993670049020286,0.0,0.0,10
0.085216584200202,0.058682483799302354,0.0,0.0,0.0,10
0.12980316560467475,0.0,0.016903524333432784,0.0,0.0,10
0.16590577398540912,0.0829960476543804,0.0,0.0,0.0,10
0.1272514319858483,0.0,0.0,0.0,0.0,10
0.14295116727116716,0.017346172474130395,0.0,0.0,0.0,10
0.09994962968274074,0.0,0.048530985510818664,0.0,0.0,10
0.13485691565393604,0.0,0.019768999819912564,0.0,0.0,10
0.1464146754549216,0.0,0.010289272460430043,0.0,0.0,10
0.11656269527829848,0.013253006161529482,0.0,0.0,0.0,10
0.1630367211549938,0.0,0.2461327691266611,0.0,0.0,10
0.19876758988594548,0.0,0.04039655277647339,0.0,0.0,10
0.0991857487426978,0.0,0.0,0.0,0.0,10
0.10612567592778903,0.0,0.0,0.0,0.0,10
0.0769318749109986,0.0,0.0,0.0,0.0,10
0.05265789911429557,0.0,0.0,0.0,0.0,10
0.03149878811213392,0.0,0.0,0.0,0.0,10
0.04448943868055169,0.0,0.0,0.0,0.0,10
0.0469232881146743,0.0,0.0,0.0,0.0,10
0.04633174210301842,0.0,0.0,0.0,0.0,10
0.019531430133969782,0.0,0.0,0.0,0.0,10
0.03899422823827477,0.0,0.0,0.0,0.0,10
0.05588326643158864,0.0,0.0,0.0,0.0,10
0.04419513291154698,0.0,0.0,0.0,0.0,10
0.1036323532011649,0.0,0.010060473106619519,0.0,0.0,10
0.11487354479268103,0.0,0.016076254586958633,0.0,0.0,10
0.11617194955005071,0.0,0.0,0.0,0.0,10
0.08301530091322197,0.04037649097464485,0.0,0.0,0.0,10
0.11026340762880495,0.0,0.02240233621089567,0.0,0.0,10
0.11182701374984731,0.0,0.0,0.0,0.0,10
0.15202503816327664,0.0,0.06469589909582449,0.0,0.0,10
0.08719203231070866,0.0,0.0,0.0,0.0,10
0.09905395187508596,0.0,0.0,0.0,0.0,10
0.17247259499260806,0.0,0.030653663277672716,0.0,0.0,10
0.14285649796967292,0.23506864507727315,0.0,0.0,0.0,10
0.08946559337908618,0.0,0.0,0.0,0.0,10
0.09737016605008733,0.0,0.0,0.0,0.0,10
0.20012919609278582,0.0,0.16638456162662177,0.0,0.0,10
0.14157040183668337,0.0,0.20106884801454447,0.0,0.0,10
0.11956081035800399,0.0,0.0,0.0,0.0,10
0.09089700540192791,0.0,0.0,0.0,0.0,10
0.05649053425098692,0.0,0.0,0.0,0.0,10
0.03949626986741693,0.0,0.0,0.0,0.0,10
0.051943823609491055,0.0,0.0,0.0,0.0,10
0.0496919398518755,0.0,0.0,0.0,0.0,10
0.05175181780027299,0.0,0.0,0.0,0.0,10
0.04011321786299418,0.0,0.0,0.0,0.0,10
0.039489089057428914,0.0,0.0,0.0,0.0,10
0.057518373219869884,0.0,0.0,0.0,0.0,10
0.1177322809620522,0.0,0.0,0.0,0.0,10
0.06896180201305094,0.0,0.0,0.0,0.0,10
0.12468527592104513,0.0,0.044650681969335984,0.0,0.0,10
0.1246550481050372,0.0,0.0,0.0,0.0,10
0.14859962315923328,0.0,0.15029241628296433,0.0,0.0,10
0.16331429110328863,0.0,0.17276455681224243,0.0,0.0,10
0.1058486662891015,0.0,0.0,0.0,0.0,10
0.1386998360950222,0.0,0.012248505801773307,0.0,0.0,10
0.12268854919876568,0.0,0.0,0.0,0.0,10
0.14201114161050227,0.0,0.17928868227709688,0.0,0.0,10
0.1832960167532536,0.0,0.05104870995689764,0.0,0.0,10
0.16387225626035776,0.0,0.0,0.0,0.0,10
0.12393806063649582,0.0,0.0,0.0,0.0,10
0.06202206018540559,0.0,0.0,0.0,0.0,10
0.028243048382278053,0.0,0.0,0.0,0.0,10
0.05512837393165595,0.0,0.0,0.0,0.0,10
0.03769319055180692,0.0,0.0,0.0,0.0,10
0.04340490054507077,0.0,0.0,0.0,0.0,10
0.045426128109946035,0.0,0.0,0.0,0.0,10
0.04137607242016326,0.0,0.0,0.0,0.0,10
0.03494094646609023,0.0,0.0,0.0,0.0,10
0.050565226947583974,0.0,0.0,0.0,0.0,10
0.05119673687387046,0.0,0.0,0.0,0.0,10
0.06538021334758445,0.0,0.0,0.0,0.0,10
0.050483270522555135,0.0,0.0,0.0,0.0,10
0.04624018792268105,0.0,0.0,0.0,0.0,10
0.03829831803321661,0.0,0.0,0.0,0.0,10
0.03852531310248957,0.0,0.0,0.0,0.0,10
0.04976316594746795,0.0,0.0,0.0,0.0,10
0.018465862531942222,0.0,0.0,0.0,0.0,10
0.042872008407971784,0.0,0.0,0.0,0.0,10
0.04517382275978998,0.0,0.0,0.0,0.0,10
0.07411562574260025,0.0,0.0,0.0,0.0,10
0.07918552662532166,0.0,0.15055835925014405,0.0,0.0,10
0.10319350667592782,0.0,0.02883921670537519,0.0,0.0,10
0.12940061136086373,0.0,0.017341248189448044,0.0,0.0,10
0.11328935354183607,0.06319097620517032,0.0,0.0,0.0,10
0.05563179307118673,0.0,0.0,0.0,0.0,10
0.028004442134967517,0.0,0.0,0.0,0.0,10
0.047760339280725685,0.0,0.0,0.0,0.0,10
0.038246495254793504,0.0,0.0,0.0,0.0,10
0.04399438408322253,0.0,0.0,0.0,0.0,10
0.04795754823117378,0.0,0.0,0.0,0.0,10
0.04738320238886778,0.0,0.0,0.0,0.0,10
0.04197475610664584,0.0,0.0,0.0,0.0,10
0.05930811571313319,0.0,0.0,0.0,0.0,10
0.07669890725471705,0.0,0.0,0.0,0.0,10
0.03951830244244707,0.0,0.0,0.0,0.0,10
0.06271928422144739,0.0,0.0,0.0,0.0,10
0.06362695730242178,0.0,0.0,0.0,0.0,10
0.05379591844230363,0.0,0.0,0.0,0.0,10
0.05904702564857403,0.0,0.0,0.0,0.0,10
0.037855552574741276,0.0,0.0,0.0,0.0,10
0.07048528797467145,0.0,0.014988891349133185,0.0,0.0,10
0.09788761452200595,0.010119470296025446,0.0,0.0,0.0,10
0.08393991009433076,0.0,0.0,0.0,0.0,10
0.08075808879733137,0.0,0.06110577849849089,0.0,0.0,10
0.14521177198452306,0.0,0.0,0.0,0.0,10
0.19336452931647677,0.0,0.0590484759354685,0.0,0.0,10
0.14463170312944307,0.0,0.05275746216722926,0.0,0.0,10
0.18293641284458734,0.0,0.20853542881799347,0.0,0.0,10
0.09732878332685052,0.0,0.0,0.0,0.0,10
0.04177887097263429,0.0,0.0,0.0,0.0,10
0.0551850202713532,0.0,0.0,0.0,0.0,10
0.037682543172211716,0.0,0.0,0.0,0.0,10
0.044527818723999975,0.0,0.0,0.0,0.0,10
0.040723254816157996,0.0,0.0,0.0,0.0,10
0.04380994208246593,0.0,0.0,0.0,0.0,10
0.048093308508318534,0.0,0.0,0.0,0.0,10
0.04396636686636922,0.0,0.0,0.0,0.0,10
0.04722505200019469,0.0,0.0,0.0,0.0,10
0.03434098372759532,0.0,0.0,0.0,0.0,10
0.039150806949400783,0.0,0.0,0.0,0.0,10
0.014894896114192889,0.0,0.0,0.0,0.0,10
0.04492718790414187,0.0,0.0,0.0,0.0,10
0.04196540512044448,0.0,0.0,0.0,0.0,10
0.04822014564963971,0.0,0.0,0.0,0.0,10
0.03339746137140676,0.0,0.0,0.0,0.0,10
0.05376863675495931,0.0,0.0,0.0,0.0,10
0.08606295268762112,0.0,0.003788443167626235,0.0,0.0,10
0.09808061384432513,0.0,0.0,0.0,0.0,10
0.10481122143984556,0.0,0.17821046386344447,0.0,0.0,10
0.09255038010165402,0.0,0.09229525141059668,0.0,0.0,10
0.10218364492562851,0.0,0.0,0.0,0.0,10
0.1192710692135147,0.06729371906308519,0.0,0.0,0.0,10
0.06800119549295316,0.0,0.0,0.0,0.0,10
0.04104054328966682,0.0,0.0,0.0,0.0,10
0.053092429654961894,0.0,0.0,0.0,0.0,10
0.042711906798502564,0.0,0.0,0.0,0.0,10
0.046915417549253706,0.0,0.0,0.0,0.0,10
0.012812619618463628,0.0,0.0,0.0,0.0,10
0.05091528628948167,0.0,0.0,0.0,0.0,10
0.0367988935081796,0.0,0.0,0.0,0.0,10
0.047723680550704174,0.0,0.0,0.0,0.0,10
0.06172168317481002,0.0,0.0,0.0,0.0,10
0.09918175922738916,0.006579442518226439,0.0,0.0,0.0,10
0.10083836009921025,0.0,0.06576091152303577,0.0,0.0,10
0.0929755494771903,0.0,0.0,0.0,0.0,10
0.11113403927037996,0.0,0.0,0.0,0.0,10
0.10082428354043187,0.0,0.0,0.0,0.0,10
0.08894908139584048,0.0,0.0,0.0,0.0,10
0.07102374589794118,0.0,0.0,0.0,0.0,10
0.05637304205066332,0.0,0.0,0.0,0.0,10
0.032330923189093586,0.0,0.0,0.0,0.0,10
0.035499447493134224,0.0,0.0,0.0,0.0,10
0.08046027049686429,0.0,0.0,0.0,0.0,10
0.0874970994927075,0.0,0.0,0.0,0.0,10
0.06797356707550692,0.0,0.0,0.0,0.0,10
0.06605583523295007,0.0,0.0024368521498422807,0.0,0.0,10
0.05450927136607561,0.0,0.0,0.0,0.0,10
0.04467077246602275,0.0,0.0,0.0,0.0,10
0.026744813523302113,0.0,0.0,0.0,0.0,10
0.032450782341233525,0.0,0.0,0.0,0.0,10
0.03965559236755759,0.0,0.0,0.0,0.0,10
0.04703263301155622,0.0,0.0,0.0,0.0,10
0.03831049288592549,0.0,0.0,0.0,0.0,10
0.0480360320084641,0.0,0.0,0.0,0.0,10
0.04489836278009712,0.0,0.0,0.0,0.0,10
0.05572250337669015,0.0,0.0,0.0,0.0,10
0.04841810474397954,0.0,0.0,0.0,0.0,10
0.1398619478443863,0.0,0.17539316298931243,0.0,0.0,10
0.16405880491342412,0.0,0.25884767242482665,0.0,0.0,10
0.20354945520794598,0.0,0.429212149829882,0.0,0.0,10
0.14880585070500305,0.6056492682742775,0.0,0.0,0.0,10
0.2664455613280136,0.0,0.11254929613682235,0.0,0.0,10
0.20180927462968273,0.0,0.26785714294121166,0.0,0.0,10
0.3235994179473479,0.0,0.07851789917240543,0.0,0.0,10
0.31168747304735767,0.0,0.23217351831444943,0.0,0.0,10
0.1406725482643081,0.0,0.0,0.0,0.0,10
0.11748247708058591,0.0,0.0,0.0,0.0,10
0.15375508241263156,0.0,0.0,0.0,0.0,10
0.11789048627986418,0.0,0.0,0.0,0.0,10
0.10026270200517459,0.006817881880141513,0.0,0.0,0.0,10
0.07897455284750296,0.0,0.09111186690048306,0.0,0.0,10
0.08484530671848255,0.0,0.0,0.0,0.0,10
0.06673263139226142,0.0,0.16111312081233475,0.0,0.0,10
0.048865479045287714,0.0,0.0,0.0,0.0,10
0.05252983344255805,0.0,0.0,0.0,0.0,10
0.04284787464981829,0.0,0.0,0.0,0.0,10
0.03801861869849067,0.0,0.0,0.0,0.0,10
0.04559163668458025,0.0,0.0,0.0,0.0,10
0.03862949805400047,0.0,0.0,0.0,0.0,10
0.05256846116506954,0.0,0.0,0.0,0.0,10
0.0500225956354135,0.0,0.0,0.0,0.0,10
0.12087247754554714,0.16151968499609892,0.0,0.0,0.0,10
0.1232637850936253,0.0,0.03261251696413213,0.0,0.0,10
0.14733784896893426,0.0,0.1987189828045393,0.0,0.0,10
0.1571382875718046,0.0,0.3496428909464485,0.0,0.0,10
0.16029260463878656,0.0,0.0,0.0,0.0,10
0.12660947674903122,0.0,0.0,0.0,0.0,10
0.1389905482644619,0.0,0.0,0.0,0.0,10
0.11895911540418534,0.0,0.0,0.0,0.0,10
0.10969974219454562,0.0,0.0,0.0,0.0,10
0.1428318608512984,0.0,0.21930133461860268,0.0,0.0,10
0.13820427541240793,0.0,0.02611381761174092,0.0,0.0,10
0.10907159859639501,0.0,0.0,0.0,0.0,10
0.15011589115509227,0.0,0.0,0.0,0.0,10
0.12111738719562157,0.0,0.0,0.0,0.0,10
0.07415308220089896,0.0,0.0,0.0,0.0,10
0.05307187384394528,0.0,0.0,0.0,0.0,10
0.04513114436225971,0.0,0.0,0.0,0.0,10
0.04084567773195367,0.0,0.0,0.0,0.0,10
0.057146034606824145,0.0,0.0,0.0,0.0,10
0.04091240762600765,0.0,0.0,0.0,0.0,10
0.03692031252337199,0.0,0.0,0.0,0.0,10
0.07487162569536034,0.0,0.0,0.0,0.0,10
0.056402169344396395,0.0,0.0,0.0,0.0,10
0.05285420122817483,0.0,0.0,0.0,0.0,10
0.0431073593848695,0.0,0.0,0.0,0.0,10
0.03275291661756805,0.0,0.0,0.0,0.0,10
0.03992144926134442,0.0,0.0,0.0,0.0,10
0.04358411833804008,0.0,0.0,0.0,0.0,10
0.052705074983625096,0.0,0.0,0.0,0.0,10
0.056054011775526616,0.0,0.0,0.0,0.0,10
0.04978549055009579,0.0,0.0,0.0,0.0,10
0.0922699222123717,0.0,0.0,0.0,0.0,10
0.08696069366454066,0.0,0.10315653859639513,0.0,0.0,10
0.1198879103044171,0.0,0.42072856788506513,0.0,0.0,10
0.17627987780443719,0.0,0.0,0.0,0.0,10
0.15265074036156773,0.0,0.0,0.0,0.0,10
0.13624628290018126,0.0,0.0,0.0,0.0,10
0.06819099013198605,0.0,0.0,0.0,0.0,10
0.05948445217282066,0.0,0.0,0.0,0.0,10
0.05015050509878525,0.0,0.0,0.0,0.0,10
0.03802684114092667,0.0,0.0,0.0,0.0,10
0.05198501386461151,0.0,0.0,0.0,0.0,10
0.053399640337948306,0.0,0.0,0.0,0.0,10
0.04223055110584776,0.0,0.0,0.0,0.0,10
0.04140673314059738,0.0,0.0,0.0,0.0,10
0.10167811748687032,0.0,0.026323109436827988,0.0,0.0,10
0.08569378320388552,0.0,0.0,0.0,0.0,10
0.15891366552279654,0.0,0.08684093251645386,0.0,0.0,10
0.039573686707330864,0.0,0.0,0.0,0.0,10
0.013891171757722053,0.0,0.0,0.0,0.0,10
0.06060594019808171,0.0,0.0,0.0,0.0,10
0.12360654088316518,0.0,0.005740124004625355,0.0,0.0,10
0.08502094929992897,0.0,0.08681577931114869,0.0,0.0,10
0.16316035285058939,0.0,0.0,0.0,0.0,10
0.13405271303436722,0.0,0.07203711794907627,0.0,0.0,10
0.13323775141200858,0.0,0.08947043278705336,0.0,0.0,10
0.14365668841067838,0.0,0.06683284551618301,0.0,0.0,10
0.14363221323388578,0.16043260027272402,0.0,0.0,0.0,10
0.12873036192128726,0.0,0.07944409350721651,0.0,0.0,10
0.13678515379101147,0.0,0.0,0.0,0.0,10
0.11681377299959098,0.0,0.0,0.0,0.0,10
0.08447927192106981,0.0,0.0,0.0,0.0,10
0.06093124386264067,0.0,0.0,0.0,0.0,10
0.042852591354645204,0.0,0.0,0.0,0.0,10
0.04198100639098811,0.0,0.0,0.0,0.0,10
0.044829574191247876,0.0,0.0,0.0,0.0,10
0.05118153837655705,0.0,0.0,0.0,0.0,10
0.03857286306517033,0.0,0.0,0.0,0.0,10
0.04947818382831182,0.0,0.0,0.0,0.0,10
0.04569725805795612,0.0,0.0,0.0,0.0,10
0.04908033748051544,0.0,0.0,0.0,0.0,10
0.06194540151556894,0.0,0.0,0.0,0.0,10
0.08384010473290102,0.0,0.01237930221523953,0.0,0.0,10
0.10180637679462225,0.0,0.012965948035776942,0.0,0.0,10
0.08581637590517179,0.0,0.0,0.0,0.0,10
0.03870858023052888,0.0,0.0,0.0,0.0,10
0.0598462269717157,0.0,0.0,0.0,0.0,10
0.0800334116861047,0.0,0.0,0.0,0.0,10
0.08638356603431156,0.0,0.013684717997585041,0.0,0.0,10
0.10982238454678625,0.0,0.0,0.0,0.0,10
0.15222067840053824,0.0,0.22299689092608962,0.0,0.0,10
0.14801442230834755,0.0,0.0,0.0,0.0,10
0.15098606405402495,0.08160311585688482,0.0,0.0,0.0,10
0.13764648245169556,0.02480069590222464,0.0,0.0,0.0,10
0.1801919407605868,0.0,0.1156444288196592,0.0,0.0,10
0.05615381418168715,0.0,0.0,0.0,0.0,10
0.03584434837780833,0.0,0.0,0.0,0.0,10
0.04962861401673816,0.0,0.0,0.0,0.0,10
0.05107938509514995,0.0,0.0,0.0,0.0,10
0.04858882905658813,0.0,0.0,0.0,0.0,10
0.03956831875773973,0.0,0.0,0.0,0.0,10
0.04767012524612541,0.0,0.0,0.0,0.0,10
0.037379944098726955,0.0,0.0,0.0,0.0,10
0.052260110359892656,0.0,0.0,0.0,0.0,10
0.0611123696822735,0.0,0.0,0.0,0.0,10
0.09656433096590238,0.0,0.0359042051661977,0.0,0.0,10
0.13566438478072249,0.0,0.09946591726206899,0.0,0.0,10
0.10860641456940094,0.0,0.35802003141857647,0.0,0.0,10
0.13918826604842732,0.0,0.3009565966975717,0.0,0.0,10
0.23181612162941845,0.0,0.10090199252590831,0.0,0.0,10
0.19895822328496565,0.0,0.16211738538680903,0.0,0.0,10
0.09541391516819278,0.0,0.0,0.0,0.0,10
0.06878188722054847,0.0,0.0,0.0,0.0,10
0.06608896479532073,0.0,0.0,0.0,0.0,10
0.13912592631757228,0.0,0.5916664048294601,0.0,0.0,10
0.2697879474681847,0.4378697306630488,0.0,0.0,0.0,10
0.30120412374638517,0.0,0.0,0.0,0.0,10
0.29691058388168706,0.0,0.08566666352902269,0.0,0.0,10
0.12710865401112026,0.0,0.0,0.0,0.0,10
0.08250670163948468,0.0,0.0,0.0,0.0,10
0.08025187824114266,0.0,0.0,0.0,0.0,10
0.07365338579071778,0.0,0.0,0.0,0.0,10
0.054417972600282846,0.0,0.0,0.0,0.0,10
0.05239526905338129,0.0,0.0,0.0,0.0,10
0.04009683705047039,0.0,0.0,0.0,0.0,10
0.04736618474885274,0.0,0.0,0.0,0.0,10
0.052293610342854124,0.0,0.0,0.0,0.0,10
0.0628075220271384,0.0,0.0,0.0,0.0,10
0.057327503112284836,0.0,0.0,0.0,0.0,10
0.0970562646641844,0.05888951365825851,0.0,0.0,0.0,10
0.10820963705365089,0.0,0.07625934227450659,0.0,0.0,10
0.1169857623796019,0.0,0.26176578880889123,0.0,0.0,10
0.11364381474474254,0.27994866040574307,0.0,0.0,0.0,10
0.19393168328586716,0.0,0.3768133601806847,0.0,0.0,10
0.21232796194526535,0.0,0.07274045350438138,0.0,0.0,10
0.23606994085283076,0.0,0.2009399027222585,0.0,0.0,10
0.14667756739614782,0.0,0.0,0.0,0.0,10
0.08092158228117247,0.0,0.0,0.0,0.0,10
0.1646544420415796,0.0,0.0,0.0,0.0,10
0.13064831741291058,0.0,0.17708720007742504,0.0,0.0,10
0.11490477665505906,0.0,0.5870784486087833,0.0,0.0,10
0.14358990011401362,0.0,0.10603077830331617,0.0,0.0,11
0.1972784339149678,0.0,0.06346976034757479,0.0,0.0,11
0.19746251964515277,0.023855807997152895,0.0,0.0,0.0,11
0.08742597887567159,0.0,0.0,0.0,0.0,11
0.07736506504466324,0.0,0.0,0.0,0.0,11
0.109449567780732,0.0,0.001317981215453179,0.0,0.0,11
0.13904381640584682,0.0,0.0,0.0,0.0,11
0.11208492193457964,0.0,0.0,0.0,0.0,11
0.10001574380314293,0.0,0.0,0.0,0.0,11
0.2082504242752999,0.0,0.2907619339873324,0.0,0.0,11
0.14940374063300438,0.0,0.00983188058822565,0.0,0.0,11
0.1143264795584267,0.0,0.0,0.0,0.0,11
0.04530086248049412,0.0,0.0,0.0,0.0,11
0.05134504837514414,0.0,0.0,0.0,0.0,11
0.04650167607230445,0.0,0.0,0.0,0.0,11
0.055824339121278696,0.0,0.0,0.0,0.0,11
0.03614862753503685,0.0,0.0,0.0,0.0,11
0.044497628551512125,0.0,0.0,0.0,0.0,11
0.03976594759690076,0.0,0.0,0.0,0.0,11
0.03957669032528951,0.0,0.0,0.0,0.0,11
0.054941216062680806,0.0,0.0,0.0,0.0,11
0.040758389765531075,0.0,0.0,0.0,0.0,11
0.05903446202771941,0.0,0.0,0.0,0.0,11
0.08779891568196967,0.0,0.20187473801625389,0.0,0.0,11
0.15598789150387046,0.0,0.05616120805312358,0.0,0.0,11
0.14565805581387195,0.0,0.04954922427249095,0.0,0.0,11
0.039892490837548145,0.0,0.0,0.0,0.0,11
0.045647529159247316,0.0,0.0,0.0,0.0,11
0.04787261753730189,0.0,0.0,0.0,0.0,11
0.049193716360524255,0.0,0.0,0.0,0.0,11
0.036102249141309654,0.0,0.0,0.0,0.0,11
0.038775586620092985,0.0,0.0,0.0,0.0,11
0.04281748420950727,0.0,0.0,0.0,0.0,11
0.038215426134517366,0.0,0.0,0.0,0.0,11
0.059543030314317846,0.0,0.0,0.0,0.0,11
0.08628743370287399,0.0,0.0,0.0,0.0,11
0.07702909541745875,0.0,0.0,0.0,0.0,11
0.04696674792959086,0.0,0.0,0.0,0.0,11
0.04502130413734218,0.0,0.0,0.0,0.0,11
0.05191357353418555,0.0,0.0,0.0,0.0,11
0.05723626326099653,0.0,0.0,0.0,0.0,11
0.04898881156544802,0.0,0.0,0.0,0.0,11
0.04771661386488047,0.0,0.0,0.0,0.0,11
0.04912117856794342,0.0,0.0,0.0,0.0,11
0.0737308606667946,0.0,0.0,0.0,0.0,11
0.05187659190644409,0.0,0.0,0.0,0.0,11
0.0446873932526647,0.0,0.0,0.0,0.0,11
0.05931935558377213,0.0,0.0,0.0,0.0,11
0.05586556907896595,0.0,0.0,0.0,0.0,11
0.05297374068403479,0.0,0.0,0.0,0.0,11
0.058759950434463526,0.0,0.0,0.0,0.0,11
0.09795900245323548,0.0,0.11075406591129634,0.0,0.0,11
0.12269127144054531,0.0,0.12457479094025894,0.0,0.0,11
0.08424551200328265,0.0,0.0,0.0,0.0,11
0.09078568577723303,0.0,0.0,0.0,0.0,11
0.08733697372785157,0.0,0.0,0.0,0.0,11
0.11765193931712642,0.0,0.25475323599004,0.0,0.0,11
0.13992434105145668,0.0,0.036229951320121384,0.0,0.0,11
0.11865225859537973,0.0,0.05081814841888932,0.0,0.0,11
0.11261565440593295,0.0,0.0,0.0,0.0,11
0.07397117374946235,0.0,0.0,0.0,0.0,11
0.07649114626373617,0.0,0.0,0.0,0.0,11
0.04853205765277666,0.0,0.0,0.0,0.0,11
0.037451339654876334,0.0,0.0,0.0,0.0,11
0.05416977232851692,0.0,0.0,0.0,0.0,11
0.048204737962211336,0.0,0.0,0.0,0.0,11
0.04475906008657631,0.0,0.0,0.0,0.0,11
0.035667657826604665,0.0,0.0,0.0,0.0,11
0.046039014460954486,0.0,0.03668897453254241,0.0,0.0,11
0.04842131062731935,0.0,0.0,0.0,0.0,11
0.0559880319210056,0.0,0.0,0.0,0.0,11
0.06087865390088839,0.0,0.0,0.0,0.0,11
0.055315228672549406,0.0,0.0,0.0,0.0,11
0.045574151740287866,0.0,0.0,0.0,0.0,11
0.055281471713870656,0.0,0.0,0.0,0.0,11
0.05848358657104824,0.0,0.0,0.0,0.0,11
0.042560984446020786,0.0,0.0,0.0,0.0,11
0.04708963034636233,0.0,0.0,0.0,0.0,11
0.05758790471144152,0.0,0.0,0.0,0.0,11
0.05271867473333046,0.0,0.0,0.0,0.0,11
0.15279299882246514,0.0,0.02652378341732803,0.0,0.0,11
0.13100715917053735,0.0,0.0,0.0,0.0,11
0.13354757849970275,0.0,0.0,0.0,0.0,11
0.11511072891754423,0.0,0.0,0.0,0.0,11
0.07056324401239468,0.0,0.0,0.0,0.0,11
0.05335641005416745,0.0,0.0,0.0,0.0,11
0.05431507391415444,0.0,0.0,0.0,0.0,11
0.042146900105547246,0.0,0.0,0.0,0.0,11
0.04798163662488939,0.0,0.0,0.0,0.0,11
0.04474750946866466,0.0,0.0,0.0,0.0,11
0.04106705975549682,0.0,0.0,0.0,0.0,11
0.04128055528070538,0.0,0.0,0.0,0.0,11
0.06409606644051616,0.0,0.0,0.0,0.0,11
0.1188895551574623,0.035233429355100376,0.0,0.0,0.0,11
0.08691712895362183,0.0,0.0,0.0,0.0,11
0.08521970382556616,0.17095334313157895,0.0,0.0,0.0,11
0.05917987773494104,0.0,0.0,0.0,0.0,11
0.05532976263825751,0.0,0.0,0.0,0.0,11
0.051200261445268076,0.0,0.0,0.0,0.0,11
0.04948540653767812,0.0,0.0,0.0,0.0,11
0.07601495047235238,0.0,0.0,0.0,0.0,11
0.09530415983365435,0.0,0.0,0.0,0.0,11
0.08884541316510086,0.0,0.0,0.0,0.0,11
0.07035592385680987,0.0,0.0,0.0,0.0,11
0.12055349295515468,0.0,0.0037615994060468533,0.0,0.0,11
0.09231559691176754,0.0,0.02893212984672426,0.0,0.0,11
0.12676430443317815,0.0,0.007718663112133373,0.0,0.0,11
0.08467222668739245,0.0,0.0,0.0,0.0,11
0.059295395496833096,0.0,0.0,0.0,0.0,11
0.04512357921882396,0.0,0.0,0.0,0.0,11
0.03920143922714859,0.0,0.0,0.0,0.0,11
0.05206595775392032,0.0,0.0,0.0,0.0,11
0.03945203119036531,0.0,0.0,0.0,0.0,11
0.04742576464249826,0.0,0.0,0.0,0.0,11
0.04148148681137188,0.0,0.0,0.0,0.0,11
0.046261317826848634,0.0,0.0,0.0,0.0,11
0.05227738959924356,0.0,0.0,0.0,0.0,11
0.03724261000888368,0.0,0.0,0.0,0.0,11
0.05043352934218903,0.0,0.0,0.0,0.0,11
0.03860033642543739,0.0,0.0,0.0,0.0,11
0.03887928595920353,0.0,0.0,0.0,0.0,11
0.045686491128384174,0.0,0.0,0.0,0.0,11
0.035639396429032515,0.0,0.0,0.0,0.0,11
0.049960674289242495,0.0,0.0,0.0,0.0,11
0.0428324404545578,0.0,0.0,0.0,0.0,11
0.05752324678023828,0.0,0.0,0.0,0.0,11
0.06747002004316778,0.0,0.0,0.0,0.0,11
0.09113089264591794,0.0,0.07761176949255665,0.0,0.0,11
0.1366977711184247,0.20072262271008265,0.0,0.0,0.0,11
0.13017090867648634,0.0,0.0,0.0,0.0,11
0.15594721212631052,0.0,0.0,0.0,0.0,11
0.11956836165218489,0.0,0.003463969407202394,0.0,0.0,11
0.08003729216164193,0.0,0.0,0.0,0.0,11
0.04921204903240285,0.0,0.0,0.0,0.0,11
0.04297258672700556,0.0,0.0,0.0,0.0,11
0.05280093033800935,0.0,0.0,0.0,0.0,11
0.03993597112143492,0.0,0.0,0.0,0.0,11
0.05355560842857806,0.0,0.0,0.0,0.0,11
0.05067825611903136,0.0,0.0,0.0,0.0,11
0.03676659217101426,0.0,0.0,0.0,0.0,11
0.05912270782036155,0.0,0.0,0.0,0.0,11
0.12309113726387949,0.07919420550190437,0.0,0.0,0.0,11
0.09646516922366583,0.0,0.1501562445994346,0.0,0.0,11
0.17955309086278015,0.0,0.34051387228922125,0.0,0.0,11
0.10642675955499893,0.0,0.0,0.0,0.0,11
0.0723872246823492,0.0,0.0,0.0,0.0,11
0.16208493552749054,0.0,0.3730036981708594,0.0,0.0,11
0.25862854176248246,0.2910169831771156,0.0,0.0,0.0,11
0.1736393649411739,0.26959467321827346,0.0,0.0,0.0,11
0.23013619046107003,0.0,0.25260398209594637,0.0,0.0,11
0.2439971707617504,0.0,0.08419023383320431,0.0,0.0,11
0.24968698293882893,0.0,0.21930281788003517,0.0,0.0,11
0.2959002467024053,0.0,0.10290225584251628,0.0,0.0,11
0.20951173691989775,0.0,0.41366927340748194,0.0,0.0,11
0.2926187540352847,0.0,0.08712953366891979,0.0,0.0,11
0.17403314385095967,0.0,0.0,0.0,0.0,11
0.06298331024707332,0.0,0.0,0.0,0.0,11
0.05191328743864867,0.0,0.0,0.0,0.0,11
0.05387465809558381,0.0,0.0,0.0,0.0,11
0.04967888220248892,0.0,0.0,0.0,0.0,11
0.059957141760902555,0.0,0.0,0.0,0.0,11
0.06207148058974034,0.0,0.0,0.0,0.0,11
0.04992480287465447,0.0,0.0,0.0,0.0,11
0.04934506621304776,0.0,0.0,0.0,0.0,11
0.050006076089326966,0.0,0.0,0.0,0.0,11
0.06467475129957366,0.0,0.0,0.0,0.0,11
0.11129180277778508,0.0,0.02495615974887347,0.0,0.0,11
0.17607265984322557,0.01709869670304759,0.0,0.0,0.0,11
0.16426996893791346,0.0,0.01213622343692411,0.0,0.0,11
0.15882637354362766,0.09221845635854153,0.0,0.0,0.0,11
0.12197844726132724,0.0,0.0,0.0,0.0,11
0.1354248804059691,0.015494176297192908,0.0,0.0,0.0,11
0.0944450261314139,0.0,0.07754256851188793,0.0,0.0,11
0.13526550243698693,0.0,0.0,0.0,0.0,11
0.07258475360595576,0.0,0.11918582332730498,0.0,0.0,11
0.13593862247706254,0.035875765492083656,0.0,0.0,0.0,11
0.14404999154885773,0.0,0.2544886132015394,0.0,0.0,11
0.1537706786575525,0.0,0.06095387211015632,0.0,0.0,11
0.09314832180893852,0.0,0.0,0.0,0.0,11
0.09758131073896854,0.0,0.0,0.0,0.0,11
0.08616838362886504,0.0,0.0,0.0,0.0,11
0.06002750459768611,0.0,0.0,0.0,0.0,11
0.04209338811636881,0.0,0.0,0.0,0.0,11
0.04497869269467094,0.0,0.0,0.0,0.0,11
0.04447153319030439,0.0,0.0,0.0,0.0,11
0.035670464525954675,0.0,0.0,0.0,0.0,11
0.022489386057147457,0.0,0.0,0.0,0.0,11
0.0402055027433871,0.0,0.0,0.0,0.0,11
0.04149299477976041,0.0,0.0,0.0,0.0,11
0.04031944115398332,0.0,0.0,0.0,0.0,11
0.08701754091760412,0.0,0.013892291030316209,0.0,0.0,11
0.11315564428634611,0.0,0.03541204588691582,0.0,0.0,11
0.10336189976417534,0.0,0.02315316959214933,0.0,0.0,11
0.1254458159459765,0.0,0.0,0.0,0.0,11
0.1120665198058417,0.0,0.013671783267843102,0.0,0.0,11
0.10904916106533201,0.0,0.0,0.0,0.0,11
0.09883105041223313,0.0,0.07455292577804772,0.0,0.0,11
0.09302048112980296,0.0,0.0,0.0,0.0,11
0.1061023827035007,0.0,0.0005562907388480809,0.0,0.0,11
0.12840782053307545,0.0,0.05212832916858548,0.0,0.0,11
0.14947589166811057,0.23078933994904846,0.0,0.0,0.0,11
0.1231130988180552,0.0,0.0,0.0,0.0,11
0.10191909008436892,0.029972667562819577,0.0,0.0,0.0,11
0.14381820352638314,0.0,0.30364101949805483,0.0,0.0,11
0.14623571496795032,0.0,0.17592495576465308,0.0,0.0,11
0.10509641846222578,0.0,0.0,0.0,0.0,11
0.10184802456172122,0.0,0.0,0.0,0.0,11
0.06015280890813787,0.0,0.0,0.0,0.0,11
0.04331982649756278,0.0,0.0,0.0,0.0,11
0.048707315752691674,0.0,0.0,0.0,0.0,11
0.03869969997875504,0.0,0.0,0.0,0.0,11
0.049834111273746914,0.0,0.0,0.0,0.0,11
0.04010398833357129,0.0,0.0,0.0,0.0,11
0.0493513768632388,0.0,0.0,0.0,0.0,11
0.06273066571108303,0.0,0.0,0.0,0.0,11
0.072478639943946,0.02449427818728804,0.0,0.0,0.0,11
0.08079519378534435,0.0,0.0,0.0,0.0,11
0.09760226325685581,0.0,0.05631342655831825,0.0,0.0,11
0.15427015473572478,0.0,0.0,0.0,0.0,11
0.20061725147633697,0.0,0.06570068024769854,0.0,0.0,11
0.15731044793707674,0.0,0.27395422944936454,0.0,0.0,11
0.1078698267232156,0.0,0.0,0.0,0.0,11
0.15982351710703968,0.0,0.0,0.0,0.0,11
0.10004796806428672,0.0,0.0,0.0,0.0,11
0.12968579698278018,0.0,0.16147171173139332,0.0,0.0,11
0.14757179601692855,0.0,0.06367134677611067,0.0,0.0,11
0.14615044115835438,0.0,0.0,0.0,0.0,11
0.09367331089429343,0.0,0.0,0.0,0.0,11
0.0692784276605214,0.0,0.0,0.0,0.0,11
0.02820851594279106,0.0,0.0,0.0,0.0,11
0.058141557503133566,0.0,0.0,0.0,0.0,11
0.03643705666429493,0.0,0.0,0.0,0.0,11
0.05499353791624897,0.0,0.0,0.0,0.0,11
0.039199283158349564,0.0,0.0,0.0,0.0,11
0.04495858484291744,0.0,0.0,0.0,0.0,11
0.04218503829748981,0.0,0.0,0.0,0.0,11
0.04332792489625275,0.0,0.0,0.0,0.0,11
0.04785053921937684,0.0,0.0,0.0,0.0,11
0.06798134847552206,0.0,0.0,0.0,0.0,11
0.051791328754888184,0.0,0.0,0.0,0.0,11
0.039050074204643924,0.0,0.0,0.0,0.0,11
0.03682432855523186,0.0,0.0,0.0,0.0,11
0.04282253661606896,0.0,0.0,0.0,0.0,11
0.044911581906219626,0.0,0.0,0.0,0.0,11
0.024927381547425558,0.0,0.0,0.0,0.0,11
0.041921931869831425,0.0,0.0,0.0,0.0,11
0.033453666241962304,0.0,0.0,0.0,0.0,11
0.06961968040006966,0.0,0.0,0.0,0.0,11
0.09982180578997646,0.0,0.11549839186056296,0.0,0.0,11
0.1196448892449314,0.0,0.021114417885533546,0.0,0.0,11
0.13839785761319717,0.0,0.025865869632482746,0.0,0.0,11
0.10547653586616088,0.048990353456765334,0.0,0.0,0.0,11
0.06585620559316675,0.0,0.0,0.0,0.0,11
0.029722344884777555,0.0,0.0,0.0,0.0,11
0.04301086884985444,0.0,0.0,0.0,0.0,11
0.03983605544973897,0.0,0.0,0.0,0.0,11
0.03913618127118007,0.0,0.0,0.0,0.0,11
0.04492369754933167,0.0,0.0,0.0,0.0,11
0.04803272042397278,0.0,0.0,0.0,0.0,11
0.044424390700859066,0.0,0.0,0.0,0.0,11
0.06516575627142002,0.0,0.0,0.0,0.0,11
0.08298618668839212,0.0,0.0,0.0,0.0,11
0.03954786322843755,0.0,0.0,0.0,0.0,11
0.0717841367237999,0.0,0.0,0.0,0.0,11
0.06030716722489273,0.0,0.0,0.0,0.0,11
0.062088653667214215,0.0,0.0,0.0,0.0,11
0.0862026075501686,0.0,0.0,0.0,0.0,11
0.040285945758404745,0.0,0.0,0.0,0.0,11
0.11532994668397666,0.0,0.0,0.0,0.0,11
0.08934336132206318,0.0,0.0,0.0,0.0,11
0.0894416772836352,0.0,0.0,0.0,0.0,11
0.08586173167856562,0.0,0.05325705012728013,0.0,0.0,11
0.13953234499818717,0.0,0.0,0.0,0.0,11
0.15119468244654952,0.0,0.12040868037694327,0.0,0.0,11
0.1796221764939195,0.0,0.0,0.0,0.0,11
0.1213523924185794,0.0,0.22080801478074705,0.0,0.0,11
0.10423321573049071,0.0,0.0,0.0,0.0,11
0.041784844286592085,0.0,0.0,0.0,0.0,11
0.04709297144409449,0.0,0.0,0.0,0.0,11
0.0424079777809554,0.0,0.0,0.0,0.0,11
0.034571632879641025,0.0,0.0,0.0,0.0,11
0.0342226448110122,0.0,0.0,0.0,0.0,11
0.03849891540863196,0.0,0.0,0.0,0.0,11
0.05269438261749118,0.0,0.0,0.0,0.0,11
0.047842751336243536,0.0,0.0,0.0,0.0,11
0.0544922424615931,0.0,0.0,0.0,0.0,11
0.03725402887404862,0.0,0.0,0.0,0.0,11
0.03970646863135108,0.0,0.0,0.0,0.0,11
0.016505915033111187,0.0,0.0,0.0,0.0,11
0.04276876433660058,0.0,0.0,0.0,0.0,11
0.04191567595952639,0.0,0.0,0.0,0.0,11
0.04546158632409034,0.0,0.0,0.0,0.0,11
0.039459455290556,0.0,0.0,0.0,0.0,11
0.05669102532318194,0.0,0.0,0.0,0.0,11
0.1016338096705751,0.0,0.0,0.0,0.0,11
0.1209759444043042,0.0,0.0,0.0,0.0,11
0.09436664341580017,0.0,0.246743374944118,0.0,0.0,11
0.08922711120462189,0.0,0.07131007370701058,0.0,0.0,11
0.11543813863415825,0.0,0.0,0.0,0.0,11
0.1773088659753693,0.02165493270371943,0.0,0.0,0.0,11
0.05953811452106964,0.0,0.0,0.0,0.0,11
0.04064826931275138,0.0,0.0,0.0,0.0,11
0.05047624728010689,0.0,0.0,0.0,0.0,11
0.0399782995767881,0.0,0.0,0.0,0.0,11
0.040974795414208724,0.0,0.0,0.0,0.0,11
0.013634748040092064,0.0,0.0,0.0,0.0,11
0.05393304807065932,0.0,0.0,0.0,0.0,11
0.04150446832690066,0.0,0.0,0.0,0.0,11
0.07286007552751836,0.0,0.0,0.0,0.0,11
0.07316922836523163,0.0,0.0,0.0,0.0,11
0.09367596746470956,0.0,0.0,0.0,0.0,11
0.1573014645232039,0.0,0.021996804869982955,0.0,0.0,11
0.09185847838049747,0.0,0.0,0.0,0.0,11
0.08303055762573416,0.0,0.0,0.0,0.0,11
0.07616845000650195,0.0,0.0,0.0,0.0,11
0.06046390233376172,0.0,0.0,0.0,0.0,11
0.0606826078999181,0.0,0.0,0.0,0.0,11
0.059228535767644,0.0,0.0,0.0,0.0,11
0.028462184281129888,0.0,0.0,0.0,0.0,11
0.039431311984151396,0.0,0.0,0.0,0.0,11
0.0746756781135808,0.0,0.0,0.0,0.0,11
0.07256839034883798,0.0,0.010686198248444023,0.0,0.0,11
0.06397426646843743,0.0,0.0,0.0,0.0,11
0.08329164000400113,0.0,0.0,0.0,0.0,11
0.057793001563941265,0.0,0.0,0.0,0.0,11
0.04435882559058435,0.0,0.0,0.0,0.0,11
0.030962177258142133,0.0,0.0,0.0,0.0,11
0.03644300202213205,0.0,0.0,0.0,0.0,11
0.04266540851499567,0.0,0.0,0.0,0.0,11
0.05257054629543245,0.0,0.0,0.0,0.0,11
0.03256992294208955,0.0,0.0,0.0,0.0,11
0.057095475137225904,0.0,0.0,0.0,0.0,11
0.03978273422714053,0.0,0.0,0.0,0.0,11
0.05326634684803311,0.0,0.0,0.0,0.0,11
0.055433801927621464,0.0,0.0,0.0,0.0,11
0.09362387309134455,0.0,0.19715163082876574,0.0,0.0,11
0.11691204186637029,0.0,0.38427387772919186,0.0,0.0,11
0.12324719863214627,0.0,0.4445792884346127,0.0,0.0,11
0.28192501810032433,0.5886655199299597,0.0,0.0,0.0,11
0.29196140226657924,0.0,0.1324749773566266,0.0,0.0,11
0.25366930691592654,0.0,0.28344692723887505,0.0,0.0,11
0.2727796412359235,0.0,0.22600668917799582,0.0,0.0,11
0.2714782056870842,0.0,0.3035332636763424,0.0,0.0,11
0.11925580764649031,0.0,0.0,0.0,0.0,11
0.1163176047174921,0.0,0.0,0.0,0.0,11
0.1628797629448465,0.0,0.003110216454578707,0.0,0.0,11
0.11695630782054797,0.0,0.0,0.0,0.0,11
0.11796578660297524,0.0,0.0,0.0,0.0,11
0.14626378165097928,0.0,0.036866468377750816,0.0,0.0,11
0.08000844883172627,0.0,0.0,0.0,0.0,11
0.16867603222674682,0.0,0.03661671161742161,0.0,0.0,11
0.052630331881392864,0.0,0.0,0.0,0.0,11
0.05312455986428424,0.0,0.0,0.0,0.0,11
0.04237468068170015,0.0,0.0,0.0,0.0,11
0.04912089549904129,0.0,0.0,0.0,0.0,11
0.0482516295328442,0.0,0.0,0.0,0.0,11
0.036618134641629725,0.0,0.0,0.0,0.0,11
0.05491432215959574,0.0,0.0,0.0,0.0,11
0.048392850353241396,0.0,0.0,0.0,0.0,11
0.08150821959682973,0.25586447641722077,0.0,0.0,0.0,11
0.12825911370367704,0.0,0.022313704771148052,0.0,0.0,11
0.09045157873488832,0.0,0.27368158017504574,0.0,0.0,11
0.12835601566165172,0.0,0.3675330133537024,0.0,0.0,11
0.15059164447731735,0.0,0.0,0.0,0.0,11
0.1340409427457742,0.0,0.0,0.0,0.0,11
0.1399537621519818,0.0,0.0,0.0,0.0,11
0.12180115767870928,0.0,0.0,0.0,0.0,11
0.10537062011051927,0.0,0.0,0.0,0.0,11
0.13618233964182,0.0,0.24623357210967736,0.0,0.0,11
0.1345705287876182,0.0,0.0,0.0,0.0,11
0.12115205914659073,0.0,0.0,0.0,0.0,11
0.13276512133353569,0.0,0.0,0.0,0.0,11
0.08920338669497607,0.0,0.0,0.0,0.0,11
0.08292559126126285,0.0,0.0,0.0,0.0,11
0.05694900109445814,0.0,0.0,0.0,0.0,11
0.06200565370741377,0.0,0.0,0.0,0.0,11
0.044169436111359886,0.0,0.0,0.0,0.0,11
0.05913733471271268,0.0,0.0,0.0,0.0,11
0.04285956058260871,0.0,0.0,0.0,0.0,11
0.038726750491805205,0.0,0.0,0.0,0.0,11
0.08265321307289047,0.0,0.0,0.0,0.0,11
0.04737521434036761,0.0,0.0,0.0,0.0,11
0.04683192018499395,0.0,0.0,0.0,0.0,11
0.03888146257450135,0.0,0.0,0.0,0.0,11
0.05008531801065618,0.0,0.0,0.0,0.0,11
0.03629227916400623,0.0,0.0,0.0,0.0,11
0.052579971453871166,0.0,0.0,0.0,0.0,11
0.06080258485091749,0.0,0.0,0.0,0.0,11
0.05282382290585787,0.0,0.0,0.0,0.0,11
0.05583736282062424,0.0,0.0,0.0,0.0,11
0.08741104930360907,0.0,0.0021103928108891917,0.0,0.0,11
0.07522060196670773,0.0,0.14495492800101406,0.0,0.0,11
0.13473619751989968,0.0,0.5037302322768165,0.0,0.0,11
0.1517289309214866,0.0,0.0,0.0,0.0,11
0.14279778271031524,0.0,0.0,0.0,0.0,11
0.15551210692294518,0.0,0.0,0.0,0.0,11
0.06336470055281498,0.0,0.0,0.0,0.0,11
0.06421481256954206,0.0,0.0,0.0,0.0,11
0.054470913210771695,0.0,0.0,0.0,0.0,11
0.04174561622827493,0.0,0.0,0.0,0.0,11
0.04075016865087627,0.0,0.0,0.0,0.0,11
0.05007451328083658,0.0,0.0,0.0,0.0,11
0.042853312031308294,0.0,0.0,0.0,0.0,11
0.04051763473078117,0.0,0.0,0.0,0.0,11
0.11868929225550913,0.0,0.012980690138303011,0.0,0.0,11
0.08245862825747112,0.0,0.0,0.0,0.0,11
0.12644109909581283,0.0,0.12025408792415773,0.0,0.0,11
0.04822566056483664,0.0,0.0,0.0,0.0,11
0.01527740153511452,0.0,0.0,0.0,0.0,11
0.059029734858542265,0.0,0.0,0.0,0.0,11
0.13595785086637593,0.0,0.0,0.0,0.0,11
0.11631835716947239,0.0,0.03406540012769846,0.0,0.0,11
0.1185465312006789,0.0,0.03479244713000251,0.0,0.0,11
0.17798451793028813,0.0,0.08802647157755356,0.0,0.0,11
0.17810975574759408,0.0,0.026272468733150423,0.0,0.0,11
0.16153287419817072,0.0,0.048373145965208586,0.0,0.0,11
0.17944859505276006,0.09026154945588649,0.0,0.0,0.0,11
0.12991944517640408,0.0,0.03393843566673871,0.0,0.0,11
0.1621646822831256,0.0,0.014663433566352108,0.0,0.0,11
0.11448952926646844,0.0,0.0,0.0,0.0,11
0.09311351532599633,0.0,0.0,0.0,0.0,11
0.05829386880866935,0.0,0.0,0.0,0.0,11
0.07011912066105849,0.0,0.0,0.0,0.0,11
0.041067588645663185,0.0,0.0,0.0,0.0,11
0.04478074114118401,0.0,0.0,0.0,0.0,11
0.04497112685429918,0.0,0.0,0.0,0.0,11
0.03838648433081252,0.0,0.0,0.0,0.0,11
0.0484621243738282,0.0,0.0,0.0,0.0,11
0.04201751654976709,0.0,0.0,0.0,0.0,11
0.0449779990250498,0.0,0.0,0.0,0.0,11
0.06352969565351396,0.0,0.008993396819157826,0.0,0.0,11
0.10764551600849806,0.0,0.0,0.0,0.0,11
0.09234694371453002,0.0,0.0,0.0,0.0,11
0.08305198915197422,0.0,0.0,0.0,0.0,11
0.04453395120751915,0.0,0.0,0.0,0.0,11
0.054230926645665416,0.0,0.0,0.0,0.0,11
0.07683016442974135,0.0,0.0,0.0,0.0,11
0.09911922135247613,0.0,0.0,0.0,0.0,11
0.07810430684085516,0.0,0.0,0.0,0.0,11
0.11668541070915633,0.0,0.2044516194656375,0.0,0.0,11
0.15170121741424833,0.0,0.0,0.0,0.0,11
0.1841628406094987,0.06596819041931681,0.0,0.0,0.0,11
0.11184185494119517,0.06070622383108468,0.0,0.0,0.0,11
0.15424318786826152,0.0,0.1473422624325756,0.0,0.0,11
0.04865927540296224,0.0,0.0,0.0,0.0,11
0.048403319770958984,0.0,0.0,0.0,0.0,11
0.042876530892482244,0.0,0.0,0.0,0.0,11
0.04602572603228935,0.0,0.0,0.0,0.0,11
0.05063006260921075,0.0,0.0,0.0,0.0,11
0.044068578542434934,0.0,0.0,0.0,0.0,11
0.04906393091128663,0.0,0.0,0.0,0.0,11
0.03637530485510549,0.0,0.0,0.0,0.0,11
0.05566559722454699,0.0,0.0,0.0,0.0,11
0.06593018681185435,0.0,0.0,0.0,0.0,11
0.11633689681981059,0.0,0.0017478404073153625,0.0,0.0,11
0.09817945097994578,0.0,0.1008470944741184,0.0,0.0,11
0.1555660570080447,0.0,0.32907074140842546,0.0,0.0,11
0.2188805145689412,0.0,0.12625589972590373,0.0,0.0,11
0.1706239357823852,0.0,0.14102222221825286,0.0,0.0,11
0.17584690125780617,0.0,0.15187660146970672,0.0,0.0,11
0.08128399759664331,0.0,0.0,0.0,0.0,11
0.06165550476775665,0.0,0.0,0.0,0.0,11
0.05874634639630603,0.0,0.0,0.0,0.0,11
0.12279699137312246,0.0,0.7032408306704484,0.0,0.0,11
0.1749317472379328,0.5007418944803461,0.0,0.0,0.0,11
0.19953909891022373,0.0,0.18774482922033844,0.0,0.0,11
0.22254323438782772,0.0,0.1281125131683303,0.0,0.0,11
0.1215179856252567,0.0,0.0,0.0,0.0,11
0.0711982273727655,0.0,0.0,0.0,0.0,11
0.06131579118480202,0.0,0.0,0.0,0.0,11
0.0661268317544422,0.0,0.0,0.0,0.0,11
0.06472479873793766,0.0,0.0,0.0,0.0,11
0.04650033403774235,0.0,0.0,0.0,0.0,11
0.03789192238872288,0.0,0.0,0.0,0.0,11
0.04533571089258534,0.0,0.0,0.0,0.0,11
0.04800712640710574,0.0,0.0,0.0,0.0,11
0.05272299168896205,0.0,0.0,0.0,0.0,11
0.057372172204397526,0.0,0.0,0.0,0.0,11
0.07677816966709325,0.04814246310856303,0.0,0.0,0.0,11
0.10784903562507374,0.0,0.04416159707433119,0.0,0.0,11
0.10656566836270068,0.0,0.20586965903337037,0.0,0.0,11
0.1760818405501191,0.22732685527734348,0.0,0.0,0.0,11
0.12071699692666822,0.0,0.3939356406840077,0.0,0.0,11
0.19492076225820326,0.0,0.09119992074522237,0.0,0.0,11
0.19776102486265296,0.0,0.17318640219412657,0.0,0.0,11
0.1391557042017044,0.0,0.0,0.0,0.0,11
0.08922315841773146,0.0,0.0,0.0,0.0,11
0.14865574625534286,0.0,0.03538645375485597,0.0,0.0,11
0.13340695014472184,0.0,0.12398631839557614,0.0,0.0,11
0.20109652689434793,0.0,0.44647906391351505,0.0,0.0,11
0.10736267776326652,0.0,0.0873102458586757,0.0,0.0,12
0.15555662958326294,0.0,0.07880712849791258,0.0,0.0,12
0.2002302823527126,0.00387649190624223,0.0,0.0,0.0,12
0.12826320141608372,0.0,0.0,0.0,0.0,12
0.07931537532616029,0.0,0.0,0.0,0.0,12
0.10892988039056467,0.0,0.0,0.0,0.0,12
0.11456097868001522,0.0,0.0,0.0,0.0,12
0.10155996905794304,0.0,0.018110095794022535,0.0,0.0,12
0.07800833273331549,0.0,0.0,0.0,0.0,12
0.15418501356386205,0.0,0.2450200232651341,0.0,0.0,12
0.14648690953115262,0.0,0.0,0.0,0.0,12
0.10277600415127235,0.0,0.0,0.0,0.0,12
0.04497632137275924,0.0,0.0,0.0,0.0,12
0.059606889114080644,0.0,0.0,0.0,0.0,12
0.05130884823863502,0.0,0.0,0.0,0.0,12
0.04815722558447369,0.0,0.0,0.0,0.0,12
0.0442432892279736,0.0,0.0,0.0,0.0,12
0.04416880513337329,0.0,0.0,0.0,0.0,12
0.045966257136019074,0.0,0.0,0.0,0.0,12
0.04070275759888414,0.0,0.0,0.0,0.0,12
0.0368683851546555,0.0,0.0,0.0,0.0,12
0.0401013261486179,0.0,0.0,0.0,0.0,12
0.05070436829277713,0.0,0.0,0.0,0.0,12
0.09568052658003506,0.0,0.15246360779213647,0.0,0.0,12
0.16876676412924485,0.0,0.06833422434771183,0.0,0.0,12
0.13355470972851677,0.0,0.04058390977235515,0.0,0.0,12
0.04092726529141544,0.0,0.0,0.0,0.0,12
0.05021470053061859,0.0,0.0,0.0,0.0,12
0.05072150714251752,0.0,0.0,0.0,0.0,12
0.0476266606893891,0.0,0.0,0.0,0.0,12
0.03622548628255179,0.0,0.0,0.0,0.0,12
0.05300224374943572,0.0,0.0,0.0,0.0,12
0.053395924849323526,0.0,0.0,0.0,0.0,12
0.03548969582125924,0.0,0.0,0.0,0.0,12
0.04888745861417285,0.0,0.0,0.0,0.0,12
0.08116833313138264,0.0,0.0,0.0,0.0,12
0.06626764212910376,0.0,0.0,0.0,0.0,12
0.05782082183696937,0.0,0.0,0.0,0.0,12
0.04549544838023136,0.0,0.0,0.0,0.0,12
0.038543580672812126,0.0,0.0,0.0,0.0,12
0.05562299746903385,0.0,0.0,0.0,0.0,12
0.051970472810283275,0.0,0.0,0.0,0.0,12
0.0438515385888806,0.0,0.0,0.0,0.0,12
0.05852202556730954,0.0,0.0,0.0,0.0,12
0.054867426189619595,0.0,0.0,0.0,0.0,12
0.049125550221566575,0.0,0.0,0.0,0.0,12
0.04386673410320227,0.0,0.0,0.0,0.0,12
0.0635548381476384,0.0,0.0,0.0,0.0,12
0.07014247220988976,0.0,0.0,0.0,0.0,12
0.05425910544008581,0.0,0.0,0.0,0.0,12
0.06034315243396603,0.0,0.0,0.0,0.0,12
0.125517260843214,0.0,0.05096079325981051,0.0,0.0,12
0.12618669016438386,0.0,0.11153655452509045,0.0,0.0,12
0.09673065654364102,0.0,0.004129582928567424,0.0,0.0,12
0.06817008547444528,0.0,0.0,0.0,0.0,12
0.09781990883389349,0.0,0.0,0.0,0.0,12
0.1326503187913376,0.0,0.3339278354619281,0.0,0.0,12
0.1302370003507907,0.0,0.0041563328020083334,0.0,0.0,12
0.11745289186357336,0.0,0.023891836596696137,0.0,0.0,12
0.11566082330445462,0.0,0.0,0.0,0.0,12
0.06887537668771297,0.0,0.0,0.0,0.0,12
0.0779869213887816,0.0,0.0,0.0,0.0,12
0.06257361187101836,0.0,0.0,0.0,0.0,12
0.04381762446500247,0.0,0.0,0.0,0.0,12
0.05217042767890703,0.0,0.0,0.0,0.0,12
0.045340817324733856,0.0,0.0,0.0,0.0,12
0.04902891656551134,0.0,0.0,0.0,0.0,12
0.034496142028607645,0.0,0.0,0.0,0.0,12
0.07650148526684604,0.0,0.0,0.0,0.0,12
0.06233289177856186,0.0,0.0,0.0,0.0,12
0.0598381969387153,0.0,0.0,0.0,0.0,12
0.05526705710047479,0.0,0.0,0.0,0.0,12
0.0491447209956506,0.0,0.0,0.0,0.0,12
0.039395821132553126,0.0,0.0,0.0,0.0,12
0.0422451326758124,0.0,0.0,0.0,0.0,12
0.05441389888710068,0.0,0.0,0.0,0.0,12
0.049571213658974385,0.0,0.0,0.0,0.0,12
0.04299658845663829,0.0,0.0,0.0,0.0,12
0.041389168776589734,0.0,0.0,0.0,0.0,12
0.07292524954600087,0.0,0.0,0.0,0.0,12
0.09015347996589965,0.0,0.08768412603384212,0.0,0.0,12
0.12409951279930767,0.0,0.004501125422049335,0.0,0.0,12
0.11674521064927765,0.0,0.0,0.0,0.0,12
0.07042338469341451,0.04470553867525022,0.0,0.0,0.0,12
0.07370265234255807,0.0,0.0,0.0,0.0,12
0.05432597141728125,0.0,0.0,0.0,0.0,12
0.04552928635345421,0.0,0.0,0.0,0.0,12
0.04000031401149968,0.0,0.0,0.0,0.0,12
0.0458413459017657,0.0,0.0,0.0,0.0,12
0.056980098855323735,0.0,0.0,0.0,0.0,12
0.046960665579444276,0.0,0.0,0.0,0.0,12
0.03812049374860765,0.0,0.0,0.0,0.0,12
0.060907108237283986,0.0,0.0,0.0,0.0,12
0.10490369272466016,0.03981267142809383,0.0,0.0,0.0,12
0.07922652428760471,0.0,0.0,0.0,0.0,12
0.11070588197296907,0.10956293277866361,0.0,0.0,0.0,12
0.05604174901710639,0.0,0.0,0.0,0.0,12
0.05424149765038535,0.0,0.0,0.0,0.0,12
0.046724918723097676,0.0,0.0,0.0,0.0,12
0.04754685746346882,0.0,0.0,0.0,0.0,12
0.09695571144427363,0.0,0.0,0.0,0.0,12
0.09437409691386278,0.0,0.0,0.0,0.0,12
0.07373587584778117,0.0,0.0,0.0,0.0,12
0.0681040761083179,0.0,0.0,0.0,0.0,12
0.09518217016129436,0.0,0.018361082403281853,0.0,0.0,12
0.1214189202454761,0.0,0.0,0.0,0.0,12
0.11565941322817418,0.0,0.014587426704594578,0.0,0.0,12
0.10045499211609503,0.0,0.0,0.0,0.0,12
0.046077469189619524,0.0,0.0,0.0,0.0,12
0.04129000188374141,0.0,0.0,0.0,0.0,12
0.04555178239521516,0.0,0.0,0.0,0.0,12
0.051009949816849115,0.0,0.0,0.0,0.0,12
0.0437078179521994,0.0,0.0,0.0,0.0,12
0.04959709671821754,0.0,0.0,0.0,0.0,12
0.03236495597108463,0.0,0.0,0.0,0.0,12
0.04888079012675279,0.0,0.0,0.0,0.0,12
0.05959785010390833,0.0,0.0,0.0,0.0,12
0.03952245095109783,0.0,0.0,0.0,0.0,12
0.052994357759111294,0.0,0.0,0.0,0.0,12
0.036944171628843746,0.0,0.0,0.0,0.0,12
0.03963105360923573,0.0,0.0,0.0,0.0,12
0.050776667361026276,0.0,0.0,0.0,0.0,12
0.04024608077305634,0.0,0.0,0.0,0.0,12
0.04315909849999525,0.0,0.0,0.0,0.0,12
0.04929403101024656,0.0,0.0,0.0,0.0,12
0.0449363341468073,0.0,0.0,0.0,0.0,12
0.0711880025395835,0.0,0.0,0.0,0.0,12
0.106334974644309,0.0,0.0613106296309158,0.0,0.0,12
0.16634006770623644,0.12864891308388376,0.0,0.0,0.0,12
0.12490047187745044,0.0,0.0,0.0,0.0,12
0.16963753621386893,0.0,0.0,0.0,0.0,12
0.11333735173003771,0.0,3.170070225767818e-05,0.0,0.0,12
0.06337168197478314,0.0,0.0,0.0,0.0,12
0.056526073279933794,0.0,0.0,0.0,0.0,12
0.04832446711039368,0.0,0.0,0.0,0.0,12
0.04538455304711426,0.0,0.0,0.0,0.0,12
0.045349443256138176,0.0,0.0,0.0,0.0,12
0.055141814373416004,0.0,0.0,0.0,0.0,12
0.05089137156192789,0.0,0.0,0.0,0.0,12
0.03316244024417788,0.0,0.0,0.0,0.0,12
0.04842110467906232,0.0,0.0,0.0,0.0,12
0.12472494143702562,0.09123265757654447,0.0,0.0,0.0,12
0.1724230121975951,0.0,0.08681258690884852,0.0,0.0,12
0.12047366001332081,0.0,0.38462544747305094,0.0,0.0,12
0.10327842775880841,0.0,0.0,0.0,0.0,12
0.08237965665923698,0.0,0.0,0.0,0.0,12
0.094263578626916,0.0,0.4564709500514028,0.0,0.0,12
0.13544257378198069,0.3712946453189505,0.0,0.0,0.0,12
0.2507155419410292,0.19946388837394985,0.0,0.0,0.0,12
0.22932626471392126,0.0,0.25503174777181953,0.0,0.0,12
0.3067566518534125,0.0,0.020474187360820906,0.0,0.0,12
0.16779536042300083,0.0,0.3973918861522566,0.0,0.0,12
0.2449153284988601,0.0,0.11504629788249526,0.0,0.0,12
0.22824029255705114,0.0,0.20272527622530662,0.0,0.0,12
0.23640729858553344,0.0,0.04380548185823069,0.0,0.0,12
0.14355799409005132,0.0,0.0,0.0,0.0,12
0.058421909622247824,0.0,0.0,0.0,0.0,12
0.04650276174224078,0.0,0.0,0.0,0.0,12
0.05836350724165156,0.0,0.0,0.0,0.0,12
0.053202141508040326,0.0,0.0,0.0,0.0,12
0.056211539782040174,0.0,0.0,0.0,0.0,12
0.058372384907001536,0.0,0.0,0.0,0.0,12
0.06447600112730735,0.0,0.0,0.0,0.0,12
0.0526686293085869,0.0,0.0,0.0,0.0,12
0.045608516907533814,0.0,0.0,0.0,0.0,12
0.05620920303338357,0.0,0.0,0.0,0.0,12
0.10135631664966466,0.0,0.04644795913407368,0.0,0.0,12
0.10991342868673908,0.06160292619806361,0.0,0.0,0.0,12
0.09703799066023322,0.0,0.03128449634480707,0.0,0.0,12
0.1252941674223242,0.06619242765618166,0.0,0.0,0.0,12
0.1298355713288609,0.0,0.0,0.0,0.0,12
0.14598814096000698,0.025832284864757443,0.0,0.0,0.0,12
0.16016160543023078,0.0,0.009836783262192034,0.0,0.0,12
0.1300039086784215,0.0,0.008109961590405307,0.0,0.0,12
0.15791802994103724,0.0,0.0,0.0,0.0,12
0.13062239731300831,0.006762427250872727,0.0,0.0,0.0,12
0.0833634678299225,0.0,0.22959699382142634,0.0,0.0,12
0.1795684263104588,0.0,0.02244852005107112,0.0,0.0,12
0.10903584010704166,0.0,0.0,0.0,0.0,12
0.10599580302682615,0.0,0.0,0.0,0.0,12
0.09621679858678157,0.0,0.0,0.0,0.0,12
0.05699371471463105,0.0,0.0,0.0,0.0,12
0.029800570809934503,0.0,0.0,0.0,0.0,12
0.04257793108348342,0.0,0.0,0.0,0.0,12
0.04467834705777712,0.0,0.0,0.0,0.0,12
0.038253667515157797,0.0,0.0,0.0,0.0,12
0.020806393295603177,0.0,0.0,0.0,0.0,12
0.03534407773894603,0.0,0.0,0.0,0.0,12
0.04948915570276507,0.0,0.0,0.0,0.0,12
0.04285111865532456,0.0,0.0,0.0,0.0,12
0.11781746500635497,0.0,0.010162355383749225,0.0,0.0,12
0.10397612961914836,0.0,0.05601245723092195,0.0,0.0,12
0.11485540697270656,0.0,0.02477025211887411,0.0,0.0,12
0.13180832619476587,0.0,0.0,0.0,0.0,12
0.08102961113624091,0.0,0.047132071043482715,0.0,0.0,12
0.12495195639503617,0.0,0.008743940436373387,0.0,0.0,12
0.1244942285286273,0.0,0.036668715385221706,0.0,0.0,12
0.09927786291340132,0.0,0.0,0.0,0.0,12
0.12471534707812978,0.0,0.0,0.0,0.0,12
0.1377960565501722,0.0,0.0562939677699649,0.0,0.0,12
0.08879428402442034,0.26014242236769886,0.0,0.0,0.0,12
0.11748736597178283,0.0,0.0,0.0,0.0,12
0.11919632640490628,0.0,0.0,0.0,0.0,12
0.151606434528002,0.0,0.26571452481212493,0.0,0.0,12
0.2279676263697418,0.0,0.10164280963295472,0.0,0.0,12
0.10068994087411579,0.0,0.0,0.0,0.0,12
0.10518644197367617,0.0,0.0,0.0,0.0,12
0.059435591362886564,0.0,0.0,0.0,0.0,12
0.046806554319765686,0.0,0.0,0.0,0.0,12
0.04382693009064789,0.0,0.0,0.0,0.0,12
0.050597212081789536,0.0,0.0,0.0,0.0,12
0.04698948377925749,0.0,0.0,0.0,0.0,12
0.029173469551636057,0.0,0.0,0.0,0.0,12
0.05025658465452777,0.0,0.0,0.0,0.0,12
0.05750031532861098,0.0,0.0,0.0,0.0,12
0.09935696299685016,0.0,0.0,0.0,0.0,12
0.06748790858253716,0.0,0.0,0.0,0.0,12
0.08077674374417058,0.0,0.1352129587271627,0.0,0.0,12
0.10360075181030075,0.0,0.014221800873697912,0.0,0.0,12
0.13402494636183135,0.0,0.15570811678640442,0.0,0.0,12
0.14714014026717706,0.0,0.24106056757050773,0.0,0.0,12
0.10042503459939188,0.0,0.0,0.0,0.0,12
0.13627574266617057,0.0,0.0,0.0,0.0,12
0.11227049550793891,0.0,0.0,0.0,0.0,12
0.13522763440013036,0.0,0.24551002496029722,0.0,0.0,12
0.1782017523019068,0.0,0.04877261886276982,0.0,0.0,12
0.14589998462126325,0.0,0.012649236051080814,0.0,0.0,12
0.11671928970876734,0.0,0.0,0.0,0.0,12
0.06192890365561244,0.0,0.0,0.0,0.0,12
0.03731520107144298,0.0,0.0,0.0,0.0,12
0.05966182806681295,0.0,0.0,0.0,0.0,12
0.04338124820372222,0.0,0.0,0.0,0.0,12
0.05073350833259287,0.0,0.0,0.0,0.0,12
0.03837781804444603,0.0,0.0,0.0,0.0,12
0.03298285503341387,0.0,0.0,0.0,0.0,12
0.03780562036770861,0.0,0.0,0.0,0.0,12
0.055016495545702336,0.0,0.0,0.0,0.0,12
0.04835352957371063,0.0,0.0,0.0,0.0,12
0.06056416678776194,0.0,0.0,0.0,0.0,12
0.03665965189966218,0.0,0.0,0.0,0.0,12
0.04017707616428334,0.0,0.0,0.0,0.0,12
0.038440611234812745,0.0,0.0,0.0,0.0,12
0.037315704063101855,0.0,0.0,0.0,0.0,12
0.04676769194354009,0.0,0.0,0.0,0.0,12
0.0206226624013688,0.0,0.0,0.0,0.0,12
0.03907892697103119,0.0,0.0,0.0,0.0,12
0.04097647456011321,0.0,0.0,0.0,0.0,12
0.07185756661026127,0.0,0.0,0.0,0.0,12
0.1233280916387145,0.0,0.08351014205030535,0.0,0.0,12
0.13498458327091825,0.0,0.00670801698329751,0.0,0.0,12
0.14284938114731865,0.0,0.0,0.0,0.0,12
0.10805746396930503,0.024552014848654533,0.0,0.0,0.0,12
0.05348727174388633,0.0,0.0,0.0,0.0,12
0.026386775956273287,0.0,0.0,0.0,0.0,12
0.04752436151366563,0.0,0.0,0.0,0.0,12
0.036296251617116665,0.0,0.0,0.0,0.0,12
0.03702503439544434,0.0,0.0,0.0,0.0,12
0.04772320164502167,0.0,0.0,0.0,0.0,12
0.04354462551082176,0.0,0.0,0.0,0.0,12
0.044457478456090764,0.0,0.0,0.0,0.0,12
0.0687517974648435,0.0,0.0,0.0,0.0,12
0.06524350916546892,0.0,0.0,0.0,0.0,12
0.04429349730816096,0.0,0.0,0.0,0.0,12
0.060326847759841644,0.0,0.0,0.0,0.0,12
0.060216254580749216,0.0,0.0,0.0,0.0,12
0.052576306088766206,0.0,0.0,0.0,0.0,12
0.06284756978483243,0.0,0.0,0.0,0.0,12
0.045784711115529717,0.0,0.0,0.0,0.0,12
0.10431395004412028,0.0,0.0,0.0,0.0,12
0.10581648073886951,0.0,0.0,0.0,0.0,12
0.10395072504136138,0.0,0.0017956837391030073,0.0,0.0,12
0.140919395754357,0.0,0.0,0.0,0.0,12
0.14975201608236643,0.006657118627011127,0.0,0.0,0.0,12
0.09817667234512475,0.0,0.15849839101263266,0.0,0.0,12
0.16018384872404076,0.0,0.009389598696655788,0.0,0.0,12
0.13389947113394307,0.0,0.17421710436819643,0.0,0.0,12
0.08457144686435947,0.0,0.0,0.0,0.0,12
0.042542137231639764,0.0,0.0,0.0,0.0,12
0.053466698103710346,0.0,0.0,0.0,0.0,12
0.04319311354347532,0.0,0.0,0.0,0.0,12
0.04498774071622405,0.0,0.0,0.0,0.0,12
0.037626247621723966,0.0,0.0,0.0,0.0,12
0.03627556998253586,0.0,0.0,0.0,0.0,12
0.048606648935185626,0.0,0.0,0.0,0.0,12
0.04264442578448149,0.0,0.0,0.0,0.0,12
0.05512686423139913,0.0,0.0,0.0,0.0,12
0.03601490160619247,0.0,0.0,0.0,0.0,12
0.042678744736311565,0.0,0.0,0.0,0.0,12
0.015364399656942385,0.0,0.0,0.0,0.0,12
0.04256968004365057,0.0,0.0,0.0,0.0,12
0.044107953911827494,0.0,0.0,0.0,0.0,12
0.03978116490499893,0.0,0.0,0.0,0.0,12
0.038501481605463246,0.0,0.0,0.0,0.0,12
0.059796297582299276,0.0,0.0,0.0,0.0,12
0.08085392323920719,0.0,0.018707837170313463,0.0,0.0,12
0.09170924315265314,0.0,0.0,0.0,0.0,12
0.13239544948383916,0.0,0.13044206097013725,0.0,0.0,12
0.16990013000069215,0.0,0.0,0.0,0.0,12
0.11597162435591782,0.0,0.0,0.0,0.0,12
0.12913480786078388,0.024628604011737887,0.0,0.0,0.0,12
0.06173154381459055,0.0,0.0,0.0,0.0,12
0.04076624366481477,0.0,0.0,0.0,0.0,12
0.050312262362863513,0.0,0.0,0.0,0.0,12
0.04119807590674929,0.0,0.0,0.0,0.0,12
0.035524517073243826,0.0,0.0,0.0,0.0,12
0.015088369951141906,0.0,0.0,0.0,0.0,12
0.04659200400803795,0.0,0.0,0.0,0.0,12
0.03758053561128744,0.0,0.0,0.0,0.0,12
0.04962443839053491,0.0,0.0,0.0,0.0,12
0.06505734179061333,0.0,0.0,0.0,0.0,12
0.0759495196414935,0.0,0.022613317124956067,0.0,0.0,12
0.11725808179418575,0.0,0.05612554026607157,0.0,0.0,12
0.07415828330170973,0.0,0.0,0.0,0.0,12
0.09295766427176029,0.0,0.0,0.0,0.0,12
0.07839010547792558,0.0,0.0,0.0,0.0,12
0.07520625657974737,0.0,0.0,0.0,0.0,12
0.058490427385775194,0.0,0.0,0.0,0.0,12
0.04891957181816269,0.0,0.0,0.0,0.0,12
0.03194595519037135,0.0,0.0,0.0,0.0,12
0.02843017917410233,0.0,0.0,0.0,0.0,12
0.08509122431387542,0.0,0.0,0.0,0.0,12
0.0767004410687901,0.0,0.0,0.0,0.0,12
0.07066297388901402,0.0,0.0,0.0,0.0,12
0.054272727643589855,0.0,0.0,0.0,0.0,12
0.07380383490423814,0.0,0.0,0.0,0.0,12
0.0360378433519537,0.0,0.0,0.0,0.0,12
0.02528754400730589,0.0,0.0,0.0,0.0,12
0.035513991206563046,0.0,0.0,0.0,0.0,12
0.04271897039086076,0.0,0.0,0.0,0.0,12
0.04746621992514561,0.0,0.0,0.0,0.0,12
0.03756071202745557,0.0,0.0,0.0,0.0,12
0.04495936075307254,0.0,0.0,0.0,0.0,12
0.03862193081461485,0.0,0.0,0.0,0.0,12
0.05294842585155743,0.0,0.0,0.0,0.0,12
0.04622047932887699,0.0,0.0,0.0,0.0,12
0.10959281226058984,0.0,0.1407257775876801,0.0,0.0,12
0.2002584971139817,0.0,0.2841757707577458,0.0,0.0,12
0.15751171702779956,0.0,0.44751800219126847,0.0,0.0,12
0.262073132027674,0.5083062453427786,0.0,0.0,0.0,12
0.2627616315427654,0.0,0.037723055797176996,0.0,0.0,12
0.2722473208620918,0.0,0.2361297061327492,0.0,0.0,12
0.3210885470668276,0.0,0.21011146677746212,0.0,0.0,12
0.23837386812609673,0.0,0.3531944431557468,0.0,0.0,12
0.13035152702771724,0.0,0.0,0.0,0.0,12
0.12015441078537129,0.0,0.0,0.0,0.0,12
0.15686622045786797,0.0,0.017431643818665132,0.0,0.0,12
0.16304896014708353,0.0,0.0,0.0,0.0,12
0.11599472148261225,0.0,0.0,0.0,0.0,12
0.12921346794538827,0.0,0.03609516506213589,0.0,0.0,12
0.08254239120811645,0.0,0.0,0.0,0.0,12
0.11268825715177383,0.0,0.08248654360224325,0.0,0.0,12
0.05399747137227331,0.0,0.0,0.0,0.0,12
0.050658929441966184,0.0,0.0,0.0,0.0,12
0.036925587871178306,0.0,0.0,0.0,0.0,12
0.0409039035852088,0.0,0.0,0.0,0.0,12
0.048164819451059,0.0,0.0,0.0,0.0,12
0.03530678428891231,0.0,0.0,0.0,0.0,12
0.05675889183582296,0.0,0.0,0.0,0.0,12
0.054393875134840154,0.0,0.0,0.0,0.0,12
0.09750675962062721,0.15364730934390486,0.0,0.0,0.0,12
0.10072433955315131,0.0,0.0737609689071577,0.0,0.0,12
0.16781972040869533,0.0,0.08529994516139208,0.0,0.0,12
0.09215551931822379,0.0,0.44949695674796003,0.0,0.0,12
0.2009303297357099,0.0,0.0,0.0,0.0,12
0.12894062301510528,0.0,0.0,0.0,0.0,12
0.12026611740151844,0.032980485175109986,0.0,0.0,0.0,12
0.1255032937347479,0.0,0.0,0.0,0.0,12
0.09810638567033013,0.0,0.00526739207598495,0.0,0.0,12
0.14866911219863757,0.0,0.254045940426765,0.0,0.0,12
0.12371616431398792,0.0,0.0008348559210864942,0.0,0.0,12
0.11405644119588967,0.0,0.0,0.0,0.0,12
0.142238924998256,0.0,0.013596586140424943,0.0,0.0,12
0.10584479295474923,0.0,0.0,0.0,0.0,12
0.10746430392920903,0.0,0.0,0.0,0.0,12
0.056131668477012696,0.0,0.0,0.0,0.0,12
0.05498351247930858,0.0,0.0,0.0,0.0,12
0.044916520658406234,0.0,0.0,0.0,0.0,12
0.054519836550764714,0.0,0.0,0.0,0.0,12
0.03988371257687275,0.0,0.0,0.0,0.0,12
0.037053033935329785,0.0,0.0,0.0,0.0,12
0.06377441097394913,0.0,0.0,0.0,0.0,12
0.057022992139391236,0.0,0.0,0.0,0.0,12
0.04801854750160391,0.0,0.0,0.0,0.0,12
0.04274399903732743,0.0,0.0,0.0,0.0,12
0.04133752826420983,0.0,0.0,0.0,0.0,12
0.04082065668879039,0.0,0.0,0.0,0.0,12
0.056432511953739245,0.0,0.0,0.0,0.0,12
0.05618032436834929,0.0,0.0,0.0,0.0,12
0.0578537427360261,0.0,0.0,0.0,0.0,12
0.05257071648556441,0.0,0.0,0.0,0.0,12
0.07714777838764893,0.0,0.0,0.0,0.0,12
0.11097368113354553,0.0,0.11287103069409682,0.0,0.0,12
0.14142834948093136,0.0,0.44601118032274606,0.0,0.0,12
0.131352958138966,0.0,0.0,0.0,0.0,12
0.1719567898039239,0.0,0.0,0.0,0.0,12
0.16116804995190004,0.0,0.0,0.0,0.0,12
0.07227882544310235,0.0,0.0,0.0,0.0,12
0.06361141792232082,0.0,0.0,0.0,0.0,12
0.05077969503692222,0.0,0.0,0.0,0.0,12
0.041681394006842905,0.0,0.0,0.0,0.0,12
0.0486587298896331,0.0,0.0,0.0,0.0,12
0.04720560811269997,0.0,0.0,0.0,0.0,12
0.036356827025547926,0.0,0.0,0.0,0.0,12
0.04082180391630119,0.0,0.0,0.0,0.0,12
0.1097296083550693,0.0,0.03028922995656684,0.0,0.0,12
0.08149065837297492,0.0,0.0,0.0,0.0,12
0.12151522832205462,0.0,0.1298626995495279,0.0,0.0,12
0.04113618458368825,0.0,0.0,0.0,0.0,12
0.014693483733863325,0.0,0.0,0.0,0.0,12
0.06995263129967716,0.0,0.0,0.0,0.0,12
0.11699437521436783,0.0,0.0,0.0,0.0,12
0.1401245726915556,0.0,0.047713238374400946,0.0,0.0,12
0.12987669702913596,0.0,0.0,0.0,0.0,12
0.09165125741916387,0.0,0.11605450610863023,0.0,0.0,12
0.1174773672615251,0.0,0.07725593745507645,0.0,0.0,12
0.13710744394759716,0.0,0.06768329363527856,0.0,0.0,12
0.18642670727004937,0.08418484642598442,0.0,0.0,0.0,12
0.12217049855525068,0.0,0.02787558369153527,0.0,0.0,12
0.13662097839336013,0.0,0.02997745126255269,0.0,0.0,12
0.12401828563689425,0.0,0.0,0.0,0.0,12
0.09172879429059663,0.0,0.0,0.0,0.0,12
0.0554106223270723,0.0,0.0,0.0,0.0,12
0.05573628657953127,0.0,0.0,0.0,0.0,12
0.04519730256172147,0.0,0.0,0.0,0.0,12
0.048803472114700604,0.0,0.0,0.0,0.0,12
0.04858000085085761,0.0,0.0,0.0,0.0,12
0.028517589751758447,0.0,0.0,0.0,0.0,12
0.04566593105094111,0.0,0.0,0.0,0.0,12
0.04638368009465776,0.0,0.0,0.0,0.0,12
0.048359512186469805,0.0,0.0,0.0,0.0,12
0.053529018841855604,0.0,0.0,0.0,0.0,12
0.09186853937999971,0.0,0.0,0.0,0.0,12
0.11555167690393216,0.0,0.0,0.0,0.0,12
0.08530961157858145,0.0,0.0,0.0,0.0,12
0.03621420885860715,0.0,0.0,0.0,0.0,12
0.0650058060580917,0.0,0.0,0.0,0.0,12
0.06671835623907614,0.0,0.0,0.0,0.0,12
0.10006545888165694,0.0,0.0,0.0,0.0,12
0.09817779962465513,0.0,0.0,0.0,0.0,12
0.12860330864656697,0.0,0.21407762488029022,0.0,0.0,12
0.10249423656602898,0.0,0.05216780279516929,0.0,0.0,12
0.17797423554863911,0.042483422630053724,0.0,0.0,0.0,12
0.15799573718459195,0.0,0.0,0.0,0.0,12
0.16556851058144434,0.0,0.09659514284136661,0.0,0.0,12
0.046759045338187755,0.0,0.0,0.0,0.0,12
0.04157230971936727,0.0,0.0,0.0,0.0,12
0.041709925372712106,0.0,0.0,0.0,0.0,12
0.041763983435421044,0.0,0.0,0.0,0.0,12
0.035674367626624064,0.0,0.0,0.0,0.0,12
0.03772110105764007,0.0,0.0,0.0,0.0,12
0.046273863617297455,0.0,0.0,0.0,0.0,12
0.03038260076688735,0.0,0.0,0.0,0.0,12
0.04714055469923182,0.0,0.0,0.0,0.0,12
0.0552818532208663,0.0,0.0,0.0,0.0,12
0.13815848341141623,0.0,0.0011620629563302287,0.0,0.0,12
0.11362578063578278,0.0,0.09570734219974607,0.0,0.0,12
0.1592716959193734,0.0,0.2974813685232064,0.0,0.0,12
0.17318852474847216,0.0,0.2912825431592566,0.0,0.0,12
0.15367372339235214,0.0,0.19373407898726258,0.0,0.0,12
0.09068053193555917,0.0,0.24106956770405077,0.0,0.0,12
0.09436878426101263,0.0,0.0,0.0,0.0,12
0.07054466596074685,0.0,0.0,0.0,0.0,12
0.059619251584350164,0.0,0.0,0.0,0.0,12
0.14307360674139843,0.0,0.6287565362045123,0.0,0.0,12
0.2403183201452507,0.5182166362650502,0.0,0.0,0.0,12
0.22074858283047055,0.0,0.09981466285850782,0.0,0.0,12
0.20708367840458997,0.0,0.06752664033706784,0.0,0.0,12
0.10531642799378024,0.0,0.0,0.0,0.0,12
0.07347351243265413,0.0,0.0,0.0,0.0,12
0.07264540876116525,0.0,0.0,0.0,0.0,12
0.057422280839488395,0.0,0.0,0.0,0.0,12
0.057208173548759525,0.0,0.0,0.0,0.0,12
0.05195567494512586,0.0,0.0,0.0,0.0,12
0.03269421762994268,0.0,0.0,0.0,0.0,12
0.04917652895526617,0.0,0.0,0.0,0.0,12
0.05493394720579445,0.0,0.0,0.0,0.0,12
0.05766203525034666,0.0,0.0,0.0,0.0,12
0.054899180782006875,0.0,0.0,0.0,0.0,12
0.12791033689773812,0.0,0.0,0.0,0.0,12
0.13873423077056143,0.0,0.0707514172369666,0.0,0.0,12
0.12858393666215903,0.0,0.2560974212516267,0.0,0.0,12
0.18445877406632932,0.20412078570700687,0.0,0.0,0.0,12
0.2728422815770178,0.0,0.17688268942683083,0.0,0.0,12
0.15027880742971458,0.0,0.12564954226696248,0.0,0.0,12
0.22481632950980504,0.0,0.2532134401029549,0.0,0.0,12
0.1296528925538105,0.0,0.0,0.0,0.0,12
0.09220803002681806,0.0,0.0,0.0,0.0,12
0.18444108645370755,0.0,0.0,0.0,0.0,12
0.18890072871094413,0.0,0.04576935769107432,0.0,0.0,12
0.1134592447877766,0.0,0.5317533549744428,0.0,0.0,12
0.1823453805120607,0.0,0.026270121196957236,0.0,0.0,13
0.198529604124288,0.0,0.07804961761726736,0.0,0.0,13
0.1430568653735543,0.07022829358858104,0.0,0.0,0.0,13
0.0896640786905347,0.0,0.0,0.0,0.0,13
0.0799138749399627,0.0,0.0,0.0,0.0,13
0.09487649832807134,0.0,0.0,0.0,0.0,13
0.13171108891458372,0.0,0.0,0.0,0.0,13
0.09791737655721765,0.0,0.0,0.0,0.0,13
0.09381301201741257,0.0,2.3682315876988325e-05,0.0,0.0,13
0.13196675883461245,0.0,0.2952318493036562,0.0,0.0,13
0.04956275252971321,0.0,0.10830113296881547,0.0,0.0,13
0.11702019973743162,0.0,0.0,0.0,0.0,13
0.049826661593114545,0.0,0.0,0.0,0.0,13
0.054333333840190304,0.0,0.0,0.0,0.0,13
0.04579842392227634,0.0,0.0,0.0,0.0,13
0.052878914626673816,0.0,0.0,0.0,0.0,13
0.039124355865322355,0.0,0.0,0.0,0.0,13
0.04611335960802085,0.0,0.0,0.0,0.0,13
0.052020710363153956,0.0,0.0,0.0,0.0,13
0.03548763045889067,0.0,0.0,0.0,0.0,13
0.04690609919729098,0.0,0.0,0.0,0.0,13
0.03553925379616118,0.0,0.0,0.0,0.0,13
0.05183658896137194,0.0,0.0,0.0,0.0,13
0.1247173620518205,0.0,0.14715360050296106,0.0,0.0,13
0.08894445251767198,0.0,0.10211452455554813,0.0,0.0,13
0.1204386452456757,0.0,0.09101802813540695,0.0,0.0,13
0.04736468595714369,0.0,0.0,0.0,0.0,13
0.04607614333697281,0.0,0.0,0.0,0.0,13
0.05028679483809399,0.0,0.0,0.0,0.0,13
0.0539213005906647,0.0,0.0,0.0,0.0,13
0.03636357929993324,0.0,0.0,0.0,0.0,13
0.04140509686442289,0.0,0.0,0.0,0.0,13
0.05734165039765342,0.0,0.0,0.0,0.0,13
0.03991955114377212,0.0,0.0,0.0,0.0,13
0.056337678638166806,0.0,0.0,0.0,0.0,13
0.09871140394958478,0.0,0.0,0.0,0.0,13
0.06499278468538211,0.0,0.0,0.0,0.0,13
0.05147620014890691,0.0,0.0,0.0,0.0,13
0.03889383403095363,0.0,0.0,0.0,0.0,13
0.04370881814532858,0.0,0.0,0.0,0.0,13
0.05795598441481781,0.0,0.0,0.0,0.0,13
0.04911303589720536,0.0,0.0,0.0,0.0,13
0.04229885247049854,0.0,0.0,0.0,0.0,13
0.057480336605837616,0.0,0.0,0.0,0.0,13
0.062224462340064395,0.0,0.0,0.0,0.0,13
0.05051732231557161,0.0,0.0,0.0,0.0,13
0.04992547737623702,0.0,0.0,0.0,0.0,13
0.06858018943133248,0.0,0.0,0.0,0.0,13
0.07106897984438103,0.0,0.0,0.0,0.0,13
0.04618923749293277,0.0,0.0,0.0,0.0,13
0.05644366930102006,0.0,0.0,0.0,0.0,13
0.09152628375081472,0.0,0.09209905357978844,0.0,0.0,13
0.12294078358083102,0.0,0.10892428464061044,0.0,0.0,13
0.08930997111510268,0.0,0.0,0.0,0.0,13
0.07405700663888845,0.0,0.0,0.0,0.0,13
0.08160760228702486,0.0,0.0,0.0,0.0,13
0.15970326961625134,0.0,0.23190328876613228,0.0,0.0,13
0.15664189577514417,0.0,0.0,0.0,0.0,13
0.14153993003541518,0.0,0.0,0.0,0.0,13
0.11502731174328783,0.0,0.0,0.0,0.0,13
0.0876999034833338,0.0,0.0,0.0,0.0,13
0.07966145187294561,0.0,0.0,0.0,0.0,13
0.06610589068166349,0.0,0.0,0.0,0.0,13
0.03846383370262623,0.0,0.0,0.0,0.0,13
0.049580323184631375,0.0,0.0,0.0,0.0,13
0.046977581731143324,0.0,0.0,0.0,0.0,13
0.04610941266506826,0.0,0.0,0.0,0.0,13
0.04537127769256768,0.0,0.0,0.0,0.0,13
0.06897360148820446,0.0,0.0,0.0,0.0,13
0.04687746598972494,0.0,0.0,0.0,0.0,13
0.05073246145871114,0.0,0.0,0.0,0.0,13
0.039039797634585906,0.0,0.0,0.0,0.0,13
0.04160310439009752,0.0,0.0,0.0,0.0,13
0.03940230407242822,0.0,0.0,0.0,0.0,13
0.04902292744647313,0.0,0.0,0.0,0.0,13
0.041122777710702156,0.0,0.0,0.0,0.0,13
0.04825841669792768,0.0,0.0,0.0,0.0,13
0.035018237334316006,0.0,0.0,0.0,0.0,13
0.04822650389843857,0.0,0.0,0.0,0.0,13
0.058388719433388754,0.0,0.0,0.0,0.0,13
0.1331127051084892,0.0,0.050420533876335605,0.0,0.0,13
0.13088157997091002,0.0,0.0,0.0,0.0,13
0.14787246034053694,0.0,0.0,0.0,0.0,13
0.09382640501817129,0.016961489396150414,0.0,0.0,0.0,13
0.06576037001201424,0.0,0.0,0.0,0.0,13
0.05385926587016287,0.0,0.0,0.0,0.0,13
0.053878284257681215,0.0,0.0,0.0,0.0,13
0.04354913065025732,0.0,0.0,0.0,0.0,13
0.050422654904925056,0.0,0.0,0.0,0.0,13
0.04998714367840583,0.0,0.0,0.0,0.0,13
0.042947031356672265,0.0,0.0,0.0,0.0,13
0.041879031419499974,0.0,0.0,0.0,0.0,13
0.08299955121294197,0.0,0.0,0.0,0.0,13
0.13738905520392364,0.0,0.0,0.0,0.0,13
0.08029591789100744,0.0,0.0,0.0,0.0,13
0.16167748837803275,0.05806835620116749,0.0,0.0,0.0,13
0.06567994188783585,0.0,0.0,0.0,0.0,13
0.04754119109200212,0.0,0.0,0.0,0.0,13
0.04535603667243756,0.0,0.0,0.0,0.0,13
0.0531525844174854,0.0,0.0,0.0,0.0,13
0.07350337902763239,0.0,0.0,0.0,0.0,13
0.09074363343079472,0.0,0.0,0.0,0.0,13
0.09680579096984511,0.0,0.004105341120198169,0.0,0.0,13
0.08312781496728185,0.0,0.0,0.0,0.0,13
0.08474407844410005,0.0,0.0,0.0,0.0,13
0.10861065605201542,0.0,0.0,0.0,0.0,13
0.11205743512432736,0.0,0.0,0.0,0.0,13
0.08984767843678616,0.0,0.0,0.0,0.0,13
0.05806542035137349,0.0,0.0,0.0,0.0,13
0.0446226375277791,0.0,0.0,0.0,0.0,13
0.054546900370386876,0.0,0.0,0.0,0.0,13
0.04351935723811751,0.0,0.0,0.0,0.0,13
0.047836927607601616,0.0,0.0,0.0,0.0,13
0.04991189418097646,0.0,0.0,0.0,0.0,13
0.03863067274344813,0.0,0.0,0.0,0.0,13
0.0495677261147754,0.0,0.0,0.0,0.0,13
0.04361337085100017,0.0,0.0,0.0,0.0,13
0.034769974073585334,0.0,0.0,0.0,0.0,13
0.05094437597117881,0.0,0.0,0.0,0.0,13
0.04370619077152821,0.0,0.0,0.0,0.0,13
0.03697576116375247,0.0,0.0,0.0,0.0,13
0.052969887520484975,0.0,0.0,0.0,0.0,13
0.03852618593932465,0.0,0.0,0.0,0.0,13
0.052194863127711336,0.0,0.0,0.0,0.0,13
0.054469836510159006,0.0,0.0,0.0,0.0,13
0.05019558663510271,0.0,0.0,0.0,0.0,13
0.0837615087823637,0.0,0.0,0.0,0.0,13
0.1213430386579887,0.0,0.024081497578546218,0.0,0.0,13
0.13428694863445775,0.13926825856539896,0.0,0.0,0.0,13
0.13204064898728982,0.0,0.0,0.0,0.0,13
0.15767035238718125,0.0,0.0,0.0,0.0,13
0.09310066517298121,0.0,0.0,0.0,0.0,13
0.06983853074002051,0.0,0.0,0.0,0.0,13
0.056473597983905714,0.0,0.0,0.0,0.0,13
0.04856710513119251,0.0,0.0,0.0,0.0,13
0.04240707259099205,0.0,0.0,0.0,0.0,13
0.04328588759159092,0.0,0.0,0.0,0.0,13
0.05236072181465192,0.0,0.0,0.0,0.0,13
0.05542280075412577,0.0,0.0,0.0,0.0,13
0.03495990966054273,0.0,0.0,0.0,0.0,13
0.05624408909726239,0.0,0.0,0.0,0.0,13
0.10706255187730872,0.07470881405960282,0.0,0.0,0.0,13
0.11672304233796592,0.0,0.1261503769193012,0.0,0.0,13
0.1945854325965708,0.0,0.43070563176068055,0.0,0.0,13
0.10059447372749952,0.0,0.0,0.0,0.0,13
0.07247507848936946,0.0,0.0,0.0,0.0,13
0.24470766050464623,0.0,0.24793321883833028,0.0,0.0,13
0.19875793103679945,0.23352031269510054,0.0,0.0,0.0,13
0.28252415247565144,0.1369943398097263,0.0,0.0,0.0,13
0.19226331741681588,0.0,0.34306379722533153,0.0,0.0,13
0.29599815817422265,0.0,0.0022954101431981733,0.0,0.0,13
0.1850351526146488,0.0,0.3543356201511663,0.0,0.0,13
0.2383643126767686,0.0,0.06864187909379704,0.0,0.0,13
0.2524064082055897,0.0,0.2592001892891036,0.0,0.0,13
0.262364399833239,0.0,0.0,0.0,0.0,13
0.16809481523168715,0.0015921935426437828,0.0,0.0,0.0,13
0.06520906069156295,0.0,0.0,0.0,0.0,13
0.045791044032105745,0.0,0.0,0.0,0.0,13
0.06000833860378918,0.0,0.0,0.0,0.0,13
0.056256377629637234,0.0,0.0,0.0,0.0,13
0.06095556927168564,0.0,0.0,0.0,0.0,13
0.06220649608286346,0.0,0.0,0.0,0.0,13
0.04900802914608192,0.0,0.0,0.0,0.0,13
0.052694042679264766,0.0,0.0,0.0,0.0,13
0.046565626660686976,0.0,0.0,0.0,0.0,13
0.06425057301647823,0.0,0.0,0.0,0.0,13
0.10600548889226444,0.0,0.019528651820011927,0.0,0.0,13
0.14921456966572108,0.05803324333949761,0.0,0.0,0.0,13
0.12210971961600123,0.0,0.041779878833766215,0.0,0.0,13
0.13022722023265235,0.1331414477656511,0.0,0.0,0.0,13
0.10599568622816101,0.0,0.011342409599084669,0.0,0.0,13
0.14391755036319678,0.0,0.0,0.0,0.0,13
0.15552838412384132,0.0,0.0006533493009591163,0.0,0.0,13
0.0873012570839927,0.0,0.06167475309478768,0.0,0.0,13
0.11178988605579175,0.0,0.050974570353105306,0.0,0.0,13
0.10406058735291603,0.01091647358387944,0.0,0.0,0.0,13
0.16688455060443905,0.0,0.13375856799440852,0.0,0.0,13
0.10428502079916704,0.0,0.14045490997861582,0.0,0.0,13
0.12269741696670695,0.0,0.0,0.0,0.0,13
0.08749156284044285,0.0,0.0,0.0,0.0,13
0.07826831666682608,0.0,0.0,0.0,0.0,13
0.05546868037929963,0.0,0.0,0.0,0.0,13
0.04110528463464184,0.0,0.0,0.0,0.0,13
0.052839207945841564,0.0,0.0,0.0,0.0,13
0.047928516549369596,0.0,0.0,0.0,0.0,13
0.04384253232872098,0.0,0.0,0.0,0.0,13
0.021865343316933433,0.0,0.0,0.0,0.0,13
0.03507916779298941,0.0,0.0,0.0,0.0,13
0.05226289902562529,0.0,0.0,0.0,0.0,13
0.036128021687512855,0.0,0.0,0.0,0.0,13
0.10492801363504994,0.0,0.0052185680664138395,0.0,0.0,13
0.09867276806594463,0.0,0.07418521633923819,0.0,0.0,13
0.09839951716176067,0.0,0.029060557749210306,0.0,0.0,13
0.13006592314768292,0.02307195382099622,0.0,0.0,0.0,13
0.12225694809438639,0.0,0.027101134093824253,0.0,0.0,13
0.0971165841627063,0.0,0.0,0.0,0.0,13
0.14610623213351043,0.0,0.0,0.0,0.0,13
0.11546992656532568,0.0,0.0,0.0,0.0,13
0.12517594037877855,0.0,0.0003682806875106026,0.0,0.0,13
0.11933541133096986,0.0,0.08402810049091608,0.0,0.0,13
0.1311465289196374,0.2421370899893765,0.0,0.0,0.0,13
0.13146781141149136,0.0,0.0,0.0,0.0,13
0.12811803389966323,0.0,0.0,0.0,0.0,13
0.11780364538292507,0.0,0.24718252102780583,0.0,0.0,13
0.22225450129583207,0.0,0.10830994772683006,0.0,0.0,13
0.09709006636083407,0.0,0.0,0.0,0.0,13
0.07329561652240564,0.0,0.023841504749189515,0.0,0.0,13
0.05862081833468107,0.0,0.0,0.0,0.0,13
0.039398970978442686,0.0,0.0,0.0,0.0,13
0.045221038459398843,0.0,0.0,0.0,0.0,13
0.052733230026490746,0.0,0.0,0.0,0.0,13
0.04187638598258409,0.0,0.0,0.0,0.0,13
0.041718228949215515,0.0,0.0,0.0,0.0,13
0.045602584481286956,0.0,0.0,0.0,0.0,13
0.05715967612106371,0.0,0.0,0.0,0.0,13
0.09990924551369203,0.010485482371370952,0.0,0.0,0.0,13
0.07420246551700567,0.0,0.0,0.0,0.0,13
0.12157233999662355,0.0,0.06731901483936052,0.0,0.0,13
0.136251942682294,0.0,0.0,0.0,0.0,13
0.22052509043665,0.0,0.07019803146080736,0.0,0.0,13
0.1432855474425804,0.0,0.33916150230890096,0.0,0.0,13
0.10788750718326305,0.0,0.0,0.0,0.0,13
0.1336184829654559,0.0,0.0,0.0,0.0,13
0.10698920656179546,0.0,0.0,0.0,0.0,13
0.1817855040412962,0.0,0.15462075820781399,0.0,0.0,13
0.22402046820808552,0.0,0.0,0.0,0.0,13
0.14605278445837006,0.0,0.0,0.0,0.0,13
0.10807421720061512,0.0,0.0,0.0,0.0,13
0.06317626877162322,0.0,0.0,0.0,0.0,13
0.03930582742133915,0.0,0.0,0.0,0.0,13
0.05509668285614488,0.0,0.0,0.0,0.0,13
0.0357435013609579,0.0,0.0,0.0,0.0,13
0.0431957751490483,0.0,0.0,0.0,0.0,13
0.04212538290780014,0.0,0.0,0.0,0.0,13
0.04035131180994353,0.0,0.0,0.0,0.0,13
0.03838526891948937,0.0,0.0,0.0,0.0,13
0.05155647931965098,0.0,0.0,0.0,0.0,13
0.04865532270527002,0.0,0.0,0.0,0.0,13
0.060581962010284006,0.0,0.0,0.0,0.0,13
0.04449656005476044,0.0,0.0,0.0,0.0,13
0.038657012667946626,0.0,0.0,0.0,0.0,13
0.04107915093491024,0.0,0.0,0.0,0.0,13
0.03778244479554173,0.0,0.0,0.0,0.0,13
0.04429526068663232,0.0,0.0,0.0,0.0,13
0.028106271534397112,0.0,0.0,0.0,0.0,13
0.04884381734313781,0.0,0.0,0.0,0.0,13
0.048042207081257685,0.0,0.0,0.0,0.0,13
0.0623399721549431,0.0,0.0,0.0,0.0,13
0.14435243718499716,0.0,0.1072572214950284,0.0,0.0,13
0.1263715080562324,0.0,0.0,0.0,0.0,13
0.12071621984978033,0.0,0.059232833553780076,0.0,0.0,13
0.11512396075211019,0.047150751871576926,0.0,0.0,0.0,13
0.06104830992514125,0.0,0.0,0.0,0.0,13
0.03388347012480517,0.0,0.0,0.0,0.0,13
0.048206575691302225,0.0,0.0,0.0,0.0,13
0.03311649269336936,0.0,0.0,0.0,0.0,13
0.04256843174104268,0.0,0.0,0.0,0.0,13
0.04998806360103514,0.0,0.0,0.0,0.0,13
0.04134595101501479,0.0,0.0,0.0,0.0,13
0.042118563411302164,0.0,0.0,0.0,0.0,13
0.0584680095440258,0.0,0.0,0.0,0.0,13
0.07367967342503544,0.0,0.0,0.0,0.0,13
0.04268818010756619,0.0,0.0,0.0,0.0,13
0.05630199254424709,0.0,0.0,0.0,0.0,13
0.05892424022225791,0.0,0.0,0.0,0.0,13
0.056456186851332704,0.0,0.0,0.0,0.0,13
0.07432089451605377,0.0,0.0,0.0,0.0,13
0.05004520391762098,0.0,0.0,0.0,0.0,13
0.10010653685793104,0.0,0.021093880412322796,0.0,0.0,13
0.09631079383097922,0.0,0.0,0.0,0.0,13
0.10621160516897224,0.0,0.0,0.0,0.0,13
0.10497130139059598,0.0,0.030820341440842183,0.0,0.0,13
0.14969228394067377,0.0,0.0,0.0,0.0,13
0.06100573124984653,0.0,0.17022346731644916,0.0,0.0,13
0.13713234358076706,0.0,0.06592969994165998,0.0,0.0,13
0.19212519403836265,0.0,0.054533335214737466,0.0,0.0,13
0.09445946429458399,0.0,0.0,0.0,0.0,13
0.0414987311710165,0.0,0.0,0.0,0.0,13
0.047787743884067944,0.0,0.0,0.0,0.0,13
0.039858298173737074,0.0,0.0,0.0,0.0,13
0.03519644616706382,0.0,0.0,0.0,0.0,13
0.04253242522245204,0.0,0.0,0.0,0.0,13
0.03887313021450718,0.0,0.0,0.0,0.0,13
0.04410184513569591,0.0,0.0,0.0,0.0,13
0.04848119872428508,0.0,0.0,0.0,0.0,13
0.05229701644252023,0.0,0.0,0.0,0.0,13
0.03601771311220563,0.0,0.0,0.0,0.0,13
0.041103306103065625,0.0,0.0,0.0,0.0,13
0.01435971443002123,0.0,0.0,0.0,0.0,13
0.052164669433546425,0.0,0.0,0.0,0.0,13
0.04211886690351292,0.0,0.0,0.0,0.0,13
0.045818811014302435,0.0,0.0,0.0,0.0,13
0.040540699264028285,0.0,0.0,0.0,0.0,13
0.06051096671795848,0.0,0.0,0.0,0.0,13
0.09447012256729348,0.0,0.001176332033027458,0.0,0.0,13
0.10792865785398498,0.0,0.0,0.0,0.0,13
0.09594338820856689,0.0,0.23270496155823628,0.0,0.0,13
0.1510264598726174,0.0,0.0,0.0,0.0,13
0.10693896085666349,0.0,0.0,0.0,0.0,13
0.09391149081575943,0.07533270048463127,0.0,0.0,0.0,13
0.076038320465912,0.0,0.0,0.0,0.0,13
0.03327745408331259,0.0,0.0,0.0,0.0,13
0.049726424119548085,0.0,0.0,0.0,0.0,13
0.038424087300662026,0.0,0.0,0.0,0.0,13
0.04378370949573985,0.0,0.0,0.0,0.0,13
0.0147221920535199,0.0,0.0,0.0,0.0,13
0.06893520423894227,0.0,0.0,0.0,0.0,13
0.0390172234947942,0.0,0.0,0.0,0.0,13
0.06630627737434748,0.0,0.0,0.0,0.0,13
0.0768955485054168,0.0,0.0,0.0,0.0,13
0.09383377071070108,0.0,0.0,0.0,0.0,13
0.12761457632231418,0.0,0.042554365127340066,0.0,0.0,13
0.07832201369443517,0.0,0.0,0.0,0.0,13
0.09204785771746209,0.0,0.0,0.0,0.0,13
0.08637904626804273,0.0,0.0,0.0,0.0,13
0.06819294384855,0.0,0.0,0.0,0.0,13
0.05654606875834713,0.0,0.0,0.0,0.0,13
0.05305703151716272,0.0,0.0,0.0,0.0,13
0.02615283422085862,0.0,0.0,0.0,0.0,13
0.03744453566937589,0.0,0.0,0.0,0.0,13
0.08901199489554504,0.0,0.0,0.0,0.0,13
0.08000729654082114,0.0,0.000732202951159,0.0,0.0,13
0.06973072153964577,0.0,0.0,0.0,0.0,13
0.06046222862857848,0.0,0.0,0.0,0.0,13
0.06336982651257078,0.0,0.0,0.0,0.0,13
0.04255923243215923,0.0,0.0,0.0,0.0,13
0.0289877834593046,0.0,0.0,0.0,0.0,13
0.034767398529496216,0.0,0.0,0.0,0.0,13
0.039919949259431056,0.0,0.0,0.0,0.0,13
0.04695628105002736,0.0,0.0,0.0,0.0,13
0.034107911817910334,0.0,0.0,0.0,0.0,13
0.05550998800190954,0.0,0.0,0.0,0.0,13
0.03790170720404062,0.0,0.0,0.0,0.0,13
0.06691134019486307,0.0,0.0,0.0,0.0,13
0.04574775919005623,0.0,0.0,0.0,0.0,13
0.14142761044730986,0.0,0.17636732299903216,0.0,0.0,13
0.11709975174955156,0.0,0.3962720541869058,0.0,0.0,13
0.15719120367852996,0.0,0.4370202732568718,0.0,0.0,13
0.22222046275329257,0.5693116929840915,0.0,0.0,0.0,13
0.32319398613799905,0.0,0.04043402093739673,0.0,0.0,13
0.19114954268440254,0.0,0.3408255992975323,0.0,0.0,13
0.3034749907540876,0.0,0.23567980334325128,0.0,0.0,13
0.25143196820244845,0.0,0.2649190666050502,0.0,0.0,13
0.1165759188296721,0.0,0.0,0.0,0.0,13
0.12140885687489675,0.0,0.0,0.0,0.0,13
0.1510586617213756,0.0,0.02896578230268876,0.0,0.0,13
0.14238098689200332,0.0,0.0,0.0,0.0,13
0.11348054926947242,0.0,0.0,0.0,0.0,13
0.1457531888403309,0.0,0.03353060233772487,0.0,0.0,13
0.08636431430485154,0.0,0.0,0.0,0.0,13
0.13991969583351682,0.0,0.07195054676962853,0.0,0.0,13
0.04983547874316206,0.0,0.0,0.0,0.0,13
0.04430794757939633,0.0,0.0,0.0,0.0,13
0.046318524758452544,0.0,0.0,0.0,0.0,13
0.0400053394795723,0.0,0.0,0.0,0.0,13
0.04723094589986691,0.0,0.0,0.0,0.0,13
0.042402809306609696,0.0,0.0,0.0,0.0,13
0.05452814334032992,0.0,0.0,0.0,0.0,13
0.05577284607389277,0.0,0.0,0.0,0.0,13
0.1254714141235448,0.12495321150992983,0.0,0.0,0.0,13
0.08013144830482094,0.0,0.09382382075544829,0.0,0.0,13
0.18461585492691085,0.0,0.08311945189670039,0.0,0.0,13
0.134562271844509,0.0,0.3784929446311597,0.0,0.0,13
0.17585566525671095,0.0,0.0,0.0,0.0,13
0.1264800153331247,0.0,0.0,0.0,0.0,13
0.1428071273507982,0.0,0.0,0.0,0.0,13
0.10052337271714926,0.0,0.0,0.0,0.0,13
0.08922806050434406,0.0,0.01204367405783828,0.0,0.0,13
0.11040975330224607,0.0,0.32528904360219024,0.0,0.0,13
0.16881006619088157,0.0,0.0,0.0,0.0,13
0.111071669327817,0.0,0.0,0.0,0.0,13
0.12480563561902239,0.0,0.011932687898407762,0.0,0.0,13
0.10565910533759378,0.0,0.0,0.0,0.0,13
0.07489256639549526,0.0,0.0,0.0,0.0,13
0.06160952432857998,0.0,0.0,0.0,0.0,13
0.05253832329588266,0.0,0.0,0.0,0.0,13
0.03742662190282984,0.0,0.0,0.0,0.0,13
0.046269822157416464,0.0,0.0,0.0,0.0,13
0.037683107187057606,0.0,0.0,0.0,0.0,13
0.03152152032178886,0.0,0.0,0.0,0.0,13
0.06936204660429293,0.0,0.0,0.0,0.0,13
0.05021434410753807,0.0,0.0,0.0,0.0,13
0.05080299349733749,0.0,0.0,0.0,0.0,13
0.04239242734708452,0.0,0.0,0.0,0.0,13
0.050418376439024866,0.0,0.0,0.0,0.0,13
0.04124306703683259,0.0,0.0,0.0,0.0,13
0.054347408491586646,0.0,0.0,0.0,0.0,13
0.06543741587280837,0.0,0.0,0.0,0.0,13
0.050111969929394366,0.0,0.0,0.0,0.0,13
0.05337169131534322,0.0,0.0,0.0,0.0,13
0.07326097641101244,0.0,0.0,0.0,0.0,13
0.12675775509434553,0.0,0.07265399017671634,0.0,0.0,13
0.09056434005401534,0.0,0.5934924323679474,0.0,0.0,13
0.1624340003879566,0.011280763658643944,0.0,0.0,0.0,13
0.16890103712873528,0.0,0.0,0.0,0.0,13
0.1243756794503175,0.0,0.0,0.0,0.0,13
0.08016497909358002,0.0,0.0,0.0,0.0,13
0.05896525925045869,0.0,0.0,0.0,0.0,13
0.04757668787124672,0.0,0.0,0.0,0.0,13
0.03521328458034392,0.0,0.0,0.0,0.0,13
0.05652593523407229,0.0,0.0,0.0,0.0,13
0.04086874521884714,0.0,0.0,0.0,0.0,13
0.03986585284439197,0.0,0.0,0.0,0.0,13
0.05559702514887175,0.0,0.0,0.0,0.0,13
0.11300523297244762,0.0,0.0347616436707711,0.0,0.0,13
0.06923578625208504,0.0,0.0,0.0,0.0,13
0.16356952432192223,0.0,0.041454676584406186,0.0,0.0,13
0.040679352197675864,0.0,0.0,0.0,0.0,13
0.01740881818983812,0.0,0.0,0.0,0.0,13
0.07090358385057556,0.0,0.0,0.0,0.0,13
0.11544468215061066,0.0,0.030195293362353576,0.0,0.0,13
0.13909823256811943,0.0,0.0006606767952808956,0.0,0.0,13
0.10065796452017275,0.0,0.03394818128746349,0.0,0.0,13
0.10438508060971144,0.0,0.10287721560961191,0.0,0.0,13
0.15258978178494695,0.0,0.09728423227065214,0.0,0.0,13
0.14607261462621304,0.0,0.06664042402820974,0.0,0.0,13
0.1303547269363416,0.18261768217650293,0.0,0.0,0.0,13
0.16390229873852338,0.0,0.0,0.0,0.0,13
0.1290692035906191,0.0,0.0,0.0,0.0,13
0.11827380180540042,0.0,0.0,0.0,0.0,13
0.08250525689720771,0.0,0.0,0.0,0.0,13
0.05593214032852125,0.0,0.0,0.0,0.0,13
0.0497563795713786,0.0,0.0,0.0,0.0,13
0.03987778598976742,0.0,0.0,0.0,0.0,13
0.03888947514594351,0.0,0.0,0.0,0.0,13
0.0556383993520922,0.0,0.0,0.0,0.0,13
0.03142576575180516,0.0,0.0,0.0,0.0,13
0.04470736379405265,0.0,0.0,0.0,0.0,13
0.04579734055427067,0.0,0.0,0.0,0.0,13
0.04922427580265372,0.0,0.0,0.0,0.0,13
0.05783325572764143,0.0,0.0,0.0,0.0,13
0.1041023678444599,0.0,0.0,0.0,0.0,13
0.08791607106110591,0.0,0.01224264952424911,0.0,0.0,13
0.08481123469196292,0.0,0.0,0.0,0.0,13
0.043494331655745566,0.0,0.0,0.0,0.0,13
0.04930594141500974,0.0,0.0,0.0,0.0,13
0.08009870942548837,0.0,0.0,0.0,0.0,13
0.09802957982477441,0.0,0.0,0.0,0.0,13
0.09184104387765571,0.0,0.0,0.0,0.0,13
0.1311245728875539,0.0,0.21532979383961406,0.0,0.0,13
0.13296434080210223,0.0,0.05519313100494022,0.0,0.0,13
0.17595766829192608,0.04500034247455928,0.0,0.0,0.0,13
0.1583391297506865,0.0,0.0,0.0,0.0,13
0.19328597904398698,0.0,0.07606946038662421,0.0,0.0,13
0.04958861754539855,0.0,0.0,0.0,0.0,13
0.04725913110892747,0.0,0.0,0.0,0.0,13
0.04191678900033021,0.0,0.0,0.0,0.0,13
0.03401495626894421,0.0,0.0,0.0,0.0,13
0.04833825214310708,0.0,0.0,0.0,0.0,13
0.033328059355091796,0.0,0.0,0.0,0.0,13
0.05247468300267833,0.0,0.0,0.0,0.0,13
0.037351371289770306,0.0,0.0,0.0,0.0,13
0.05345771610413929,0.0,0.0,0.0,0.0,13
0.05202101249512752,0.0,0.0,0.0,0.0,13
0.11694984973180604,0.0,0.0,0.0,0.0,13
0.10173860363688127,0.0,0.11200197099628252,0.0,0.0,13
0.19809403285408894,0.0,0.1666013389532593,0.0,0.0,13
0.24335870562806286,0.0,0.21003832919764423,0.0,0.0,13
0.22806559616635358,0.0,0.08237131702069456,0.0,0.0,13
0.2073883228412721,0.0,0.16252213848954286,0.0,0.0,13
0.08387447039824324,0.0,0.0,0.0,0.0,13
0.06759402110139623,0.0,0.0,0.0,0.0,13
0.05945469012888526,0.0,0.0,0.0,0.0,13
0.07590545148116894,0.0,0.7542569958192327,0.0,0.0,13
0.2758270570163217,0.40552190549761435,0.0,0.0,0.0,13
0.31824733862983134,0.0,0.013187388162041236,0.0,0.0,13
0.1603589880832043,0.0,0.20043077847566748,0.0,0.0,13
0.09887990309412333,0.0,0.0,0.0,0.0,13
0.08621829402848177,0.0,0.0,0.0,0.0,13
0.052971802130468516,0.0,0.0,0.0,0.0,13
0.05101977009841569,0.0,0.0,0.0,0.0,13
0.057679887789273576,0.0,0.0,0.0,0.0,13
0.049562954231599815,0.0,0.0,0.0,0.0,13
0.03416818905281169,0.0,0.0,0.0,0.0,13
0.05144987029821742,0.0,0.0,0.0,0.0,13
0.049676114117005385,0.0,0.0,0.0,0.0,13
0.04661065118608297,0.0,0.0,0.0,0.0,13
0.050454013256941294,0.0,0.0,0.0,0.0,13
0.11540003560147474,0.0,0.0,0.0,0.0,13
0.11966947606801485,0.0,0.06856796987322304,0.0,0.0,13
0.20926050016166575,0.0,0.1595283185405299,0.0,0.0,13
0.13618909570365642,0.2862016058522945,0.0,0.0,0.0,13
0.21771060166644501,0.0,0.24691069407220068,0.0,0.0,13
0.22448030862094964,0.0,0.05522288976630557,0.0,0.0,13
0.28729722439942296,0.0,0.1156316777885874,0.0,0.0,13
0.1269987501278477,0.0,0.0,0.0,0.0,13
0.08410864277990124,0.0,0.0,0.0,0.0,13
0.17512859860808672,0.0,0.0005825453398431435,0.0,0.0,13
0.12137246379232013,0.0,0.10796789067825167,0.0,0.0,13
0.13303810293191956,0.0,0.6125474192471693,0.0,0.0,13
0.08217284993623603,0.0,0.15338790374007918,0.0,0.0,14
0.18144925625926536,0.0,0.11508018861521932,0.0,0.0,14
0.15265690708146404,0.03964437279780589,0.0,0.0,0.0,14
0.10533741390767254,0.0014756445573251703,0.0,0.0,0.0,14
0.07551092133416064,0.0,0.0,0.0,0.0,14
0.1336909509802124,0.0,0.0,0.0,0.0,14
0.12556108616779724,0.0,0.021640039336494332,0.0,0.0,14
0.10644045650730036,0.0,0.02133886320207684,0.0,0.0,14
0.10243692802618229,0.0,0.0,0.0,0.0,14
0.11318860762343963,0.0,0.34623976185348804,0.0,0.0,14
0.15168331798637877,0.0,0.0,0.0,0.0,14
0.09454705832542934,0.0,0.0,0.0,0.0,14
0.0449420147241799,0.0,0.0,0.0,0.0,14
0.05491849697981911,0.0,0.0,0.0,0.0,14
0.05647323124105944,0.0,0.0,0.0,0.0,14
0.049878582129334305,0.0,0.0,0.0,0.0,14
0.0373238858999801,0.0,0.0,0.0,0.0,14
0.039156304910673005,0.0,0.0,0.0,0.0,14
0.0500459068454041,0.0,0.0,0.0,0.0,14
0.041948410938644695,0.0,0.0,0.0,0.0,14
0.05510016140487465,0.0,0.0,0.0,0.0,14
0.04250565986814334,0.0,0.0,0.0,0.0,14
0.05686572664651358,0.0,0.0,0.0,0.0,14
0.15552774355234297,0.0,0.11412387021807066,0.0,0.0,14
0.12836637039274168,0.0,0.09533345660605039,0.0,0.0,14
0.15684549909628556,0.0,0.006647630693412093,0.0,0.0,14
0.035709485585396876,0.0,0.0,0.0,0.0,14
0.05720816507527397,0.0,0.0,0.0,0.0,14
0.04360106433734106,0.0,0.0,0.0,0.0,14
0.04868224404338605,0.0,0.0,0.0,0.0,14
0.03971473881326116,0.0,0.0,0.0,0.0,14
0.04635723323051548,0.0,0.0,0.0,0.0,14
0.054465544496402216,0.0,0.0,0.0,0.0,14
0.04305569218922718,0.0,0.0,0.0,0.0,14
0.057216558961863465,0.0,0.0,0.0,0.0,14
0.08765729446822802,0.0,0.010532905371081772,0.0,0.0,14
0.05474075006864616,0.0,0.0,0.0,0.0,14
0.050909281856788655,0.0,0.0,0.0,0.0,14
0.05347065377644256,0.0,0.0,0.0,0.0,14
0.05491002314035016,0.0,0.0,0.0,0.0,14
0.04511928171517171,0.0,0.0,0.0,0.0,14
0.04591833226163669,0.0,0.0,0.0,0.0,14
0.043689978586061974,0.0,0.0,0.0,0.0,14
0.0508853259762828,0.0,0.0,0.0,0.0,14
0.07127268258645683,0.0,0.0,0.0,0.0,14
0.05443291355478208,0.0,0.0,0.0,0.0,14
0.04903335416547041,0.0,0.0,0.0,0.0,14
0.06391945819223963,0.0,0.0,0.0,0.0,14
0.07037600963558302,0.0,0.0,0.0,0.0,14
0.04587985700080683,0.0,0.0,0.0,0.0,14
0.047711734324732726,0.0,0.0,0.0,0.0,14
0.12107342420057006,0.0,0.08156517554321217,0.0,0.0,14
0.11855650531010516,0.0,0.1465733374953619,0.0,0.0,14
0.10747851357617498,0.0,0.0,0.0,0.0,14
0.06478975601483829,0.0,0.0,0.0,0.0,14
0.10309601510032876,0.0,0.0,0.0,0.0,14
0.15986293763766182,0.0,0.260239363957417,0.0,0.0,14
0.14000699786247445,0.0,0.0,0.0,0.0,14
0.12246732998497933,0.0,0.0,0.0,0.0,14
0.12272956917144939,0.0,0.0,0.0,0.0,14
0.07999668951953091,0.0,0.0,0.0,0.0,14
0.07125336888501152,0.0,0.0,0.0,0.0,14
0.05712352906960133,0.0,0.0,0.0,0.0,14
0.042915659772077404,0.0,0.0,0.0,0.0,14
0.04662034432850277,0.0,0.0,0.0,0.0,14
0.0454244823672064,0.0,0.0,0.0,0.0,14
0.05354685299351372,0.0,0.0,0.0,0.0,14
0.04048540232767283,0.0,0.0,0.0,0.0,14
0.07895392744673933,0.0,0.0,0.0,0.0,14
0.05531368549651796,0.0,0.0,0.0,0.0,14
0.04733057045673353,0.0,0.0,0.0,0.0,14
0.049224397694804654,0.0,0.0,0.0,0.0,14
0.050250900098406416,0.0,0.0,0.0,0.0,14
0.04758781604558972,0.0,0.0,0.0,0.0,14
0.051705312803095496,0.0,0.0,0.0,0.0,14
0.04939420450276748,0.0,0.0,0.0,0.0,14
0.03963703865447208,0.0,0.0,0.0,0.0,14
0.0430307481436578,0.0,0.0,0.0,0.0,14
0.04881450277869898,0.0,0.0,0.0,0.0,14
0.06702678017986934,0.0,0.0,0.0,0.0,14
0.10485894992336621,0.0,0.05654819116797431,0.0,0.0,14
0.10893844167711371,0.0,0.01248323259031539,0.0,0.0,14
0.15934758586492562,0.0,0.0,0.0,0.0,14
0.08387834659030854,0.048894324253948074,0.0,0.0,0.0,14
0.06287737878292891,0.0,0.0,0.0,0.0,14
0.05932113288464019,0.0,0.0,0.0,0.0,14
0.04337011727199861,0.0,0.0,0.0,0.0,14
0.03848367369116149,0.0,0.0,0.0,0.0,14
0.04728616613117327,0.0,0.0,0.0,0.0,14
0.04847153446911699,0.0,0.0,0.0,0.0,14
0.04577481362925811,0.0,0.0,0.0,0.0,14
0.040658227956315775,0.0,0.0,0.0,0.0,14
0.07320501916534113,0.0,0.0,0.0,0.0,14
0.1305936390323058,0.004552856776049108,0.0,0.0,0.0,14
0.08645185796596143,0.0,0.0,0.0,0.0,14
0.12693617332662405,0.10476421631353386,0.0,0.0,0.0,14
0.05444159079055907,0.0,0.0,0.0,0.0,14
0.0632595426999686,0.0,0.0,0.0,0.0,14
0.04641864386374476,0.0,0.0,0.0,0.0,14
0.04536308471744591,0.0,0.0,0.0,0.0,14
0.07429001519558807,0.0,0.0,0.0,0.0,14
0.08551438439079684,0.0,0.0,0.0,0.0,14
0.08129234864781482,0.0,0.0,0.0,0.0,14
0.09417991242697756,0.0,0.0004323941555913202,0.0,0.0,14
0.10804556267811435,0.0,0.023974459114633223,0.0,0.0,14
0.09196962467224468,0.0,0.0,0.0,0.0,14
0.120553730025216,0.0,0.0,0.0,0.0,14
0.10703113468974215,0.0,0.0,0.0,0.0,14
0.05622944344465762,0.0,0.0,0.0,0.0,14
0.05024409071089139,0.0,0.0,0.0,0.0,14
0.05693127810858711,0.0,0.0,0.0,0.0,14
0.04214904713422051,0.0,0.0,0.0,0.0,14
0.04950400849214136,0.0,0.0,0.0,0.0,14
0.058409396277485245,0.0,0.0,0.0,0.0,14
0.03273248433310138,0.0,0.0,0.0,0.0,14
0.04828765739928486,0.0,0.0,0.0,0.0,14
0.05489426817687154,0.0,0.0,0.0,0.0,14
0.03810997649019096,0.0,0.0,0.0,0.0,14
0.05788575721472136,0.0,0.0,0.0,0.0,14
0.040882928127512354,0.0,0.0,0.0,0.0,14
0.034593826545512255,0.0,0.0,0.0,0.0,14
0.04283199561575575,0.0,0.0,0.0,0.0,14
0.042672133754068454,0.0,0.0,0.0,0.0,14
0.044353256878717294,0.0,0.0,0.0,0.0,14
0.04815530791998237,0.0,0.0,0.0,0.0,14
0.05359689480562523,0.0,0.0,0.0,0.0,14
0.07032827643714672,0.0,0.0,0.0,0.0,14
0.141490523458298,0.0,0.029258744012147203,0.0,0.0,14
0.14670118959955492,0.18237015140368318,0.0,0.0,0.0,14
0.13487764705086758,0.0,0.0,0.0,0.0,14
0.1509465224627632,0.0,0.01793141522409658,0.0,0.0,14
0.10968987397186385,0.0,0.0,0.0,0.0,14
0.07359957012175611,0.0,0.0,0.0,0.0,14
0.06051634977860761,0.0,0.0,0.0,0.0,14
0.04446066576212612,0.0,0.0,0.0,0.0,14
0.042688384457693566,0.0,0.0,0.0,0.0,14
0.03931196585101706,0.0,0.0,0.0,0.0,14
0.05251748794676522,0.0,0.0,0.0,0.0,14
0.058978599873477,0.0,0.0,0.0,0.0,14
0.03940030838411851,0.0,0.0,0.0,0.0,14
0.04046398827445749,0.0,0.0,0.0,0.0,14
0.11777228025699897,0.0994841509347504,0.0,0.0,0.0,14
0.16422508557180485,0.0,0.08021572771989668,0.0,0.0,14
0.17053338865230697,0.0,0.3911750219498914,0.0,0.0,14
0.11039353299333864,0.0,0.0,0.0,0.0,14
0.07091024820945241,0.0,0.0,0.0,0.0,14
0.14866110905636817,0.0,0.41053187939460933,0.0,0.0,14
0.23060891430448333,0.21985053326428633,0.0,0.0,0.0,14
0.15785394151812612,0.2686722113314184,0.0,0.0,0.0,14
0.1470903147912168,0.0,0.3086094328598419,0.0,0.0,14
0.2652367587872421,0.0,0.0,0.0,0.0,14
0.22996781454427387,0.0,0.368314947377656,0.0,0.0,14
0.28537216706215845,0.0,0.10407564049181012,0.0,0.0,14
0.18907547545373807,0.0,0.3946518532409765,0.0,0.0,14
0.29021049114025443,0.0,0.0,0.0,0.0,14
0.14634947218517846,0.0,0.0,0.0,0.0,14
0.05622635659770156,0.0,0.0,0.0,0.0,14
0.05007077965890847,0.0,0.0,0.0,0.0,14
0.05272960392608505,0.0,0.0,0.0,0.0,14
0.0562967635085744,0.0,0.0,0.0,0.0,14
0.06418820702156215,0.0,0.0,0.0,0.0,14
0.06135540688951392,0.0,0.0,0.0,0.0,14
0.06040227349869738,0.0,0.0,0.0,0.0,14
0.057560476777002816,0.0,0.0,0.0,0.0,14
0.041675982116953336,0.0,0.0,0.0,0.0,14
0.06402663506787476,0.0,0.0,0.0,0.0,14
0.1401773666146383,0.0,0.008066645922492732,0.0,0.0,14
0.13925957599167726,0.03501772435762937,0.0,0.0,0.0,14
0.15941246065785883,0.0,0.01689791129028126,0.0,0.0,14
0.1693273073476045,0.05141861628248806,0.0,0.0,0.0,14
0.11157832987502467,0.0,0.0,0.0,0.0,14
0.08418699471658615,0.08523110145448227,0.0,0.0,0.0,14
0.14061502654294333,0.0,0.0,0.0,0.0,14
0.11853783160700238,0.0,0.00869314014654557,0.0,0.0,14
0.11006523938699517,0.0,0.0454645250507853,0.0,0.0,14
0.1133177352391381,0.018576286597597302,0.0,0.0,0.0,14
0.21578859984860788,0.0,0.12501547783792338,0.0,0.0,14
0.1837539431704152,0.0,0.06956414733913363,0.0,0.0,14
0.0954868757401936,0.0,0.0,0.0,0.0,14
0.08188954938294478,0.0,0.0,0.0,0.0,14
0.08289955000103233,0.0,0.0,0.0,0.0,14
0.05382786579248848,0.0,0.0,0.0,0.0,14
0.034426667177493424,0.0,0.0,0.0,0.0,14
0.0486311052890641,0.0,0.0,0.0,0.0,14
0.04630595135095844,0.0,0.0,0.0,0.0,14
0.04630307568862749,0.0,0.0,0.0,0.0,14
0.019977865957356282,0.0,0.0,0.0,0.0,14
0.044280861545889,0.0,0.0,0.0,0.0,14
0.04617636054893117,0.0,0.0,0.0,0.0,14
0.0406631252695968,0.0,0.0,0.0,0.0,14
0.10161329006352401,0.0,0.0,0.0,0.0,14
0.1082567734997325,0.0,0.03428151273106278,0.0,0.0,14
0.12359617000644359,0.0,0.0,0.0,0.0,14
0.11960642294639635,0.0,0.0,0.0,0.0,14
0.13429039241619328,0.0,0.0,0.0,0.0,14
0.11424909026893688,0.0,0.0,0.0,0.0,14
0.13103353866318407,0.0,0.06012960329216713,0.0,0.0,14
0.08986354513393294,0.0,0.0,0.0,0.0,14
0.11993320744634586,0.0,0.0,0.0,0.0,14
0.1456194421240875,0.0,0.08631599882282179,0.0,0.0,14
0.14574836802839114,0.26684261709165624,0.0,0.0,0.0,14
0.06704371298880689,0.0,0.07662411827942119,0.0,0.0,14
0.11831599538765965,0.0,0.0,0.0,0.0,14
0.12168861625708942,0.0,0.2414852378338042,0.0,0.0,14
0.19566298379969355,0.0,0.12077272862485072,0.0,0.0,14
0.09817882158002049,0.0,0.0,0.0,0.0,14
0.07832343983057743,0.0,0.0,0.0,0.0,14
0.06217988186482259,0.0,0.0,0.0,0.0,14
0.042093097030380514,0.0,0.0,0.0,0.0,14
0.04168247146443708,0.0,0.0,0.0,0.0,14
0.04091257807936686,0.0,0.0,0.0,0.0,14
0.04500385990518894,0.0,0.0,0.0,0.0,14
0.04027748908716093,0.0,0.0,0.0,0.0,14
0.043206230164790194,0.0,0.0,0.0,0.0,14
0.065339193519154,0.0,0.0,0.0,0.0,14
0.09011855026888944,0.0,0.0,0.0,0.0,14
0.07074609025914953,0.0,0.0,0.0,0.0,14
0.14434645957376305,0.0,0.04436464088687925,0.0,0.0,14
0.11179536151525643,0.0,0.033758532851291934,0.0,0.0,14
0.14037392619980066,0.0,0.14983425252441995,0.0,0.0,14
0.17499172199975518,0.0,0.221799187789446,0.0,0.0,14
0.11430719800706061,0.0,0.0,0.0,0.0,14
0.1627122808903062,0.0,0.0,0.0,0.0,14
0.11868231720812474,0.0,0.0,0.0,0.0,14
0.12642445156105225,0.0,0.1833567049618317,0.0,0.0,14
0.12843661874444884,0.0,0.10050059146019766,0.0,0.0,14
0.13790941807878151,0.0,0.015552091930249728,0.0,0.0,14
0.11721256358259152,0.0,0.0,0.0,0.0,14
0.06260410365142643,0.0,0.006820506788309741,0.0,0.0,14
0.03567342404482271,0.0,0.0,0.0,0.0,14
0.06026816051185924,0.0,0.0,0.0,0.0,14
0.04070685775071941,0.0,0.0,0.0,0.0,14
0.04692833961727699,0.0,0.0,0.0,0.0,14
0.04936444804389335,0.0,0.0,0.0,0.0,14
0.04137662732753065,0.0,0.0,0.0,0.0,14
0.0361380987863669,0.0,0.0,0.0,0.0,14
0.05035218814415504,0.0,0.0,0.0,0.0,14
0.049132626197766496,0.0,0.0,0.0,0.0,14
0.07145691005313255,0.0,0.0,0.0,0.0,14
0.04635441682958283,0.0,0.0,0.0,0.0,14
0.04220610003691913,0.0,0.0,0.0,0.0,14
0.03673601752815154,0.0,0.0,0.0,0.0,14
0.04458041900346789,0.0,0.0,0.0,0.0,14
0.043397930246502965,0.0,0.0,0.0,0.0,14
0.02234354950668126,0.0,0.0,0.0,0.0,14
0.05229160736791404,0.0,0.0,0.0,0.0,14
0.04453411109132146,0.0,0.0,0.0,0.0,14
0.059219436735623,0.0,0.0,0.0,0.0,14
0.12980339286471937,0.0,0.08335626580002378,0.0,0.0,14
0.14686304955998383,0.0,0.010511009403041643,0.0,0.0,14
0.1393369537199382,0.0,0.05686779986002441,0.0,0.0,14
0.13213412090144058,0.037360130425293736,0.0,0.0,0.0,14
0.05154164905292762,0.0,0.0,0.0,0.0,14
0.0358200159048471,0.0,0.0,0.0,0.0,14
0.043056618541955145,0.0,0.0,0.0,0.0,14
0.04555438469345355,0.0,0.0,0.0,0.0,14
0.03998849950663078,0.0,0.0,0.0,0.0,14
0.04822450209352984,0.0,0.0,0.0,0.0,14
0.03765403722911544,0.0,0.0,0.0,0.0,14
0.03876841442377304,0.0,0.0,0.0,0.0,14
0.06715181695981608,0.0,0.0,0.0,0.0,14
0.06236423506539582,0.0,0.0,0.0,0.0,14
0.05332939021110471,0.0,0.0,0.0,0.0,14
0.05156769238713895,0.0,0.0,0.0,0.0,14
0.056370888658062134,0.0,0.0,0.0,0.0,14
0.054957590653106764,0.0,0.0,0.0,0.0,14
0.06855258426861512,0.012567681998296859,0.0,0.0,0.0,14
0.04726926740470692,0.0,0.0,0.0,0.0,14
0.08979843941839456,0.0,0.0,0.0,0.0,14
0.08347237513829459,0.0,0.0,0.0,0.0,14
0.085060158157943,0.0,0.0,0.0,0.0,14
0.1356841483237065,0.0,0.0005734005264949882,0.0,0.0,14
0.10940913969267578,0.044677278815338575,0.0,0.0,0.0,14
0.14703851020582842,0.0,0.12259508168229827,0.0,0.0,14
0.188741311726904,0.0,0.016769028227752864,0.0,0.0,14
0.22061997662747018,0.0,0.14330084963293793,0.0,0.0,14
0.08818441993980473,0.0,0.0,0.0,0.0,14
0.03726009767722174,0.0,0.0,0.0,0.0,14
0.049614079495255044,0.0,0.0,0.0,0.0,14
0.040008662813571384,0.0,0.0,0.0,0.0,14
0.041247510095410736,0.0,0.0,0.0,0.0,14
0.03469762236268831,0.0,0.0,0.0,0.0,14
0.042813519898411895,0.0,0.0,0.0,0.0,14
0.04309415289413888,0.0,0.0,0.0,0.0,14
0.043952253011113725,0.0,0.0,0.0,0.0,14
0.057564009198765524,0.0,0.0,0.0,0.0,14
0.03313014363699566,0.0,0.0,0.0,0.0,14
0.047630359860642374,0.0,0.0,0.0,0.0,14
0.012343247948141697,0.0,0.0,0.0,0.0,14
0.03868861541250885,0.0,0.0,0.0,0.0,14
0.034220096008558576,0.0,0.0,0.0,0.0,14
0.04651404983195097,0.0,0.0,0.0,0.0,14
0.040081821232418616,0.0,0.0,0.0,0.0,14
0.06814496262878121,0.0,0.0,0.0,0.0,14
0.10310685418591711,0.0,0.0,0.0,0.0,14
0.11549421009143308,0.0,0.0,0.0,0.0,14
0.1050634760617071,0.0,0.17946737537371357,0.0,0.0,14
0.13128405532072587,0.0,0.013478104207458486,0.0,0.0,14
0.13019748795568803,0.0,0.0,0.0,0.0,14
0.17722719559841685,0.0,0.0,0.0,0.0,14
0.05927694333663058,0.0,0.0,0.0,0.0,14
0.04219022534020081,0.0,0.0,0.0,0.0,14
0.03946961524003629,0.0,0.0,0.0,0.0,14
0.04179855124674824,0.0,0.0,0.0,0.0,14
0.03981227153475975,0.0,0.0,0.0,0.0,14
0.014074439931709539,0.0,0.0,0.0,0.0,14
0.05188588723422692,0.0,0.0,0.0,0.0,14
0.03679534010387884,0.0,0.0,0.0,0.0,14
0.0600349312339109,0.0,0.0,0.0,0.0,14
0.06649292485024728,0.0,0.0,0.0,0.0,14
0.09741225770898299,0.0,0.0,0.0,0.0,14
0.1198040584905253,0.0,0.07669968687346346,0.0,0.0,14
0.07857090414804234,0.0,0.0,0.0,0.0,14
0.08442557549949321,0.0,0.0,0.0,0.0,14
0.06875767661762726,0.0,0.0,0.0,0.0,14
0.08740072767195202,0.0,0.0,0.0,0.0,14
0.0664963960723226,0.0,0.0,0.0,0.0,14
0.05944254707524187,0.0,0.0,0.0,0.0,14
0.031798389372368376,0.0,0.0,0.0,0.0,14
0.03729367583760376,0.0,0.0,0.0,0.0,14
0.0909554684533022,0.0,0.0,0.0,0.0,14
0.08087968446691592,0.0,0.0,0.0,0.0,14
0.0634067511037511,0.0,0.0,0.0,0.0,14
0.06389198567640658,0.0,0.0,0.0,0.0,14
0.062402483181705465,0.0,0.0,0.0,0.0,14
0.04975980175979912,0.0,0.0,0.0,0.0,14
0.03183490723425777,0.0,0.0,0.0,0.0,14
0.0349483007131387,0.0,0.0,0.0,0.0,14
0.029395040605205782,0.0,0.0,0.0,0.0,14
0.04564698933339168,0.0,0.0,0.0,0.0,14
0.03483588403090464,0.0,0.0,0.0,0.0,14
0.04779582455142402,0.0,0.0,0.0,0.0,14
0.0403617307241927,0.0,0.0,0.0,0.0,14
0.05592218722282326,0.0,0.0,0.0,0.0,14
0.04624351285855514,0.0,0.0,0.0,0.0,14
0.07372199898773836,0.0,0.23638910188590312,0.0,0.0,14
0.12410771339053331,0.0,0.3542670148198248,0.0,0.0,14
0.2026661469412707,0.0,0.3663619512160814,0.0,0.0,14
0.28231095525865746,0.5414860904158761,0.0,0.0,0.0,14
0.32839799396588143,0.0,0.0,0.0,0.0,14
0.22817799265848365,0.0,0.1924985850427569,0.0,0.0,14
0.21299068857915357,0.0,0.3456986397749303,0.0,0.0,14
0.28076999271560543,0.0,0.24530608760818362,0.0,0.0,14
0.13468277188255798,0.0,0.0,0.0,0.0,14
0.10711624912072522,0.0,0.0,0.0,0.0,14
0.14269446227401592,0.0,0.03346017684229069,0.0,0.0,14
0.13726692850440808,0.0,0.0,0.0,0.0,14
0.12644058572778527,0.0,0.0,0.0,0.0,14
0.167542388103384,0.0,0.012435468922281756,0.0,0.0,14
0.0725018255965882,0.0,0.0,0.0,0.0,14
0.12303291453565009,0.0,0.08918129778525354,0.0,0.0,14
0.052509385042789944,0.0,0.0,0.0,0.0,14
0.0394264538766249,0.0,0.0,0.0,0.0,14
0.03781005636160238,0.0,0.0,0.0,0.0,14
0.055468834011966395,0.0,0.0,0.0,0.0,14
0.037602882030593844,0.0,0.0,0.0,0.0,14
0.03825679343247133,0.0,0.0,0.0,0.0,14
0.05046778118284957,0.0,0.0,0.0,0.0,14
0.07142666990376502,0.0,0.0,0.0,0.0,14
0.1340912807754533,0.11367576166652629,0.0,0.0,0.0,14
0.14803634938418103,0.0,0.0,0.0,0.0,14
0.1429864641399037,0.0,0.17637116275552425,0.0,0.0,14
0.17236037476073193,0.0,0.3610055296949032,0.0,0.0,14
0.09564131438884062,0.0,0.060885803472639013,0.0,0.0,14
0.12902332061096966,0.0,0.0,0.0,0.0,14
0.1308774823424413,0.0,0.0,0.0,0.0,14
0.11413666404808805,0.0,0.0,0.0,0.0,14
0.11307633914258274,0.0,0.0,0.0,0.0,14
0.16466492067210284,0.0,0.2598232550876176,0.0,0.0,14
0.16676643368566785,0.0,0.0,0.0,0.0,14
0.12170751048032999,0.0,0.0,0.0,0.0,14
0.16691771809938885,0.0,0.0,0.0,0.0,14
0.11694062226976923,0.0,0.0,0.0,0.0,14
0.08373523408047501,0.0,0.0,0.0,0.0,14
0.05907181391211819,0.0,0.0,0.0,0.0,14
0.04501971751333981,0.0,0.0,0.0,0.0,14
0.031165868301738,0.0,0.0,0.0,0.0,14
0.06117106296724962,0.0,0.0,0.0,0.0,14
0.03888878976189106,0.0,0.0,0.0,0.0,14
0.03829946562009673,0.0,0.0,0.0,0.0,14
0.05799426427523298,0.0,0.0,0.0,0.0,14
0.04765645747853984,0.0,0.0,0.0,0.0,14
0.0453678021667236,0.0,0.0,0.0,0.0,14
0.04281625730232857,0.0,0.0,0.0,0.0,14
0.043602100649081224,0.0,0.0,0.0,0.0,14
0.03887900581447884,0.0,0.0,0.0,0.0,14
0.04521359464545085,0.0,0.0,0.0,0.0,14
0.06417119550488097,0.0,0.0,0.0,0.0,14
0.05309339294799817,0.0,0.0,0.0,0.0,14
0.04921992482520064,0.0,0.0,0.0,0.0,14
0.08289400241262952,0.0,0.0,0.0,0.0,14
0.15649663201328962,0.0,0.05934150715537714,0.0,0.0,14
0.0898281721158678,0.0,0.4960272812796268,0.0,0.0,14
0.16297887181087067,0.0,0.0,0.0,0.0,14
0.16821203423480155,0.0,0.0,0.0,0.0,14
0.12039046796212081,0.0,0.0,0.0,0.0,14
0.07243031060445823,0.0,0.0,0.0,0.0,14
0.07541788320028951,0.0,0.0,0.0,0.0,14
0.052671318556965795,0.0,0.0,0.0,0.0,14
0.037489749647241784,0.0,0.0,0.0,0.0,14
0.04843941009792476,0.0,0.0,0.0,0.0,14
0.04817568423506687,0.0,0.0,0.0,0.0,14
0.036162053752921045,0.0,0.0,0.0,0.0,14
0.05043571023388603,0.0,0.0,0.0,0.0,14
0.08531842351697592,0.0,0.06299069826636776,0.0,0.0,14
0.06989729177185573,0.0,0.0,0.0,0.0,14
0.08650631308783259,0.0,0.1441039706010805,0.0,0.0,14
0.04612789605203513,0.0,0.0,0.0,0.0,14
0.017757302475623127,0.0,0.0,0.0,0.0,14
0.06649743485088838,0.0,0.0,0.0,0.0,14
0.1293275490618683,0.0,0.0,0.0,0.0,14
0.1275373631622889,0.0,0.027146754222977187,0.0,0.0,14
0.14770018336532628,0.0,0.0,0.0,0.0,14
0.17768789419171754,0.0,0.05612308525382653,0.0,0.0,14
0.16324672902123602,0.0,0.021725165051938916,0.0,0.0,14
0.14374780878530471,0.0,0.0,0.0,0.0,14
0.14465080481404222,0.15252845284326708,0.0,0.0,0.0,14
0.18795151153574635,0.0,0.043872330087020905,0.0,0.0,14
0.16017574444238772,0.0,0.017521385948387813,0.0,0.0,14
0.11093391251538039,0.0,0.0,0.0,0.0,14
0.08291165451063465,0.0,0.0,0.0,0.0,14
0.06137850173357394,0.0,0.0,0.0,0.0,14
0.042640078716412705,0.0,0.0,0.0,0.0,14
0.039413540391495645,0.0,0.0,0.0,0.0,14
0.04482046246234319,0.0,0.0,0.0,0.0,14
0.05663973243659556,0.0,0.0,0.0,0.0,14
0.03296785241638961,0.0,0.0,0.0,0.0,14
0.053181687341009205,0.0,0.0,0.0,0.0,14
0.0425088556514111,0.0,0.0,0.0,0.0,14
0.030411435049556172,0.0,0.0,0.0,0.0,14
0.06792064237851472,0.0,0.0,0.0,0.0,14
0.06401878741566577,0.0,0.03593327025456054,0.0,0.0,14
0.11414908675973903,0.0,0.0,0.0,0.0,14
0.09221642499963388,0.0,0.0,0.0,0.0,14
0.038072627639323314,0.0,0.0,0.0,0.0,14
0.05318463057565759,0.0,0.0,0.0,0.0,14
0.07306381887123427,0.0,0.0,0.0,0.0,14
0.08497918313545064,0.0,0.0,0.0,0.0,14
0.08551376065981414,0.0,0.0,0.0,0.0,14
0.14082793435338012,0.0,0.14625646897505204,0.0,0.0,14
0.1363297009392302,0.0,0.0,0.0,0.0,14
0.09203089832384748,0.12561753078213236,0.0,0.0,0.0,14
0.12040033701188232,0.0,0.0,0.0,0.0,14
0.1895290778179553,0.0,0.03324091037336607,0.0,0.0,14
0.04721758639484269,0.0,0.0,0.0,0.0,14
0.04255029947655927,0.0,0.0,0.0,0.0,14
0.041752780333769966,0.0,0.0,0.0,0.0,14
0.03284522833383889,0.0,0.0,0.0,0.0,14
0.05311445907044176,0.0,0.0,0.0,0.0,14
0.031991090757693554,0.0,0.0,0.0,0.0,14
0.044853810208283384,0.0,0.0,0.0,0.0,14
0.03264281913940739,0.0,0.0,0.0,0.0,14
0.05519641433036839,0.0,0.0,0.0,0.0,14
0.05989321870887016,0.0,0.0,0.0,0.0,14
0.11771567084742532,0.0,0.0,0.0,0.0,14
0.13655111867670752,0.0,0.07268407393586981,0.0,0.0,14
0.14615218387917245,0.0,0.28969819619449305,0.0,0.0,14
0.12998782526483993,0.0,0.2271930075885355,0.0,0.0,14
0.2100490854768555,0.0,0.1747541904761645,0.0,0.0,14
0.18844483039917945,0.0,0.12660034798833505,0.0,0.0,14
0.08464077490624224,0.0,0.0,0.0,0.0,14
0.0723153305580383,0.0,0.0,0.0,0.0,14
0.05405970299677942,0.0,0.0,0.0,0.0,14
0.18255134257116795,0.0,0.4568856607185477,0.0,0.0,14
0.22570914668259573,0.4665420749128922,0.0,0.0,0.0,14
0.17146916469323736,0.0,0.1037202251377965,0.0,0.0,14
0.23748528507828623,0.0,0.10136534716211279,0.0,0.0,14
0.10639375713410056,0.0,0.0,0.0,0.0,14
0.07843337851086901,0.0,0.0,0.0,0.0,14
0.06253187976854986,0.0,0.0,0.0,0.0,14
0.07072108011678392,0.0,0.0,0.0,0.0,14
0.05212070092588343,0.0,0.0,0.0,0.0,14
0.06389664495473729,0.0,0.0,0.0,0.0,14
0.03748680416683323,0.0,0.0,0.0,0.0,14
0.05354270573662955,0.0,0.0,0.0,0.0,14
0.05192696170318372,0.0,0.0,0.0,0.0,14
0.05349089039748126,0.0,0.0,0.0,0.0,14
0.0669386286985999,0.0,0.0,0.0,0.0,14
0.14037001070811256,0.019173470034393125,0.0,0.0,0.0,14
0.0976146954991889,0.0,0.04670625606547192,0.0,0.0,14
0.11344715713456502,0.0,0.30455189014961515,0.0,0.0,14
0.19267722928836883,0.21152297588471125,0.0,0.0,0.0,14
0.1646264641562962,0.0,0.3227487565405682,0.0,0.0,14
0.24401645977628852,0.0,0.07235702750531933,0.0,0.0,14
0.27357253045494634,0.0,0.20599439495592897,0.0,0.0,14
0.13787420395647926,0.0,0.0,0.0,0.0,14
0.07880388595731928,0.0,0.0,0.0,0.0,14
0.15273578504112403,0.0,0.00924154023162077,0.0,0.0,14
0.1377525000238577,0.0,0.1434688796522282,0.0,0.0,14
0.14144030439837935,0.0,0.6452399963925743,0.0,0.0,14
0.1535900827294009,0.0,0.08186785701512306,0.0,0.0,15
0.1293131733952974,0.0,0.14737615520269692,0.0,0.0,15
0.21428488865329795,0.005856462509943566,0.0,0.0,0.0,15
0.10652665757334984,0.0,0.0,0.0,0.0,15
0.08310562559077006,0.0,0.0,0.0,0.0,15
0.10310836125188061,0.0,0.0,0.0,0.0,15
0.12091598426922189,0.0,0.02324208839980367,0.0,0.0,15
0.10197435225471928,0.0,0.0,0.0,0.0,15
0.0953278909504408,0.0,0.0,0.0,0.0,15
0.14697222476764304,0.0,0.2490529176338015,0.0,0.0,15
0.14219508314473991,0.0,0.0,0.0,0.0,15
0.08688885522437964,0.0,0.0,0.0,0.0,15
0.044034605228523455,0.0,0.0,0.0,0.0,15
0.05215397050592849,0.0,0.0,0.0,0.0,15
0.04737292142181129,0.0,0.0,0.0,0.0,15
0.050328253959302925,0.0,0.0,0.0,0.0,15
0.03902635715605736,0.0,0.0,0.0,0.0,15
0.054127550539975214,0.0,0.0,0.0,0.0,15
0.04329538369898548,0.0,0.0,0.0,0.0,15
0.0327088451838214,0.0,0.0,0.0,0.0,15
0.04472063610802196,0.0,0.0,0.0,0.0,15
0.03708774735506547,0.0,0.0,0.0,0.0,15
0.057408235072277686,0.0,0.0,0.0,0.0,15
0.1018392469451246,0.0,0.18193337505061663,0.0,0.0,15
0.10093063321910875,0.0,0.11607512423760843,0.0,0.0,15
0.13799561478014258,0.0,0.043921835341054344,0.0,0.0,15
0.0358758101422003,0.0,0.0,0.0,0.0,15
0.0568301232554859,0.0,0.0,0.0,0.0,15
0.035249556265055396,0.0,0.0,0.0,0.0,15
0.04915715542700755,0.0,0.0,0.0,0.0,15
0.03896266770207379,0.0,0.0,0.0,0.0,15
0.05459164881141234,0.0,0.0,0.0,0.0,15
0.04073861293398886,0.0,0.0,0.0,0.0,15
0.03578684039347887,0.0,0.0,0.0,0.0,15
0.047185462280754195,0.0,0.0,0.0,0.0,15
0.07070451690079892,0.0,0.0,0.0,0.0,15
0.0591106192665929,0.0,0.0,0.0,0.0,15
0.05603324581518702,0.0,0.0,0.0,0.0,15
0.048301594985215024,0.0,0.0,0.0,0.0,15
0.0435316178605592,0.0,0.0,0.0,0.0,15
0.05517168965789296,0.0,0.0,0.0,0.0,15
0.04506795854296037,0.0,0.0,0.0,0.0,15
0.04550247500597185,0.0,0.0,0.0,0.0,15
0.054490251851694524,0.0,0.0,0.0,0.0,15
0.06199049643353476,0.0,0.0,0.0,0.0,15
0.05092861619504983,0.0,0.0,0.0,0.0,15
0.042924866071065194,0.0,0.0,0.0,0.0,15
0.06124431292395039,0.0,0.0,0.0,0.0,15
0.07292370374298392,0.0,0.0,0.0,0.0,15
0.050253833799500325,0.0,0.0,0.0,0.0,15
0.05066079673137724,0.0,0.0,0.0,0.0,15
0.11299579871737385,0.0,0.06712722132509417,0.0,0.0,15
0.11987206591634317,0.0,0.1376823123392322,0.0,0.0,15
0.09390773156406616,0.0,0.014123849726866491,0.0,0.0,15
0.07267152215967161,0.0,0.0,0.0,0.0,15
0.09852747189010602,0.0,0.0,0.0,0.0,15
0.17992141732152517,0.0,0.18025876216140185,0.0,0.0,15
0.15424891214973127,0.0,0.0,0.0,0.0,15
0.11703999245628632,0.0,0.0,0.0,0.0,15
0.12208332100043254,0.0,0.0,0.0,0.0,15
0.07885634831136047,0.0,0.0,0.0,0.0,15
0.09973093977655471,0.0,0.0,0.0,0.0,15
0.06020138987733714,0.0,0.0,0.0,0.0,15
0.04156296521843385,0.0,0.0,0.0,0.0,15
0.047148941344320676,0.0,0.0,0.0,0.0,15
0.04730391152812354,0.0,0.0,0.0,0.0,15
0.04948801387501028,0.0,0.0,0.0,0.0,15
0.038388284460896864,0.0,0.0,0.0,0.0,15
0.060033404289504454,0.0,0.0,0.0,0.0,15
0.06153309763561801,0.0,0.0,0.0,0.0,15
0.055149191031327274,0.0,0.0,0.0,0.0,15
0.05741902953716933,0.0,0.0,0.0,0.0,15
0.045371622618284355,0.0,0.0,0.0,0.0,15
0.03980368541184768,0.0,0.0,0.0,0.0,15
0.05016236863470214,0.0,0.0,0.0,0.0,15
0.05210869900787187,0.0,0.0,0.0,0.0,15
0.04254051625712337,0.0,0.0,0.0,0.0,15
0.037590566974326896,0.0,0.0,0.0,0.0,15
0.04808840979279711,0.0,0.0,0.0,0.0,15
0.056849702724942414,0.0,0.0,0.0,0.0,15
0.11655691007495782,0.0,0.04931308761340804,0.0,0.0,15
0.11563608505077662,0.0,0.020057804549913752,0.0,0.0,15
0.12326791572874159,0.0,0.0,0.0,0.0,15
0.11239962786858505,0.0,0.0,0.0,0.0,15
0.07269796819717025,0.0,0.0,0.0,0.0,15
0.05033067985397314,0.0,0.0,0.0,0.0,15
0.06159659731474517,0.0,0.0,0.0,0.0,15
0.04123107412098176,0.0,0.0,0.0,0.0,15
0.04278383571244288,0.0,0.0,0.0,0.0,15
0.04475053192409418,0.0,0.0,0.0,0.0,15
0.039052006783686526,0.0,0.0,0.0,0.0,15
0.036910815572814885,0.0,0.0,0.0,0.0,15
0.07266881751516237,0.0,0.0,0.0,0.0,15
0.10130214974496306,0.023922288115972287,0.0,0.0,0.0,15
0.08057328794221823,0.0,0.0,0.0,0.0,15
0.12301295853695068,0.1331421456200815,0.0,0.0,0.0,15
0.059932474122237504,0.0,0.0,0.0,0.0,15
0.06439689997940853,0.0,0.0,0.0,0.0,15
0.03823921598108599,0.0,0.0,0.0,0.0,15
0.04704009818730019,0.0,0.0,0.0,0.0,15
0.07071249004371595,0.0,0.0,0.0,0.0,15
0.09175083347078819,0.0,0.0,0.0,0.0,15
0.07471018465982002,0.0,0.0,0.0,0.0,15
0.09711218165612895,0.0,0.0,0.0,0.0,15
0.09129407441789084,0.0,0.0,0.0,0.0,15
0.13585296363822966,0.0,0.004944267423444837,0.0,0.0,15
0.09648642610995764,0.0,0.028551242916080244,0.0,0.0,15
0.10072852913333112,0.0,0.0,0.0,0.0,15
0.05778409878829666,0.0,0.0,0.0,0.0,15
0.054505555335036406,0.0,0.0,0.0,0.0,15
0.06092137443310106,0.0,0.0,0.0,0.0,15
0.04783806433067955,0.0,0.0,0.0,0.0,15
0.0496212864468976,0.0,0.0,0.0,0.0,15
0.04615206722850434,0.0,0.0,0.0,0.0,15
0.03298829257911579,0.0,0.0,0.0,0.0,15
0.05111290638725454,0.0,0.0,0.0,0.0,15
0.0589058755022287,0.0,0.0,0.0,0.0,15
0.02893027258346933,0.0,0.0,0.0,0.0,15
0.054082771052222804,0.0,0.0,0.0,0.0,15
0.041368955429363946,0.0,0.0,0.0,0.0,15
0.03240950237382283,0.0,0.0,0.0,0.0,15
0.04827660885755309,0.0,0.0,0.0,0.0,15
0.03893940526009012,0.0,0.0,0.0,0.0,15
0.053374166794905704,0.0,0.0,0.0,0.0,15
0.05079675951877579,0.0,0.0,0.0,0.0,15
0.052663284367165754,0.0,0.0,0.0,0.0,15
0.06322623429705024,0.0,0.0,0.0,0.0,15
0.09605920715225089,0.0,0.05268483833904972,0.0,0.0,15
0.15722323421376455,0.1719910713800657,0.0,0.0,0.0,15
0.11422877620185874,0.0,0.0,0.0,0.0,15
0.11747641926925267,0.0,0.049710501579786986,0.0,0.0,15
0.12966010863369293,0.0,0.0,0.0,0.0,15
0.07442474156618467,0.0,0.0,0.0,0.0,15
0.056341399905419885,0.0,0.0,0.0,0.0,15
0.049133027275282994,0.0,0.0,0.0,0.0,15
0.04311649697697665,0.0,0.0,0.0,0.0,15
0.03802540339064742,0.0,0.0,0.0,0.0,15
0.05125700196770459,0.0,0.0,0.0,0.0,15
0.05847158511503712,0.0,0.0,0.0,0.0,15
0.041183029438634756,0.0,0.0,0.0,0.0,15
0.04993793840008933,0.0,0.0,0.0,0.0,15
0.0875187215288852,0.1090348962489522,0.0,0.0,0.0,15
0.09788984509854923,0.0,0.14661177629934335,0.0,0.0,15
0.14876674639490353,0.0,0.3622210518811917,0.0,0.0,15
0.1152937440314159,0.0,0.0,0.0,0.0,15
0.08579080072671026,0.0,0.0,0.0,0.0,15
0.14359025292070624,0.0,0.5470737267615285,0.0,0.0,15
0.2067103231717129,0.2254462807627739,0.0,0.0,0.0,15
0.19269727440724294,0.24804124033598424,0.0,0.0,0.0,15
0.20168353999149563,0.0,0.325433180158807,0.0,0.0,15
0.14756191896664536,0.0,0.14143416049173727,0.0,0.0,15
0.2184530476204897,0.0,0.28182118139135814,0.0,0.0,15
0.24348928316955198,0.0,0.1167393009118875,0.0,0.0,15
0.21983139896858797,0.0,0.4488516262631147,0.0,0.0,15
0.31869455752233555,0.0,0.0,0.0,0.0,15
0.14560410091661577,0.0,0.0,0.0,0.0,15
0.05939580519688631,0.0,0.0,0.0,0.0,15
0.040734830735389395,0.0,0.0,0.0,0.0,15
0.05757764495272873,0.0,0.0,0.0,0.0,15
0.05525900925001605,0.0,0.0,0.0,0.0,15
0.05616534284081936,0.0,0.0,0.0,0.0,15
0.03682281935029417,0.0,0.0,0.0,0.0,15
0.056109409030011326,0.0,0.0,0.0,0.0,15
0.05185934027757869,0.0,0.0,0.0,0.0,15
0.04518350876862938,0.0,0.0,0.0,0.0,15
0.05576283368634389,0.0,0.0,0.0,0.0,15
0.09458649690115362,0.0,0.05783099431351679,0.0,0.0,15
0.1032398461380402,0.0704101303892654,0.0,0.0,0.0,15
0.14138045950322686,0.0,0.028229899612438047,0.0,0.0,15
0.11636752091763604,0.1291184635914266,0.0,0.0,0.0,15
0.11462760953568461,0.0,0.0,0.0,0.0,15
0.12526341053669177,0.019102710563496578,0.0,0.0,0.0,15
0.1338319548883428,0.0,0.01459136535142444,0.0,0.0,15
0.10378694251517341,0.0,0.02930687410127432,0.0,0.0,15
0.14456800192005742,0.0,0.0,0.0,0.0,15
0.17117965051449455,0.0,0.0,0.0,0.0,15
0.1412664989681496,0.0,0.25282401990216574,0.0,0.0,15
0.16765040312838836,0.0,0.059800962127271845,0.0,0.0,15
0.08594650107685922,0.0,0.0,0.0,0.0,15
0.09876002177976657,0.0,0.0,0.0,0.0,15
0.07572892202946237,0.0,0.0,0.0,0.0,15
0.057123142145464476,0.0,0.0,0.0,0.0,15
0.027021137341949997,0.0,0.0,0.0,0.0,15
0.041067904048375355,0.0,0.0,0.0,0.0,15
0.044085874877825094,0.0,0.0,0.0,0.0,15
0.03945636573770926,0.0,0.0,0.0,0.0,15
0.019639812595901838,0.0,0.0,0.0,0.0,15
0.04044009151021259,0.0,0.0,0.0,0.0,15
0.05628161280945172,0.0,0.0,0.0,0.0,15
0.03815799074436551,0.0,0.0,0.0,0.0,15
0.10185771300235442,0.0,0.0,0.0,0.0,15
0.09252391902187722,0.0,0.035845086992088035,0.0,0.0,15
0.09673557585440228,0.0,0.0232388792521704,0.0,0.0,15
0.11860343167688923,0.0,0.0,0.0,0.0,15
0.1358737898559801,0.0,0.00900104836380397,0.0,0.0,15
0.1166838086808408,0.0,0.0,0.0,0.0,15
0.11470048684476325,0.0,0.08962861233851618,0.0,0.0,15
0.11861066394908253,0.0,0.0,0.0,0.0,15
0.09715668608312177,0.0,0.005217665844946651,0.0,0.0,15
0.11520935752582874,0.0,0.076179196956921,0.0,0.0,15
0.10965255171088174,0.2973764256244038,0.0,0.0,0.0,15
0.12297331034288696,0.0,0.0,0.0,0.0,15
0.10571881354531243,0.018241502622011393,0.0,0.0,0.0,15
0.11373573759629911,0.0,0.30158610645235256,0.0,0.0,15
0.1016014166872657,0.0,0.2271727346001522,0.0,0.0,15
0.10470188930679757,0.0,0.0,0.0,0.0,15
0.10806894374264424,0.0,0.0,0.0,0.0,15
0.05707899786119949,0.0,0.0,0.0,0.0,15
0.04534230525445874,0.0,0.0,0.0,0.0,15
0.04798709856030316,0.0,0.0,0.0,0.0,15
0.04750237978403521,0.0,0.0,0.0,0.0,15
0.042755103723467296,0.0,0.0,0.0,0.0,15
0.03345977496818248,0.0,0.0,0.0,0.0,15
0.045926401782832506,0.0,0.0,0.0,0.0,15
0.05160839890803548,0.0,0.0,0.0,0.0,15
0.0918699071818681,0.0,0.0,0.0,0.0,15
0.08092622027575326,0.0,0.0,0.0,0.0,15
0.12477110797590706,0.0,0.10211744353807271,0.0,0.0,15
0.12255862558286718,0.0,0.0023228258215474418,0.0,0.0,15
0.14564402545110516,0.0,0.06818800995511226,0.0,0.0,15
0.16213273258681818,0.0,0.2706986972190718,0.0,0.0,15
0.1103017789558316,0.0,0.0,0.0,0.0,15
0.12846687997231657,0.0,0.022636730193718535,0.0,0.0,15
0.10831917837653122,0.0,0.0,0.0,0.0,15
0.16277341730958592,0.0,0.2011923336353668,0.0,0.0,15
0.11516897434598856,0.0,0.09425756677527038,0.0,0.0,15
0.13289642529077558,0.0,0.0,0.0,0.0,15
0.1093787011368729,0.0,0.00022093391228547588,0.0,0.0,15
0.0711826556744912,0.0,0.0,0.0,0.0,15
0.032677355922452286,0.0,0.0,0.0,0.0,15
0.05890996253633355,0.0,0.0,0.0,0.0,15
0.032102410396639205,0.0,0.0,0.0,0.0,15
0.03834838659415215,0.0,0.0,0.0,0.0,15
0.03870233762342308,0.0,0.0,0.0,0.0,15
0.038707123766192904,0.0,0.0,0.0,0.0,15
0.04390512010313517,0.0,0.0,0.0,0.0,15
0.04494891584516398,0.0,0.0,0.0,0.0,15
0.05461607576187744,0.0,0.0,0.0,0.0,15
0.05802145676566262,0.0,0.0,0.0,0.0,15
0.05663087908824947,0.0,0.0,0.0,0.0,15
0.04233914741999831,0.0,0.0,0.0,0.0,15
0.03855503580939605,0.0,0.0,0.0,0.0,15
0.04865702252614976,0.0,0.0,0.0,0.0,15
0.04424764105705003,0.0,0.0,0.0,0.0,15
0.02337038969654269,0.0,0.0,0.0,0.0,15
0.04282236355611393,0.0,0.0,0.0,0.0,15
0.0421068257420998,0.0,0.0,0.0,0.0,15
0.06956456254095217,0.0,0.0,0.0,0.0,15
0.13224139573755017,0.0,0.0646341643846639,0.0,0.0,15
0.12092450462045645,0.0,0.0,0.0,0.0,15
0.11877574164652924,0.0,0.04691246020776274,0.0,0.0,15
0.14274181333518948,0.02147312089529807,0.0,0.0,0.0,15
0.06700952905962484,0.0,0.0,0.0,0.0,15
0.03212929938222364,0.0,0.0,0.0,0.0,15
0.0434467895966115,0.0,0.0,0.0,0.0,15
0.03780968954210246,0.0,0.0,0.0,0.0,15
0.037967723919536824,0.0,0.0,0.0,0.0,15
0.04870161296607309,0.0,0.0,0.0,0.0,15
0.03775181811092065,0.0,0.0,0.0,0.0,15
0.03945846082324684,0.0,0.0,0.0,0.0,15
0.06472136870314263,0.0,0.0,0.0,0.0,15
0.07186734270260425,0.0,0.0,0.0,0.0,15
0.04307926328899473,0.0,0.0,0.0,0.0,15
0.05227033346252578,0.0,0.0,0.0,0.0,15
0.0649180958072513,0.0,0.0,0.0,0.0,15
0.050106060672718694,0.0,0.0,0.0,0.0,15
0.0712183871343112,0.0,0.0,0.0,0.0,15
0.054507316546248775,0.0,0.0,0.0,0.0,15
0.10565693308125494,0.0,0.0,0.0,0.0,15
0.08670523299409183,0.0,0.0,0.0,0.0,15
0.09341547020634494,0.0,0.0,0.0,0.0,15
0.15332589238368916,0.0,0.0,0.0,0.0,15
0.13343718332829496,0.016965499085445868,0.0,0.0,0.0,15
0.16203586447473797,0.0,0.0976162269482215,0.0,0.0,15
0.20057761300899682,0.0,0.01086665037007789,0.0,0.0,15
0.23448439834655557,0.0,0.10895736752850124,0.0,0.0,15
0.08852580752615705,0.0,0.0,0.0,0.0,15
0.03723911447868792,0.0,0.0,0.0,0.0,15
0.048801240089953984,0.0,0.0,0.0,0.0,15
0.04287709138675729,0.0,0.0,0.0,0.0,15
0.04554385360514757,0.0,0.0,0.0,0.0,15
0.03188229638129054,0.0,0.0,0.0,0.0,15
0.04732154843005581,0.0,0.0,0.0,0.0,15
0.047441679222763884,0.0,0.0,0.0,0.0,15
0.05022908649746549,0.0,0.0,0.0,0.0,15
0.04790930220667116,0.0,0.0,0.0,0.0,15
0.03133881669776046,0.0,0.0,0.0,0.0,15
0.03744419904050695,0.0,0.0,0.0,0.0,15
0.013892303431627957,0.0,0.0,0.0,0.0,15
0.048386633611669755,0.0,0.0,0.0,0.0,15
0.04035537390194337,0.0,0.0,0.0,0.0,15
0.044826505988386146,0.0,0.0,0.0,0.0,15
0.04153284368545266,0.0,0.0,0.0,0.0,15
0.06035680940264026,0.0,0.0,0.0,0.0,15
0.09452675251678992,0.0,0.0,0.0,0.0,15
0.08865505453354984,0.0,0.05074380038125091,0.0,0.0,15
0.1520979756412077,0.0,0.15799737346835813,0.0,0.0,15
0.11840384534632666,0.0,0.028644582374557928,0.0,0.0,15
0.12649433659956308,0.0,0.0,0.0,0.0,15
0.13578258989802006,0.030780855252786204,0.0,0.0,0.0,15
0.06808121351804455,0.0,0.0,0.0,0.0,15
0.03794248721525232,0.0,0.0,0.0,0.0,15
0.056091357332641034,0.0,0.0,0.0,0.0,15
0.04569007719809136,0.0,0.0,0.0,0.0,15
0.03975879038829656,0.0,0.0,0.0,0.0,15
0.013443254853776586,0.0,0.0,0.0,0.0,15
0.0539441547947294,0.0,0.0,0.0,0.0,15
0.03761802853717623,0.0,0.0,0.0,0.0,15
0.06255839999106126,0.0,0.0,0.0,0.0,15
0.06889462583258561,0.0,0.0,0.0,0.0,15
0.08498185451655176,0.0,0.02788336479560659,0.0,0.0,15
0.15069804489129607,0.0,0.04382049456175849,0.0,0.0,15
0.06921666596611761,0.0,0.0,0.0,0.0,15
0.0871835495195517,0.0,0.0,0.0,0.0,15
0.06273658989090765,0.0,0.0,0.0,0.0,15
0.05874096924238031,0.0,0.0,0.0,0.0,15
0.058125441394173936,0.0,0.0,0.0,0.0,15
0.04808756097342318,0.0,0.0,0.0,0.0,15
0.036796852146347085,0.0,0.0,0.0,0.0,15
0.038475572078168055,0.0,0.0,0.0,0.0,15
0.07827533203190284,0.0,0.0,0.0,0.0,15
0.08337662022866482,0.0,0.0,0.0,0.0,15
0.07260867868776355,0.0,0.0,0.0,0.0,15
0.08415666104416766,0.0,0.0,0.0,0.0,15
0.05732265617413667,0.0,0.0,0.0,0.0,15
0.038529384560556025,0.0,0.0,0.0,0.0,15
0.027870427559963294,0.0,0.0,0.0,0.0,15
0.03596962800903635,0.0,0.0,0.0,0.0,15
0.03816339173105033,0.0,0.0,0.0,0.0,15
0.05105966614902434,0.0,0.0,0.0,0.0,15
0.041207927988932073,0.0,0.0,0.0,0.0,15
0.041982030895661986,0.0,0.0,0.0,0.0,15
0.03843693797064575,0.0,0.0,0.0,0.0,15
0.047025044872141694,0.0,0.0,0.0,0.0,15
0.04476380917376083,0.0,0.0,0.0,0.0,15
0.11449780342111006,0.0,0.18670188428798218,0.0,0.0,15
0.1258395074299569,0.0,0.32447695824372713,0.0,0.0,15
0.168062064046443,0.0,0.4758330982593748,0.0,0.0,15
0.22322232448446727,0.48267751016391575,0.0,0.0,0.0,15
0.2093248486262913,0.0,0.14581375456655454,0.0,0.0,15
0.21893888674009385,0.0,0.3075077107306248,0.0,0.0,15
0.19884000556897075,0.0,0.2651225457493521,0.0,0.0,15
0.2717034846024918,0.0,0.28285451670476897,0.0,0.0,15
0.12049072014521639,0.0,0.0,0.0,0.0,15
0.11975872903236985,0.0,0.0,0.0,0.0,15
0.13460849126619365,0.0,0.0,0.0,0.0,15
0.14190263437480533,0.0,0.0,0.0,0.0,15
0.10495712111337113,0.0,0.0,0.0,0.0,15
0.15437114070397653,0.0,0.02330504451420584,0.0,0.0,15
0.06547086299839963,0.0,0.0,0.0,0.0,15
0.14292987205922497,0.0,0.05654589375180666,0.0,0.0,15
0.0561148849630755,0.0,0.0,0.0,0.0,15
0.05108345732043204,0.0,0.0,0.0,0.0,15
0.03545728871039899,0.0,0.0,0.0,0.0,15
0.04486568549264797,0.0,0.0,0.0,0.0,15
0.05121735975595792,0.0,0.0,0.0,0.0,15
0.03551207569016528,0.0,0.0,0.0,0.0,15
0.05172886300910143,0.0,0.0,0.0,0.0,15
0.04786221773912299,0.0,0.0,0.0,0.0,15
0.10768919270149606,0.14604291113842854,0.0,0.0,0.0,15
0.09520877662429736,0.0,0.05530747395873892,0.0,0.0,15
0.16625007292162758,0.0,0.16115469491470863,0.0,0.0,15
0.22890166197108092,0.0,0.281654813861761,0.0,0.0,15
0.2147970628564439,0.0,0.0,0.0,0.0,15
0.13336925760969337,0.0,0.0,0.0,0.0,15
0.1178598254687107,0.0,0.0,0.0,0.0,15
0.1329811734154371,0.0,0.0,0.0,0.0,15
0.09048679881622276,0.0,0.0,0.0,0.0,15
0.11283613385258444,0.0,0.30861117889111134,0.0,0.0,15
0.14335969855901456,0.0,0.0,0.0,0.0,15
0.10182332807453733,0.0,0.0,0.0,0.0,15
0.13744674533850834,0.0,0.02950557186074082,0.0,0.0,15
0.10076093199478822,0.0,0.0,0.0,0.0,15
0.10108338382402704,0.0,0.0,0.0,0.0,15
0.04904001853059056,0.0,0.0,0.0,0.0,15
0.04365703259986356,0.0,0.0,0.0,0.0,15
0.03830019817709929,0.0,0.0,0.0,0.0,15
0.06667504818286206,0.0,0.0,0.0,0.0,15
0.043584720065191304,0.0,0.0,0.0,0.0,15
0.039425460466690765,0.0,0.0,0.0,0.0,15
0.069971150986536,0.0,0.0,0.0,0.0,15
0.051950568225549804,0.0,0.0,0.0,0.0,15
0.0621836067517232,0.0,0.0,0.0,0.0,15
0.042072759484064255,0.0,0.0,0.0,0.0,15
0.047652027341356415,0.0,0.0,0.0,0.0,15
0.0441919795169415,0.0,0.0,0.0,0.0,15
0.04263070776832314,0.0,0.0,0.0,0.0,15
0.05241754610614726,0.0,0.0,0.0,0.0,15
0.04765122455407464,0.0,0.0,0.0,0.0,15
0.05685169995562029,0.0,0.0,0.0,0.0,15
0.06751510341508825,0.0,0.0,0.0,0.0,15
0.12239500307610943,0.0,0.09737904368175504,0.0,0.0,15
0.07850257376516777,0.0,0.5151562245230812,0.0,0.0,15
0.13800574679729846,0.0,0.0,0.0,0.0,15
0.15000252003601502,0.0,0.0,0.0,0.0,15
0.13935161051858935,0.0,0.0,0.0,0.0,15
0.0587360737584671,0.0,0.0,0.0,0.0,15
0.06886150004851478,0.0,0.0,0.0,0.0,15
0.05414506450424634,0.0,0.0,0.0,0.0,15
0.038648873518926444,0.0,0.0,0.0,0.0,15
0.04889057323078178,0.0,0.0,0.0,0.0,15
0.04095484017207767,0.0,0.0,0.0,0.0,15
0.04030303242946742,0.0,0.0,0.0,0.0,15
0.04466316865293667,0.0,0.0,0.0,0.0,15
0.11483660050085448,0.0,0.011419769827886506,0.0,0.0,15
0.07612283415719741,0.0,0.0,0.0,0.0,15
0.12761491411663223,0.0,0.08160620728261964,0.0,0.0,15
0.05105583503709986,0.0,0.0,0.0,0.0,15
0.01814841555006746,0.0,0.0,0.0,0.0,15
0.055334242460026856,0.0,0.0,0.0,0.0,15
0.0675861115145288,0.0,0.059701695947640895,0.0,0.0,15
0.1108389880231954,0.0,0.035339156998234575,0.0,0.0,15
0.12629418864813566,0.0,0.0,0.0,0.0,15
0.11577274589857502,0.0,0.08153927982961219,0.0,0.0,15
0.11916109657101083,0.0,0.13089361588501236,0.0,0.0,15
0.14929984355561632,0.0,0.06125371538571969,0.0,0.0,15
0.15497968451272912,0.188747595023564,0.0,0.0,0.0,15
0.15087852732395376,0.0,0.04726719534607102,0.0,0.0,15
0.1671581208789451,0.0,0.0,0.0,0.0,15
0.12836524393024187,0.0,0.0,0.0,0.0,15
0.07800357442392666,0.0,0.0,0.0,0.0,15
0.06017537097539932,0.0,0.0,0.0,0.0,15
0.05781257720435559,0.0,0.0,0.0,0.0,15
0.04611819892235623,0.0,0.0,0.0,0.0,15
0.048460260408395975,0.0,0.0,0.0,0.0,15
0.049742586261035185,0.0,0.0,0.0,0.0,15
0.040317521101771586,0.0,0.0,0.0,0.0,15
0.045019622657242485,0.0,0.0,0.0,0.0,15
0.05571352660314398,0.0,0.0,0.0,0.0,15
0.04861428541954902,0.0,0.0,0.0,0.0,15
0.060791143586010454,0.0,0.0,0.0,0.0,15
0.08364617822383963,0.0,0.0,0.0,0.0,15
0.0977311306660437,0.0,0.0,0.0,0.0,15
0.0779365404773187,0.0,0.0,0.0,0.0,15
0.03702489769362785,0.0,0.0,0.0,0.0,15
0.047642182242631476,0.0,0.0,0.0,0.0,15
0.08437117965842272,0.0,0.0,0.0,0.0,15
0.09006678445844597,0.0,0.0,0.0,0.0,15
0.08970535656614956,0.0,0.0,0.0,0.0,15
0.07768710666888233,0.0,0.2320320795293075,0.0,0.0,15
0.14252720254627788,0.0,0.000711864069020296,0.0,0.0,15
0.1463781997235382,0.025757344319088493,0.0,0.0,0.0,15
0.14145509496585884,0.03882118728996878,0.0,0.0,0.0,15
0.09522098438405138,0.0,0.1439978400122429,0.0,0.0,15
0.04229529718984847,0.0,0.0,0.0,0.0,15
0.04919471486465078,0.0,0.0,0.0,0.0,15
0.04477398738932037,0.0,0.0,0.0,0.0,15
0.04362386720814462,0.0,0.0,0.0,0.0,15
0.04754146270957852,0.0,0.0,0.0,0.0,15
0.04091974075916636,0.0,0.0,0.0,0.0,15
0.049338470655135865,0.0,0.0,0.0,0.0,15
0.031590242217135196,0.0,0.0,0.0,0.0,15
0.05243224861165325,0.0,0.0,0.0,0.0,15
0.05989852764333498,0.0,0.0,0.0,0.0,15
0.1101372734454303,0.0,0.027902031370109895,0.0,0.0,15
0.1921390651471297,0.0,0.001487188792507227,0.0,0.0,15
0.18254030981493988,0.0,0.2143930218572612,0.0,0.0,15
0.1516209577098417,0.0,0.2724240516111889,0.0,0.0,15
0.20155281572713443,0.0,0.1341247771261159,0.0,0.0,15
0.12406127088392142,0.0,0.13084398411732467,0.0,0.0,15
0.08204748729791354,0.0,0.0,0.0,0.0,15
0.07513798668207268,0.0,0.0,0.0,0.0,15
0.056730276528066635,0.0,0.0,0.0,0.0,15
0.13163639417215678,0.0,0.7170641320956571,0.0,0.0,15
0.2253362239367976,0.513063737774088,0.0,0.0,0.0,15
0.28877199876754545,0.0,0.03340488287674298,0.0,0.0,15
0.33678986359201174,0.0,0.003988191278796072,0.0,0.0,15
0.12392737211912257,0.0,0.0,0.0,0.0,15
0.07529791427291958,0.0,0.0,0.0,0.0,15
0.07739256281137576,0.0,0.0,0.0,0.0,15
0.05575307093112425,0.0,0.0,0.0,0.0,15
0.05025838467934075,0.0,0.0,0.0,0.0,15
0.057909919461533496,0.0,0.0,0.0,0.0,15
0.032836835125308744,0.0,0.0,0.0,0.0,15
0.05047453004789123,0.0,0.0,0.0,0.0,15
0.06393800482748893,0.0,0.0,0.0,0.0,15
0.057028712593101695,0.0,0.0,0.0,0.0,15
0.055896374616446046,0.0,0.0,0.0,0.0,15
0.13090005795460355,0.004648428964855678,0.0,0.0,0.0,15
0.16106913001061637,0.0,0.011236299459228188,0.0,0.0,15
0.11959361748415233,0.0,0.31598125646629466,0.0,0.0,15
0.18025846492144898,0.16622984260556645,0.0,0.0,0.0,15
0.10448285206247998,0.0,0.3295669860607403,0.0,0.0,15
0.20918486283371718,0.0,0.08019879826871001,0.0,0.0,15
0.2206973224203263,0.0,0.11875053944696795,0.0,0.0,15
0.11491741384872296,0.0,0.0,0.0,0.0,15
0.08262426113084614,0.0,0.0,0.0,0.0,15
0.14663190762311604,0.0,0.036654161453332945,0.0,0.0,15
0.14623898159371426,0.0,0.07957124275884572,0.0,0.0,15
0.14720154451253173,0.0,0.5698246933624418,0.0,0.0,15
0.10755414994074668,0.0,0.10771908207654667,0.0,0.0,16
0.15437067789498304,0.0,0.14353681396198037,0.0,0.0,16
0.16657121221922735,0.08149721609949925,0.0,0.0,0.0,16
0.09645588535219389,0.0,0.0,0.0,0.0,16
0.0874518280256084,0.0,0.0,0.0,0.0,16
0.10353697047086162,0.0,0.0,0.0,0.0,16
0.13376622363954513,0.0,0.0,0.0,0.0,16
0.1119648595647512,0.0,0.0,0.0,0.0,16
0.07481652772866802,0.0,0.0,0.0,0.0,16
0.05041302793679268,0.0,0.2572578970595893,0.0,0.0,16
0.160639386116636,0.0,0.0009882543374300223,0.0,0.0,16
0.09199708253170628,0.0,0.0,0.0,0.0,16
0.040842682155279544,0.0,0.0,0.0,0.0,16
0.04747236747389052,0.0,0.0,0.0,0.0,16
0.053367505827154244,0.0,0.0,0.0,0.0,16
0.05357496259208648,0.0,0.0,0.0,0.0,16
0.04333467359804292,0.0,0.0,0.0,0.0,16
0.04806020789872808,0.0,0.0,0.0,0.0,16
0.04436202701037248,0.0,0.0,0.0,0.0,16
0.04025720576099021,0.0,0.0,0.0,0.0,16
0.05171194588655336,0.0,0.0,0.0,0.0,16
0.0369174455730033,0.0,0.0,0.0,0.0,16
0.05491895590816396,0.0,0.0,0.0,0.0,16
0.11327598609585682,0.0,0.17514338240340033,0.0,0.0,16
0.12779213011473467,0.0,0.05562395912535198,0.0,0.0,16
0.1295276690588649,0.0,0.07438742441294224,0.0,0.0,16
0.03946730309734734,0.0,0.0,0.0,0.0,16
0.04886160395501012,0.0,0.0,0.0,0.0,16
0.05633075172925074,0.0,0.0,0.0,0.0,16
0.04252768999413937,0.0,0.0,0.0,0.0,16
0.0356372390384279,0.0,0.0,0.0,0.0,16
0.042840224819486086,0.0,0.0,0.0,0.0,16
0.050599869316127505,0.0,0.0,0.0,0.0,16
0.0417733800832088,0.0,0.0,0.0,0.0,16
0.04923062811135454,0.0,0.0,0.0,0.0,16
0.11470257413325502,0.0,0.0,0.0,0.0,16
0.05634543465959307,0.0,0.0,0.0,0.0,16
0.053589744243977354,0.0,0.0,0.0,0.0,16
0.04311502889058925,0.0,0.0,0.0,0.0,16
0.046189223848503866,0.0,0.0,0.0,0.0,16
0.047625459744225045,0.0,0.0,0.0,0.0,16
0.05088526949347297,0.0,0.0,0.0,0.0,16
0.03942275478964085,0.0,0.0,0.0,0.0,16
0.04020925388781142,0.0,0.0,0.0,0.0,16
0.05612530287504465,0.0,0.0,0.0,0.0,16
0.05262213906818236,0.0,0.0,0.0,0.0,16
0.05495919264444035,0.0,0.0,0.0,0.0,16
0.045935426815479345,0.0,0.0,0.0,0.0,16
0.07147005299943716,0.0,0.0,0.0,0.0,16
0.036864675015201305,0.0,0.0,0.0,0.0,16
0.05731478209594329,0.0,0.0,0.0,0.0,16
0.16169652657839875,0.0,0.0,0.0,0.0,16
0.1462255306238839,0.0,0.12604400778040667,0.0,0.0,16
0.10918615164316221,0.0,0.0,0.0,0.0,16
0.07887628726687426,0.0,0.0,0.0,0.0,16
0.08366172911295075,0.0,0.0,0.0,0.0,16
0.09221044304991156,0.0,0.3136656170620182,0.0,0.0,16
0.10763839981368871,0.0,0.026712603188327452,0.0,0.0,16
0.1262949028246214,0.0,0.0,0.0,0.0,16
0.12584521327912482,0.0,0.0,0.0,0.0,16
0.07059986445256995,0.0,0.006856709049962023,0.0,0.0,16
0.07549215429378138,0.0,0.0,0.0,0.0,16
0.06148855309675957,0.0,0.0,0.0,0.0,16
0.03499942967935496,0.0,0.0,0.0,0.0,16
0.049288034714408964,0.0,0.0,0.0,0.0,16
0.04309032623245848,0.0,0.0,0.0,0.0,16
0.056070072687740315,0.0,0.0,0.0,0.0,16
0.039390275142986465,0.0,0.0,0.0,0.0,16
0.08191868429413772,0.0,0.0,0.0,0.0,16
0.05611075081264723,0.0,0.0,0.0,0.0,16
0.06651145686380869,0.0,0.0,0.0,0.0,16
0.058613644015092795,0.0,0.0,0.0,0.0,16
0.047955764052964096,0.0,0.0,0.0,0.0,16
0.04816923344872767,0.0,0.0,0.0,0.0,16
0.047375839692495474,0.0,0.0,0.0,0.0,16
0.045163029915524004,0.0,0.0,0.0,0.0,16
0.04653358167843133,0.0,0.0,0.0,0.0,16
0.039140906358739805,0.0,0.0,0.0,0.0,16
0.05525107461097632,0.0,0.0,0.0,0.0,16
0.06666810770336397,0.0,0.0,0.0,0.0,16
0.14459024622257677,0.0,0.028937954004762345,0.0,0.0,16
0.12870373940762708,0.0,0.0,0.0,0.0,16
0.11273359978902951,0.0,0.03252711219832645,0.0,0.0,16
0.11809843834616707,0.0,0.0,0.0,0.0,16
0.06617612866567112,0.0,0.0,0.0,0.0,16
0.04389048163151612,0.0,0.0,0.0,0.0,16
0.05353485421904778,0.0,0.0,0.0,0.0,16
0.041704066957746,0.0,0.0,0.0,0.0,16
0.0623121316507347,0.0,0.0,0.0,0.0,16
0.04838204249520353,0.0,0.0,0.0,0.0,16
0.04440532959123053,0.0,0.0,0.0,0.0,16
0.04153938413234117,0.0,0.0,0.0,0.0,16
0.0734534950623811,0.0,0.0,0.0,0.0,16
0.127190499952057,0.0,0.0,0.0,0.0,16
0.08268987553959,0.0,0.0,0.0,0.0,16
0.18567846704938326,0.06323324646745923,0.0,0.0,0.0,16
0.06111471318044437,0.0,0.0,0.0,0.0,16
0.06511320622509383,0.0,0.0,0.0,0.0,16
0.04642168110266886,0.0,0.0,0.0,0.0,16
0.05081373723240511,0.0,0.0,0.0,0.0,16
0.08651743446160642,0.0,0.0,0.0,0.0,16
0.08705516590092417,0.0,0.0,0.0,0.0,16
0.07123457552322926,0.0,0.0,0.0,0.0,16
0.07831680504613399,0.0,0.0,0.0,0.0,16
0.10018072084768455,0.0,0.0,0.0,0.0,16
0.09955965785157449,0.0,0.0,0.0,0.0,16
0.1137163043868268,0.0,0.0,0.0,0.0,16
0.09964570242743918,0.0,0.0,0.0,0.0,16
0.06333770846135503,0.0,0.0,0.0,0.0,16
0.04073880117596138,0.0,0.0,0.0,0.0,16
0.04928302871118302,0.0,0.0,0.0,0.0,16
0.05436136490950878,0.0,0.0,0.0,0.0,16
0.04604338942674018,0.0,0.0,0.0,0.0,16
0.05147004807321337,0.0,0.0,0.0,0.0,16
0.04332480651897955,0.0,0.0,0.0,0.0,16
0.03975257335631345,0.0,0.0,0.0,0.0,16
0.05903824284647373,0.0,0.0,0.0,0.0,16
0.03849272525705006,0.0,0.0,0.0,0.0,16
0.0499101079937288,0.0,0.0,0.0,0.0,16
0.045808806693835566,0.0,0.0,0.0,0.0,16
0.03666973175918779,0.0,0.0,0.0,0.0,16
0.06087598777183006,0.0,0.0,0.0,0.0,16
0.039532194238715616,0.0,0.0,0.0,0.0,16
0.05449442904413383,0.0,0.0,0.0,0.0,16
0.05031609135986858,0.0,0.0,0.0,0.0,16
0.042168813816254154,0.0,0.0,0.0,0.0,16
0.06461379306579111,0.0,0.0,0.0,0.0,16
0.10993343517195105,0.0,0.06104116614249318,0.0,0.0,16
0.09546274492424472,0.24587589064827342,0.0,0.0,0.0,16
0.1280782585925429,0.0,0.0,0.0,0.0,16
0.17534897353272136,0.0,0.01799732885038946,0.0,0.0,16
0.09062296088699108,0.0,0.028566516178676254,0.0,0.0,16
0.07816419206813897,0.0,0.0,0.0,0.0,16
0.05696878874746634,0.0,0.0,0.0,0.0,16
0.04235115073725081,0.0,0.0,0.0,0.0,16
0.04546900117574877,0.0,0.0,0.0,0.0,16
0.05336349168655141,0.0,0.0,0.0,0.0,16
0.046953793829434626,0.0,0.0,0.0,0.0,16
0.054957713804950646,0.0,0.0,0.0,0.0,16
0.033043971558805556,0.0,0.0,0.0,0.0,16
0.04689988545286402,0.0,0.0,0.0,0.0,16
0.09255740143115163,0.08261086728438183,0.0,0.0,0.0,16
0.14427597774577783,0.0,0.13553878326362478,0.0,0.0,16
0.20779462725526998,0.0,0.2801140038501917,0.0,0.0,16
0.12627364183157413,0.0,0.0,0.0,0.0,16
0.07346389280479568,0.0,0.0,0.0,0.0,16
0.08036510371368369,0.0,0.4900624501818055,0.0,0.0,16
0.12348319685951992,0.36716807535425644,0.0,0.0,0.0,16
0.26349972078566586,0.08338816938220378,0.0,0.0,0.0,16
0.2959306076994573,0.0,0.21425185481354642,0.0,0.0,16
0.26281810625366636,0.0,0.04648917897093241,0.0,0.0,16
0.2071877151867703,0.0,0.4138362600067449,0.0,0.0,16
0.3039518354102817,0.0,0.012985103300935164,0.0,0.0,16
0.26228571917988114,0.0,0.2443613532046534,0.0,0.0,16
0.2987319739625824,0.0,0.03208157540620754,0.0,0.0,16
0.14175768095948474,0.03861058642723672,0.0,0.0,0.0,16
0.056769379937122,0.0,0.0,0.0,0.0,16
0.04029791291628139,0.0,0.0,0.0,0.0,16
0.05565098738817354,0.0,0.0,0.0,0.0,16
0.04648281388879875,0.0,0.0,0.0,0.0,16
0.06274522912265522,0.0,0.0,0.0,0.0,16
0.048702052265739024,0.0,0.0,0.0,0.0,16
0.0599095381485753,0.0,0.0,0.0,0.0,16
0.05575854028618243,0.0,0.0,0.0,0.0,16
0.0537556598500985,0.0,0.0,0.0,0.0,16
0.04572141230724501,0.0,0.0,0.0,0.0,16
0.1160368245526265,0.0,0.004748902625380552,0.0,0.0,16
0.08533099785979195,0.11910531377851821,0.0,0.0,0.0,16
0.14400742953256507,0.0,0.0,0.0,0.0,16
0.13675554295116485,0.05451518758920454,0.0,0.0,0.0,16
0.11542797662907485,0.0,0.0,0.0,0.0,16
0.08418251682863692,0.07180723103040304,0.0,0.0,0.0,16
0.14423599988133104,0.0,0.0,0.0,0.0,16
0.14137834018693868,0.0,0.0,0.0,0.0,16
0.15471078356348256,0.0,0.02640487408523831,0.0,0.0,16
0.1462791793394301,0.0014241436151151698,0.0,0.0,0.0,16
0.1691002511131041,0.0,0.24831110470936815,0.0,0.0,16
0.211816849753292,0.0,0.026350691303312662,0.0,0.0,16
0.10585848673639167,0.0,0.0,0.0,0.0,16
0.10864896327379414,0.0,0.0,0.0,0.0,16
0.08490645729703285,0.0,0.0,0.0,0.0,16
0.052282423558502863,0.0,0.0,0.0,0.0,16
0.034165126376655246,0.0,0.0,0.0,0.0,16
0.04499236860291103,0.0,0.0,0.0,0.0,16
0.04327894967281192,0.0,0.0,0.0,0.0,16
0.03806079023321675,0.0,0.0,0.0,0.0,16
0.01731603216148249,0.0,0.0,0.0,0.0,16
0.02863249819811269,0.0,0.0,0.0,0.0,16
0.04702317836310787,0.0,0.0,0.0,0.0,16
0.040741956326235534,0.0,0.0,0.0,0.0,16
0.09979277247060689,0.0,0.0,0.0,0.0,16
0.12355471242776218,0.0,0.05299847171263093,0.0,0.0,16
0.11320264003238836,0.0,0.0,0.0,0.0,16
0.13902168523517083,0.011495972732123633,0.0,0.0,0.0,16
0.12344947112369434,0.0,0.01426858314362911,0.0,0.0,16
0.14345682264208182,0.0,0.0,0.0,0.0,16
0.12079579005049139,0.0,0.07606903627393578,0.0,0.0,16
0.08848680287621921,0.0,0.0,0.0,0.0,16
0.1040415626519462,0.0,0.019843580877186462,0.0,0.0,16
0.17084789358255303,0.0,0.06108691624224796,0.0,0.0,16
0.18765192515004422,0.1078864253504366,0.0,0.0,0.0,16
0.128403274418514,0.0,0.0,0.0,0.0,16
0.12681220979249325,0.0011397733644918917,0.0,0.0,0.0,16
0.14863641154660565,0.0,0.2197887231872023,0.0,0.0,16
0.16165112937946147,0.0,0.06699679188340749,0.0,0.0,16
0.09759812209919147,0.0,0.0,0.0,0.0,16
0.08931744596633048,0.0,0.0,0.0,0.0,16
0.06626307924869539,0.0,0.0,0.0,0.0,16
0.04272159096309547,0.0,0.0,0.0,0.0,16
0.04683641028384672,0.0,0.0,0.0,0.0,16
0.04057537891196132,0.0,0.0,0.0,0.0,16
0.047474700143470196,0.0,0.0,0.0,0.0,16
0.040458667095809406,0.0,0.0,0.0,0.0,16
0.03969851483160586,0.0,0.0,0.0,0.0,16
0.05898862390037867,0.0,0.0,0.0,0.0,16
0.09768357356097311,0.0,0.0,0.0,0.0,16
0.053216524201762136,0.0,0.0,0.0,0.0,16
0.10240496109039274,0.0,0.1183127629789908,0.0,0.0,16
0.11610244147144441,0.0,0.02061976163010723,0.0,0.0,16
0.13877681849796883,0.0,0.1748358659812104,0.0,0.0,16
0.2010766779939749,0.0,0.19166100826033886,0.0,0.0,16
0.10270282998676004,0.0,0.0,0.0,0.0,16
0.13699549701986616,0.0,0.018453965309994602,0.0,0.0,16
0.09691229703235675,0.0,0.0,0.0,0.0,16
0.14333777582972157,0.0,0.25921806564554345,0.0,0.0,16
0.15695666314588771,0.0,0.029224829748456,0.0,0.0,16
0.15193805441803304,0.0,0.0,0.0,0.0,16
0.11811955420518915,0.0,0.0,0.0,0.0,16
0.07588058915777808,0.0,0.0,0.0,0.0,16
0.028704533955589792,0.0,0.0,0.0,0.0,16
0.050176324685754184,0.0,0.0,0.0,0.0,16
0.032147002382958936,0.0,0.0,0.0,0.0,16
0.043371334424105186,0.0,0.0,0.0,0.0,16
0.041257430613058206,0.0,0.0,0.0,0.0,16
0.03535412450350022,0.0,0.0,0.0,0.0,16
0.0411943442782361,0.0,0.0,0.0,0.0,16
0.0548834005727508,0.0,0.0,0.0,0.0,16
0.048348002271201986,0.0,0.0,0.0,0.0,16
0.06369382724659851,0.0,0.0,0.0,0.0,16
0.04149319304994204,0.0,0.0,0.0,0.0,16
0.03982740472140797,0.0,0.0,0.0,0.0,16
0.04322709455566514,0.0,0.0,0.0,0.0,16
0.03957120303903921,0.0,0.0,0.0,0.0,16
0.04376207844840321,0.0,0.0,0.0,0.0,16
0.02227787276831343,0.0,0.0,0.0,0.0,16
0.04113777131838991,0.0,0.0,0.0,0.0,16
0.03604690057346101,0.0,0.0,0.0,0.0,16
0.07253236231383059,0.0,0.0,0.0,0.0,16
0.0681130987948446,0.0,0.12096753908816078,0.0,0.0,16
0.1255148589153883,0.0,0.0,0.0,0.0,16
0.09663771197473715,0.0,0.09685430500240223,0.0,0.0,16
0.1646857099394025,0.007577932845075047,0.0,0.0,0.0,16
0.06643851186397727,0.0,0.0,0.0,0.0,16
0.03239861090608439,0.0,0.0,0.0,0.0,16
0.04538955600412138,0.0,0.0,0.0,0.0,16
0.03660376806220068,0.0,0.0,0.0,0.0,16
0.04200934921072577,0.0,0.0,0.0,0.0,16
0.04862011632481381,0.0,0.0,0.0,0.0,16
0.04179770583128032,0.0,0.0,0.0,0.0,16
0.04340290867799599,0.0,0.0,0.0,0.0,16
0.07092895916364145,0.0,0.0,0.0,0.0,16
0.0707007382481025,0.0,0.0,0.0,0.0,16
0.04393039609054407,0.0,0.0,0.0,0.0,16
0.04655706083348713,0.0,0.0,0.0,0.0,16
0.07748170908593245,0.0,0.0,0.0,0.0,16
0.049583542103018886,0.0,0.0,0.0,0.0,16
0.07652077915834225,0.0,0.0,0.0,0.0,16
0.04682558464398,0.0,0.0,0.0,0.0,16
0.0961720986955559,0.0,0.0,0.0,0.0,16
0.08977469211713426,0.0,0.0,0.0,0.0,16
0.08302042534762485,0.0,0.0,0.0,0.0,16
0.09939948947101762,0.0,0.0,0.0,0.0,16
0.11073612779818635,0.06243147249725388,0.0,0.0,0.0,16
0.1671948671844259,0.0,0.10553880945249161,0.0,0.0,16
0.10581586755069539,0.0,0.074300801484523,0.0,0.0,16
0.1404857081576678,0.0,0.2109147122711606,0.0,0.0,16
0.09953042432378043,0.0,0.0,0.0,0.0,16
0.037441874233734324,0.0,0.0,0.0,0.0,16
0.050862474908159316,0.0,0.0,0.0,0.0,16
0.04428024524103957,0.0,0.0,0.0,0.0,16
0.034443411816448104,0.0,0.0,0.0,0.0,16
0.03934894788672763,0.0,0.0,0.0,0.0,16
0.04169581246417713,0.0,0.0,0.0,0.0,16
0.05803668345870452,0.0,0.0,0.0,0.0,16
0.04853809154316941,0.0,0.0,0.0,0.0,16
0.04959889362481818,0.0,0.0,0.0,0.0,16
0.03625360256532862,0.0,0.0,0.0,0.0,16
0.05182497484256172,0.0,0.0,0.0,0.0,16
0.013857973318754416,0.0,0.0,0.0,0.0,16
0.04867193467036291,0.0,0.0,0.0,0.0,16
0.03927088473649857,0.0,0.0,0.0,0.0,16
0.050948329422896295,0.0,0.0,0.0,0.0,16
0.041580087268349775,0.0,0.0,0.0,0.0,16
0.060208037740365504,0.0,0.0,0.0,0.0,16
0.08682824377234984,0.0,0.0013854436328140096,0.0,0.0,16
0.08429509406986717,0.0,0.017448441858339797,0.0,0.0,16
0.1077719714194724,0.0,0.14896822357648462,0.0,0.0,16
0.15963527350282328,0.0,0.0,0.0,0.0,16
0.1216599495968946,0.0,0.0,0.0,0.0,16
0.14250829390357833,0.0,0.0,0.0,0.0,16
0.053965329556050136,0.0,0.0,0.0,0.0,16
0.03812692669991815,0.0,0.0,0.0,0.0,16
0.05047545648524213,0.0,0.0,0.0,0.0,16
0.041817540341077784,0.0,0.0,0.0,0.0,16
0.03624737576097182,0.0,0.0,0.0,0.0,16
0.014937892268522454,0.0,0.0,0.0,0.0,16
0.05080043732127865,0.0,0.0,0.0,0.0,16
0.043707712066247,0.0,0.0,0.0,0.0,16
0.051868844628437785,0.0,0.0,0.0,0.0,16
0.06806154689754343,0.005632325995896137,0.0,0.0,0.0,16
0.08484342916584094,0.01768805898548599,0.0,0.0,0.0,16
0.09653571744969126,0.0,0.07497251350868255,0.0,0.0,16
0.08071815740910496,0.0,0.0,0.0,0.0,16
0.09916222732940311,0.0,0.0,0.0,0.0,16
0.06962817113274622,0.0,0.0,0.0,0.0,16
0.07107962818099105,0.0,0.0,0.0,0.0,16
0.05853002561479439,0.0,0.0,0.0,0.0,16
0.06566408027899806,0.0,0.0,0.0,0.0,16
0.027828400163345427,0.0,0.0,0.0,0.0,16
0.040130086277589135,0.0,0.0,0.0,0.0,16
0.07890507496981124,0.0,0.0,0.0,0.0,16
0.08591002945912403,0.0,0.0,0.0,0.0,16
0.07091867028935647,0.0,0.0,0.0,0.0,16
0.08636098710347843,0.0,0.0,0.0,0.0,16
0.0658915530165804,0.0,0.0,0.0,0.0,16
0.048123911349020006,0.0,0.0,0.0,0.0,16
0.026091069819610575,0.0,0.0,0.0,0.0,16
0.03265700718575302,0.0,0.0,0.0,0.0,16
0.03478900539252574,0.0,0.0,0.0,0.0,16
0.04633189661204237,0.0,0.0,0.0,0.0,16
0.0364318455679704,0.0,0.0,0.0,0.0,16
0.04988691674705005,0.0,0.0,0.0,0.0,16
0.04717800167089484,0.0,0.0,0.0,0.0,16
0.06581595208167629,0.0,0.0,0.0,0.0,16
0.04818374209578067,0.0,0.0,0.0,0.0,16
0.11297729729366611,0.0,0.1762738691147523,0.0,0.0,16
0.13133320683769134,0.0,0.4106340494325176,0.0,0.0,16
0.2567676245690907,0.0,0.43268052900613246,0.0,0.0,16
0.2189074476202602,0.5071793489512026,0.0,0.0,0.0,16
0.23410015031760015,0.0,0.13505714245381747,0.0,0.0,16
0.2910035527141943,0.0,0.28192458015109045,0.0,0.0,16
0.3011545150233263,0.0,0.12610270996564266,0.0,0.0,16
0.326030812989106,0.0,0.17864896859928042,0.0,0.0,16
0.12293425477229851,0.0,0.0,0.0,0.0,16
0.11263315704111819,0.0,0.0,0.0,0.0,16
0.16957212050565074,0.0,0.0017102797007597648,0.0,0.0,16
0.10109207958242425,0.0,0.03502895285783458,0.0,0.0,16
0.09536477460210574,0.0,0.0,0.0,0.0,16
0.14506311580316403,0.0,0.0,0.0,0.0,16
0.08330764667202122,0.0,0.0,0.0,0.0,16
0.09231360452391653,0.0,0.10087004868577208,0.0,0.0,16
0.05333035608909029,0.0,0.0,0.0,0.0,16
0.046124835808285955,0.0,0.0,0.0,0.0,16
0.03655670077904205,0.0,0.0,0.0,0.0,16
0.039052364282942204,0.0,0.0,0.0,0.0,16
0.050665912714132684,0.0,0.0,0.0,0.0,16
0.03646294241735581,0.0,0.0,0.0,0.0,16
0.05500740373098213,0.0,0.0,0.0,0.0,16
0.06498585548107237,0.0,0.0,0.0,0.0,16
0.13135311392558008,0.15620629705825873,0.0,0.0,0.0,16
0.12734764269560792,0.0,0.030958173199812256,0.0,0.0,16
0.14505831670636374,0.0,0.15421988415138513,0.0,0.0,16
0.21250381581103447,0.0,0.4046689298179349,0.0,0.0,16
0.16634144885418664,0.0,0.01715900178044294,0.0,0.0,16
0.14167813944213625,0.0,0.0,0.0,0.0,16
0.12238207870841619,0.0,0.0,0.0,0.0,16
0.12091752536899315,0.0,0.0,0.0,0.0,16
0.08446528134203327,0.0,0.0,0.0,0.0,16
0.10153453365625376,0.0,0.3636796241944565,0.0,0.0,16
0.1481945502973356,0.0,0.0,0.0,0.0,16
0.1121055205913937,0.0,0.0,0.0,0.0,16
0.13020779822217446,0.0,0.0012662695558300907,0.0,0.0,16
0.10307305597298545,0.0,0.0,0.0,0.0,16
0.08389438083626449,0.0,0.0,0.0,0.0,16
0.06454921240227536,0.0,0.0,0.0,0.0,16
0.05616846114483993,0.0,0.0,0.0,0.0,16
0.03815945138776161,0.0,0.0,0.0,0.0,16
0.04310569335123185,0.0,0.0,0.0,0.0,16
0.031042706334719172,0.0,0.0,0.0,0.0,16
0.033522615407319295,0.0,0.0,0.0,0.0,16
0.05729368458393982,0.0,0.0,0.0,0.0,16
0.056501051155926914,0.0,0.0,0.0,0.0,16
0.04814249945822231,0.0,0.0,0.0,0.0,16
0.04029959041275726,0.0,0.0,0.0,0.0,16
0.0416141507924507,0.0,0.0,0.0,0.0,16
0.04084151160607427,0.0,0.0,0.0,0.0,16
0.041911806809763225,0.0,0.0,0.0,0.0,16
0.05696379326162743,0.0,0.0,0.0,0.0,16
0.052906379047251095,0.0,0.0,0.0,0.0,16
0.04983397036238242,0.0,0.0,0.0,0.0,16
0.08102826802375025,0.0,0.0,0.0,0.0,16
0.10697039377582634,0.0,0.07055299422047834,0.0,0.0,16
0.12620086315500284,0.0,0.35539540116330637,0.0,0.0,16
0.16915337228054173,0.0,0.0,0.0,0.0,16
0.17459369507710082,0.0,0.0,0.0,0.0,16
0.12903484018884456,0.0,0.0,0.0,0.0,16
0.08376006143495107,0.0,0.0,0.0,0.0,16
0.0516346658192819,0.0,0.0,0.0,0.0,16
0.04820698222945804,0.0,0.0,0.0,0.0,16
0.03787965103017328,0.0,0.0,0.0,0.0,16
0.05111907178353504,0.0,0.0,0.0,0.0,16
0.04329239996989433,0.0,0.0,0.0,0.0,16
0.03853765240603685,0.0,0.0,0.0,0.0,16
0.04577699693985305,0.0,0.0,0.0,0.0,16
0.1192657385564651,0.0,0.017591235899953234,0.0,0.0,16
0.07213788536313248,0.0,0.0,0.0,0.0,16
0.1171227581180317,0.0,0.124229303350204,0.0,0.0,16
0.04818450692692938,0.0,0.0,0.0,0.0,16
0.017000445191747905,0.0,0.0,0.0,0.0,16
0.06492492354122842,0.0,0.0,0.0,0.0,16
0.11605559014535885,0.0,0.0,0.0,0.0,16
0.10190991083866945,0.0,0.054594518145989715,0.0,0.0,16
0.13720480169490903,0.0,0.009810158717081074,0.0,0.0,16
0.16676500121917373,0.0,0.04367786193431597,0.0,0.0,16
0.15883718529674584,0.0,0.0,0.0,0.0,16
0.1915650728127151,0.0,0.022297755946547204,0.0,0.0,16
0.15877578702034953,0.1435047702349511,0.0,0.0,0.0,16
0.16688770444360349,0.0,0.0,0.0,0.0,16
0.14316580500732223,0.0,0.047106008461586246,0.0,0.0,16
0.11114122387439075,0.0,0.007167247004637806,0.0,0.0,16
0.07220709540295575,0.0,0.0,0.0,0.0,16
0.06650414275743935,0.0,0.0,0.0,0.0,16
0.0587320790550712,0.0,0.0,0.0,0.0,16
0.039186290322162975,0.0,0.0,0.0,0.0,16
0.04171129426286628,0.0,0.0,0.0,0.0,16
0.046615235648564735,0.0,0.0,0.0,0.0,16
0.027967350280408917,0.0,0.0,0.0,0.0,16
0.04746982607053664,0.0,0.0,0.0,0.0,16
0.049862735875623544,0.0,0.0,0.0,0.0,16
0.0489971883529011,0.0,0.0,0.0,0.0,16
0.06342545425159472,0.0,0.0,0.0,0.0,16
0.10376185183729433,0.0,0.0,0.0,0.0,16
0.0942506341111323,0.0,0.0,0.0,0.0,16
0.10188174193658864,0.0,0.0,0.0,0.0,16
0.03447210537583927,0.0,0.0,0.0,0.0,16
0.05098875213507087,0.0,0.0,0.0,0.0,16
0.07041505118208843,0.0,0.0,0.0,0.0,16
0.08330673924931002,0.0,0.0,0.0,0.0,16
0.08736366523963826,0.0,0.0,0.0,0.0,16
0.1348783328109251,0.0,0.20758249745849383,0.0,0.0,16
0.15718406488483178,0.0,0.0,0.0,0.0,16
0.14773775949830378,0.05541175064467918,0.0,0.0,0.0,16
0.14972733045592784,0.008030319488086884,0.0,0.0,0.0,16
0.23100724563354122,0.0,0.01733429940293127,0.0,0.0,16
0.05242875505117986,0.0,0.0,0.0,0.0,16
0.046207200480631545,0.0,0.0,0.0,0.0,16
0.04307850641952224,0.0,0.0,0.0,0.0,16
0.040303031261462945,0.0,0.0,0.0,0.0,16
0.04740750794270885,0.0,0.0,0.0,0.0,16
0.03404039685470463,0.0,0.0,0.0,0.0,16
0.0490193050126879,0.0,0.0,0.0,0.0,16
0.036789193972400644,0.0,0.0,0.0,0.0,16
0.06169782765519402,0.0,0.0,0.0,0.0,16
0.05041923809119755,0.0,0.0,0.0,0.0,16
0.0906050756345211,0.0,0.0,0.0,0.0,16
0.1562552261163252,0.0,0.05090175101444397,0.0,0.0,16
0.1545033869689217,0.0,0.20020515682798065,0.0,0.0,16
0.1783916514434901,0.0,0.20000183688682274,0.0,0.0,16
0.2543987100914337,0.0,0.0681901062489606,0.0,0.0,16
0.1399378697958623,0.0,0.16324544751666148,0.0,0.0,16
0.07189153137652171,0.0,0.0,0.0,0.0,16
0.07560656497665758,0.0,0.0,0.0,0.0,16
0.057192358959572025,0.0,0.0,0.0,0.0,16
0.12187645773688037,0.0,0.7692519274497714,0.0,0.0,16
0.17048109541923942,0.5421622994494636,0.0,0.0,0.0,16
0.17245090126628373,0.0,0.1792738532413036,0.0,0.0,16
0.26002363696560954,0.0,0.06602491678099809,0.0,0.0,16
0.12660717931740897,0.0,0.0,0.0,0.0,16
0.08725807094878094,0.0,0.0,0.0,0.0,16
0.06623691681051948,0.0,0.0,0.0,0.0,16
0.06713255410018068,0.0,0.0,0.0,0.0,16
0.05474565301444905,0.0,0.0,0.0,0.0,16
0.050676686429847816,0.0,0.0,0.0,0.0,16
0.03771502018062412,0.0,0.0,0.0,0.0,16
0.05560991464223439,0.0,0.0,0.0,0.0,16
0.040771488267077924,0.0,0.0,0.0,0.0,16
0.049908930715009285,0.0,0.0,0.0,0.0,16
0.06446439054876857,0.0,0.0,0.0,0.0,16
0.10760131045692892,0.039643333213105536,0.0,0.0,0.0,16
0.11077050826166521,0.0,0.044772807866081815,0.0,0.0,16
0.2176010653819904,0.0,0.07628395345531194,0.0,0.0,16
0.1439451322709716,0.30660780132714827,0.0,0.0,0.0,16
0.17971942799274418,0.0,0.29682744565950814,0.0,0.0,16
0.1518290344302785,0.0,0.1591826332769496,0.0,0.0,16
0.22671882666408763,0.0,0.21376528876740278,0.0,0.0,16
0.11640258573446027,0.0,0.0,0.0,0.0,16
0.062488053757253796,0.0,0.0,0.0,0.0,16
0.10215857672081503,0.0,0.07325017333796256,0.0,0.0,16
0.1502153854349246,0.0,0.11030499809540309,0.0,0.0,16
0.10157750042804631,0.0,0.6221606994604645,0.0,0.0,16
0.13726552601779113,0.0,0.07980622735717036,0.0,0.0,17
0.15022436403689016,0.0,0.09827634367170196,0.0,0.0,17
0.19903746871734831,0.0,0.0,0.0,0.0,17
0.11231102464945167,0.0,0.0,0.0,0.0,17
0.08442265610844768,0.0,0.0,0.0,0.0,17
0.10646042027890247,0.0,0.0,0.0,0.0,17
0.12924796348644177,0.0,0.0,0.0,0.0,17
0.10406790756560774,0.0,0.0,0.0,0.0,17
0.084270592199512,0.0,0.0,0.0,0.0,17
0.10279893855639533,0.0,0.3509126659956022,0.0,0.0,17
0.14953481024663762,0.0,0.0,0.0,0.0,17
0.09631073411197838,0.0,0.0,0.0,0.0,17
0.05724234916704014,0.0,0.0,0.0,0.0,17
0.0514754638172172,0.0,0.0,0.0,0.0,17
0.036867745657307736,0.0,0.0,0.0,0.0,17
0.048954527250877546,0.0,0.0,0.0,0.0,17
0.036201057933876846,0.0,0.0,0.0,0.0,17
0.04533691944358223,0.0,0.0,0.0,0.0,17
0.04189213997364852,0.0,0.0,0.0,0.0,17
0.03897620818312746,0.0,0.0,0.0,0.0,17
0.047404272020737444,0.0,0.0,0.0,0.0,17
0.03557923293662206,0.0,0.0,0.0,0.0,17
0.05541458539953788,0.0,0.0,0.0,0.0,17
0.10850858666485123,0.0,0.15668422500294,0.0,0.0,17
0.18208902154635734,0.0,0.01351586364966667,0.0,0.0,17
0.12435086372959789,0.0,0.05543421255355044,0.0,0.0,17
0.03728043356240075,0.0,0.0,0.0,0.0,17
0.050527008808212655,0.0,0.0,0.0,0.0,17
0.04991537141228483,0.0,0.0,0.0,0.0,17
0.05435544542408937,0.0,0.0,0.0,0.0,17
0.03531408893507837,0.0,0.0,0.0,0.0,17
0.047071841661274844,0.0,0.0,0.0,0.0,17
0.06079992304896796,0.0,0.0,0.0,0.0,17
0.03720333232043509,0.0,0.0,0.0,0.0,17
0.054585801378634724,0.0,0.0,0.0,0.0,17
0.07531563937718212,0.0,0.0,0.0,0.0,17
0.05604096974935346,0.0,0.0,0.0,0.0,17
0.051173970434878015,0.0,0.0,0.0,0.0,17
0.04540281920898088,0.0,0.0,0.0,0.0,17
0.04896166830606393,0.0,0.0,0.0,0.0,17
0.05341176406970706,0.0,0.0,0.0,0.0,17
0.049674012242534836,0.0,0.0,0.0,0.0,17
0.038795937084227225,0.0,0.0,0.0,0.0,17
0.05123895982783038,0.0,0.0,0.0,0.0,17
0.06330280572291697,0.0,0.0,0.0,0.0,17
0.04655124230263917,0.0,0.0,0.0,0.0,17
0.047080625855016565,0.0,0.0,0.0,0.0,17
0.05199407817551596,0.0,0.0,0.0,0.0,17
0.05806077147120625,0.0,0.0,0.0,0.0,17
0.04745136305739671,0.0,0.0,0.0,0.0,17
0.060332480495878374,0.0,0.0,0.0,0.0,17
0.14634399042530072,0.0,0.03518115789308057,0.0,0.0,17
0.10962933507784339,0.0,0.1400003268132584,0.0,0.0,17
0.09302725895731835,0.0,0.0029705649371290638,0.0,0.0,17
0.07545302934280651,0.0,0.0,0.0,0.0,17
0.08672953439445236,0.0,0.0,0.0,0.0,17
0.12766766546422526,0.0,0.270996605687478,0.0,0.0,17
0.15961321853074986,0.0,0.012120861395117227,0.0,0.0,17
0.09310969567031795,0.0,0.05677707481203424,0.0,0.0,17
0.09728886374486312,0.0,0.0,0.0,0.0,17
0.07507985619545984,0.0,0.0,0.0,0.0,17
0.06755340327804848,0.0,0.0,0.0,0.0,17
0.055359457901411044,0.0,0.0,0.0,0.0,17
0.027550045592311705,0.0,0.0,0.0,0.0,17
0.04688341950903203,0.0,0.0,0.0,0.0,17
0.052328655832680294,0.0,0.0,0.0,0.0,17
0.04830935152291951,0.0,0.0,0.0,0.0,17
0.03300536027979419,0.0,0.0,0.0,0.0,17
0.08932919914887212,0.0,0.0,0.0,0.0,17
0.06732044972054395,0.0,0.0,0.0,0.0,17
0.05169822887250949,0.0,0.0,0.0,0.0,17
0.04757545767866511,0.0,0.0,0.0,0.0,17
0.036868822561089365,0.0,0.0,0.0,0.0,17
0.04514397018373005,0.0,0.0,0.0,0.0,17
0.042161764379095905,0.0,0.0,0.0,0.0,17
0.055170857910344734,0.0,0.0,0.0,0.0,17
0.047525613641005944,0.0,0.0,0.0,0.0,17
0.04280058918209165,0.0,0.0,0.0,0.0,17
0.043650656249224,0.0,0.0,0.0,0.0,17
0.06788199575079598,0.0,0.0,0.0,0.0,17
0.10972974758128487,0.0,0.059847263438073395,0.0,0.0,17
0.1276154916851924,0.0,0.0,0.0,0.0,17
0.11987053195492074,0.0,0.0,0.0,0.0,17
0.09404325870515547,0.023118282104907087,0.0,0.0,0.0,17
0.06756612289215927,0.0,0.0,0.0,0.0,17
0.04485265108232762,0.0,0.0,0.0,0.0,17
0.05539651322755048,0.0,0.0,0.0,0.0,17
0.047306827420575084,0.0,0.0,0.0,0.0,17
0.05382455081645922,0.0,0.0,0.0,0.0,17
0.05309487398474995,0.0,0.0,0.0,0.0,17
0.05071165789308059,0.0,0.0,0.0,0.0,17
0.03601581539240749,0.0,0.0,0.0,0.0,17
0.06165859962245196,0.0,0.0,0.0,0.0,17
0.13496973973746446,0.0,0.0,0.0,0.0,17
0.08581545580742181,0.0,0.0,0.0,0.0,17
0.1332908014095996,0.08986727372093903,0.0,0.0,0.0,17
0.05677016283750388,0.0,0.0,0.0,0.0,17
0.060378959074512996,0.0,0.0,0.0,0.0,17
0.045543080144166734,0.0,0.0,0.0,0.0,17
0.052960489523307806,0.0,0.0,0.0,0.0,17
0.07793177456513696,0.0,0.0,0.0,0.0,17
0.07211454171112003,0.0,0.0,0.0,0.0,17
0.08654557017651987,0.0,0.0,0.0,0.0,17
0.09318677895024949,0.0,0.0,0.0,0.0,17
0.10951127675676335,0.0,0.0,0.0,0.0,17
0.13891556704725463,0.0,0.0,0.0,0.0,17
0.09246853681858877,0.0,0.01666797405551705,0.0,0.0,17
0.10322858338105823,0.0,0.0,0.0,0.0,17
0.05319201564087472,0.0,0.0,0.0,0.0,17
0.04484368119229654,0.0,0.0,0.0,0.0,17
0.04768486440108124,0.0,0.0,0.0,0.0,17
0.0511792324825566,0.0,0.0,0.0,0.0,17
0.044824520668282394,0.0,0.0,0.0,0.0,17
0.04169452774305728,0.0,0.0,0.0,0.0,17
0.039112486105544714,0.0,0.0,0.0,0.0,17
0.05096348544280509,0.0,0.0,0.0,0.0,17
0.058117738307940627,0.0,0.0,0.0,0.0,17
0.03769961653607128,0.0,0.0,0.0,0.0,17
0.05067600994415231,0.0,0.0,0.0,0.0,17
0.0413617526092452,0.0,0.0,0.0,0.0,17
0.03327614359376515,0.0,0.0,0.0,0.0,17
0.050386493557046615,0.0,0.0,0.0,0.0,17
0.03862724334954477,0.0,0.0,0.0,0.0,17
0.05639820289769824,0.0,0.0,0.0,0.0,17
0.052476740409508005,0.0,0.0,0.0,0.0,17
0.051530561674832116,0.0,0.0,0.0,0.0,17
0.0742995850896946,0.0,0.0,0.0,0.0,17
0.11498525103549054,0.0,0.003756123984803836,0.0,0.0,17
0.12665235125603574,0.19359798763558533,0.0,0.0,0.0,17
0.1442189072540759,0.0,0.0,0.0,0.0,17
0.1061585927304163,0.0,0.05901735691931867,0.0,0.0,17
0.12213489381201341,0.0,0.0008948242807758355,0.0,0.0,17
0.06769010840207468,0.0,0.0,0.0,0.0,17
0.05223138085457214,0.0,0.0,0.0,0.0,17
0.044778900866855084,0.0,0.0,0.0,0.0,17
0.050572443622207586,0.0,0.0,0.0,0.0,17
0.049576156244023076,0.0,0.0,0.0,0.0,17
0.06173310283382137,0.0,0.0,0.0,0.0,17
0.04732761717634923,0.0,0.0,0.0,0.0,17
0.03485937702359684,0.0,0.0,0.0,0.0,17
0.04784640623769408,0.0,0.0,0.0,0.0,17
0.1290058861465248,0.054236217107916124,0.0,0.0,0.0,17
0.09719793738359657,0.0,0.1329126440457749,0.0,0.0,17
0.15669164921656498,0.0,0.35023883629740693,0.0,0.0,17
0.12186914521522582,0.0,0.0,0.0,0.0,17
0.07201679279717974,0.0,0.0,0.0,0.0,17
0.11763562116895127,0.0,0.504894194475739,0.0,0.0,17
0.23749816882359712,0.29821007732105254,0.0,0.0,0.0,17
0.16118522676846556,0.2644049898783375,0.0,0.0,0.0,17
0.25708761102489575,0.0,0.30436893157103884,0.0,0.0,17
0.1688528304717012,0.0,0.08931639801054914,0.0,0.0,17
0.21988639514773275,0.0,0.30646760550057806,0.0,0.0,17
0.3255839439574533,0.0,0.03163122099947757,0.0,0.0,17
0.33559035261338954,0.0,0.22845014718346657,0.0,0.0,17
0.164579355721864,0.0,0.19012095534460338,0.0,0.0,17
0.14225963078215867,0.0,0.0,0.0,0.0,17
0.05710457693421868,0.0,0.0,0.0,0.0,17
0.045586283250718326,0.0,0.0,0.0,0.0,17
0.05449069393223426,0.0,0.0,0.0,0.0,17
0.04633124519875817,0.0,0.0,0.0,0.0,17
0.05746909063137603,0.0,0.0,0.0,0.0,17
0.05325718393515872,0.0,0.0,0.0,0.0,17
0.06250096213470593,0.0,0.0,0.0,0.0,17
0.04902747022757482,0.0,0.0,0.0,0.0,17
0.05283279732986311,0.0,0.0,0.0,0.0,17
0.06802150456289366,0.0,0.0,0.0,0.0,17
0.13903956673857198,0.0,0.0,0.0,0.0,17
0.09016016299790298,0.09557927825449468,0.0,0.0,0.0,17
0.12808156141241922,0.0,0.03602779121621555,0.0,0.0,17
0.1634262378139894,0.06992386479908061,0.0,0.0,0.0,17
0.11852154816791308,0.0,0.00026232114734910106,0.0,0.0,17
0.14196040936601084,0.0,0.0,0.0,0.0,17
0.11988417092664203,0.0,0.036375975028745455,0.0,0.0,17
0.13000012684536089,0.0,0.0,0.0,0.0,17
0.15357201046545652,0.0,0.022217554159901343,0.0,0.0,17
0.14620428508657285,0.0,0.0,0.0,0.0,17
0.16926953972252068,0.0,0.2300312221318579,0.0,0.0,17
0.1611847967445619,0.0,0.12330345957991087,0.0,0.0,17
0.09847757284670886,0.0,0.0,0.0,0.0,17
0.1011034787310236,0.0,0.0,0.0,0.0,17
0.06851618509916503,0.0,0.0,0.0,0.0,17
0.06598529799085819,0.0,0.0,0.0,0.0,17
0.03463396499180003,0.0,0.0,0.0,0.0,17
0.041811736457916325,0.0,0.0,0.0,0.0,17
0.046217129807114295,0.0,0.0,0.0,0.0,17
0.040643303447527576,0.0,0.0,0.0,0.0,17
0.018642852092346923,0.0,0.0,0.0,0.0,17
0.04500907777282719,0.0,0.0,0.0,0.0,17
0.05200016458376247,0.0,0.0,0.0,0.0,17
0.043384595435994724,0.0,0.0,0.0,0.0,17
0.10444816844224149,0.0,0.0,0.0,0.0,17
0.1437809903454742,0.0,0.0,0.0,0.0,17
0.12500108131523127,0.0,0.0,0.0,0.0,17
0.13547234738425074,0.01349258418534166,0.0,0.0,0.0,17
0.1388155212801446,0.0,0.0,0.0,0.0,17
0.10165140892432187,0.0,0.007002304710908777,0.0,0.0,17
0.08428791020497502,0.0,0.11496625917616655,0.0,0.0,17
0.09339185624781234,0.0,0.0,0.0,0.0,17
0.10465426932770033,0.0,0.0,0.0,0.0,17
0.10053299046267324,0.0,0.10087014297501772,0.0,0.0,17
0.0838249587634047,0.23329166211382882,0.0,0.0,0.0,17
0.10906085792127712,0.0,0.0,0.0,0.0,17
0.1361025791899683,0.0,0.0,0.0,0.0,17
0.1607530159328036,0.0,0.26711502913957624,0.0,0.0,17
0.16298839672048668,0.0,0.20782199879196764,0.0,0.0,17
0.10510633391664707,0.0,0.0,0.0,0.0,17
0.1009417296798118,0.0,0.0,0.0,0.0,17
0.05658070288350388,0.0,0.0,0.0,0.0,17
0.04159292192942835,0.0,0.0,0.0,0.0,17
0.05310993133601379,0.0,0.0,0.0,0.0,17
0.04897404135468677,0.0,0.0,0.0,0.0,17
0.04959380756722898,0.0,0.0,0.0,0.0,17
0.036851325481711494,0.0,0.0,0.0,0.0,17
0.04479148464570154,0.0,0.0,0.0,0.0,17
0.05304511122618818,0.0,0.0,0.0,0.0,17
0.10009138480874928,0.0,0.0,0.0,0.0,17
0.08359358170158736,0.0,0.0,0.0,0.0,17
0.15541438750667494,0.0,0.02666325611372447,0.0,0.0,17
0.1459802415430052,0.0,0.011373587868257318,0.0,0.0,17
0.19784325960295807,0.0,0.126524623416222,0.0,0.0,17
0.16590466597898407,0.0,0.22586139921998727,0.0,0.0,17
0.10415396404316571,0.0,0.0,0.0,0.0,17
0.13383671726870466,0.0,0.0,0.0,0.0,17
0.09779054856894688,0.0,0.0,0.0,0.0,17
0.15509430669374266,0.0,0.21831235258443352,0.0,0.0,17
0.1353127933445967,0.0,0.07589468504330746,0.0,0.0,17
0.13548438503177865,0.0,0.0,0.0,0.0,17
0.11520751820164629,0.0,0.0,0.0,0.0,17
0.059899210823767604,0.0,0.0,0.0,0.0,17
0.02758909210869148,0.0,0.0,0.0,0.0,17
0.04759798291218658,0.0,0.0,0.0,0.0,17
0.04359977366158201,0.0,0.0,0.0,0.0,17
0.04784194788772017,0.0,0.0,0.0,0.0,17
0.04262701318869443,0.0,0.0,0.0,0.0,17
0.04315198865486776,0.0,0.0,0.0,0.0,17
0.04528570066481735,0.0,0.0,0.0,0.0,17
0.05564509658486211,0.0,0.0021610054236645346,0.0,0.0,17
0.050842795260627016,0.0,0.0,0.0,0.0,17
0.07358829233456218,0.0,0.0,0.0,0.0,17
0.048668921162575006,0.0,0.0,0.0,0.0,17
0.04263930545570472,0.0,0.0,0.0,0.0,17
0.046137989487107824,0.0,0.0,0.0,0.0,17
0.03648027989959089,0.0,0.0,0.0,0.0,17
0.04328767830525511,0.0,0.0,0.0,0.0,17
0.018755353526456554,0.0,0.0,0.0,0.0,17
0.0425436455409151,0.0,0.0,0.0,0.0,17
0.03910700017385881,0.0,0.0,0.0,0.0,17
0.06385177836940961,0.0,0.0,0.0,0.0,17
0.10631452891963751,0.0,0.10042008390080841,0.0,0.0,17
0.08049395321422638,0.0,0.04939538025981306,0.0,0.0,17
0.13332018853430785,0.0,0.015963611422247892,0.0,0.0,17
0.08493380732823894,0.09910052020022744,0.0,0.0,0.0,17
0.06680591455335885,0.0,0.0,0.0,0.0,17
0.029071086382627485,0.0,0.0,0.0,0.0,17
0.04895271618167645,0.0,0.0,0.0,0.0,17
0.04423216925402992,0.0,0.0,0.0,0.0,17
0.04469447373775451,0.0,0.0,0.0,0.0,17
0.041352613183194574,0.0,0.0,0.0,0.0,17
0.049230467327147975,0.0,0.0,0.0,0.0,17
0.04280248534756689,0.0,0.0,0.0,0.0,17
0.05533139285578529,0.0,0.0,0.0,0.0,17
0.07334134356166944,0.0,0.0,0.0,0.0,17
0.042153805559023594,0.0,0.0,0.0,0.0,17
0.05750820221113421,0.0,0.0,0.0,0.0,17
0.05567190655830709,0.0,0.0,0.0,0.0,17
0.052005139147721445,0.0,0.0,0.0,0.0,17
0.06586743663472311,0.0,0.0,0.0,0.0,17
0.04714305373685164,0.0,0.0,0.0,0.0,17
0.10018823469427085,0.0,0.004283181972105379,0.0,0.0,17
0.08757119129953428,0.0,0.0,0.0,0.0,17
0.09207358539398348,0.0,0.0,0.0,0.0,17
0.10304828448533941,0.0,0.03997776824944406,0.0,0.0,17
0.10483809111435119,0.036545743024133326,0.0,0.0,0.0,17
0.1766722935649407,0.0,0.06517888077370845,0.0,0.0,17
0.15080853697646202,0.0,0.022591842145259194,0.0,0.0,17
0.1212501286580263,0.0,0.18729151687141665,0.0,0.0,17
0.09314136919801029,0.0,0.0,0.0,0.0,17
0.04280244291705763,0.0,0.0,0.0,0.0,17
0.0449124011834891,0.0,0.0,0.0,0.0,17
0.04268315491388702,0.0,0.0,0.0,0.0,17
0.040653166931528976,0.0,0.0,0.0,0.0,17
0.032191425203680034,0.0,0.0,0.0,0.0,17
0.040932141386063964,0.0,0.0,0.0,0.0,17
0.05468507761177065,0.0,0.0,0.0,0.0,17
0.037277538343433565,0.0,0.0,0.0,0.0,17
0.062095892914446345,0.0,0.0,0.0,0.0,17
0.03507564850435165,0.0,0.0,0.0,0.0,17
0.035995235845297104,0.0,0.0,0.0,0.0,17
0.014566700435475022,0.0,0.0,0.0,0.0,17
0.04979809969087611,0.0,0.0,0.0,0.0,17
0.03910170648410783,0.0,0.0,0.0,0.0,17
0.04740965026882792,0.0,0.0,0.0,0.0,17
0.04527487657916315,0.0,0.0,0.0,0.0,17
0.06158584087705692,0.0,0.0,0.0,0.0,17
0.11937919230139778,0.0,0.0,0.0,0.0,17
0.08288459353347546,0.0,0.03688303147405865,0.0,0.0,17
0.14222813000963114,0.0,0.16971606192274585,0.0,0.0,17
0.11402891570355948,0.0,0.048624693399295524,0.0,0.0,17
0.11683440379356572,0.0,0.0,0.0,0.0,17
0.15904517128959444,0.0,0.0,0.0,0.0,17
0.06980340047989844,0.0,0.0,0.0,0.0,17
0.035846564533309984,0.0,0.0,0.0,0.0,17
0.04210933487541847,0.0,0.0,0.0,0.0,17
0.045545376204170956,0.0,0.0,0.0,0.0,17
0.044146195267088746,0.0,0.0,0.0,0.0,17
0.012331768717069955,0.0,0.0,0.0,0.0,17
0.05260857664016221,0.0,0.0,0.0,0.0,17
0.04436178872507537,0.0,0.0,0.0,0.0,17
0.06278004901708414,0.0,0.0,0.0,0.0,17
0.06150537037863376,0.0,0.0,0.0,0.0,17
0.09782920118932029,0.0,0.0,0.0,0.0,17
0.1284478840383369,0.0,0.04134830528691702,0.0,0.0,17
0.0806018024564702,0.0,0.0,0.0,0.0,17
0.08349892248326254,0.0,0.0,0.0,0.0,17
0.04455768489320963,0.0,0.0,0.0,0.0,17
0.06890501345589727,0.0,0.0,0.0,0.0,17
0.06055504042486039,0.0,0.0,0.0,0.0,17
0.05347608889555859,0.0,0.0,0.0,0.0,17
0.03366439712478219,0.0,0.0,0.0,0.0,17
0.03829706928400441,0.0,0.0,0.0,0.0,17
0.07780040838007893,0.0,0.0,0.0,0.0,17
0.08250906440216435,0.0,0.0,0.0,0.0,17
0.04939343533993568,0.0,0.0,0.0,0.0,17
0.06072073474856553,0.0,0.0,0.0,0.0,17
0.054747570967381434,0.0,0.0,0.0,0.0,17
0.04550275698508504,0.0,0.0,0.0,0.0,17
0.02781456747413525,0.0,0.0,0.0,0.0,17
0.032640571945167965,0.0,0.0,0.0,0.0,17
0.037619990325848576,0.0,0.0,0.0,0.0,17
0.04504520713178166,0.0,0.0,0.0,0.0,17
0.03766710828060886,0.0,0.0,0.0,0.0,17
0.04930657748479781,0.0,0.0,0.0,0.0,17
0.04421798443626822,0.0,0.0,0.0,0.0,17
0.04262231745562628,0.0,0.0,0.0,0.0,17
0.05145300765908347,0.0,0.0,0.0,0.0,17
0.09091063353707937,0.0,0.20441992475487084,0.0,0.0,17
0.18045298249692163,0.0,0.29150996812923613,0.0,0.0,17
0.1475061418444281,0.0,0.5473650994797046,0.0,0.0,17
0.27325443839890284,0.39503761389577996,0.0,0.0,0.0,17
0.3617895484040534,0.0,0.0,0.0,0.0,17
0.28326279119613135,0.0,0.20455570008398227,0.0,0.0,17
0.31854341963155997,0.0,0.1573066298407339,0.0,0.0,17
0.30851743132043485,0.0,0.1747442386352399,0.0,0.0,17
0.12285506158218723,0.0,0.0,0.0,0.0,17
0.11937251325357782,0.0,0.0,0.0,0.0,17
0.14552478356718404,0.0,0.039581461166359105,0.0,0.0,17
0.12664973576779187,0.0,0.0,0.0,0.0,17
0.10886248327956587,0.0,0.0,0.0,0.0,17
0.16135199879156126,0.0,0.010710136889295924,0.0,0.0,17
0.07561543514822118,0.0,0.0,0.0,0.0,17
0.12187337668286484,0.0,0.06508029473300363,0.0,0.0,17
0.04281978537521595,0.0,0.0,0.0,0.0,17
0.04375686474986071,0.0,0.0,0.0,0.0,17
0.04003291336436285,0.0,0.0,0.0,0.0,17
0.04246508469257574,0.0,0.0,0.0,0.0,17
0.04851549002217804,0.0,0.0,0.0,0.0,17
0.04050244684598713,0.0,0.0,0.0,0.0,17
0.049398870954888,0.0,0.0,0.0,0.0,17
0.05077570972258718,0.0,0.0,0.0,0.0,17
0.1078588663135589,0.18211593294459782,0.0,0.0,0.0,17
0.09406518410056754,0.0,0.052342791964275534,0.0,0.0,17
0.1768399202843461,0.0,0.1142870700852048,0.0,0.0,17
0.1471466022229248,0.0,0.46223856417173864,0.0,0.0,17
0.17717883059517486,0.0,0.0,0.0,0.0,17
0.1308995554260933,0.0,0.0,0.0,0.0,17
0.13727083824862868,0.0,0.0,0.0,0.0,17
0.1278269956528616,0.0,0.0,0.0,0.0,17
0.09631497351834349,0.0,0.0,0.0,0.0,17
0.23411316096605145,0.0,0.13801582056447326,0.0,0.0,17
0.15434557047230127,0.0,0.0,0.0,0.0,17
0.10393811070127784,0.0,0.0,0.0,0.0,17
0.15160712442939905,0.0,0.0,0.0,0.0,17
0.10445122396610708,0.0,0.0,0.0,0.0,17
0.08561378126806599,0.0,0.0,0.0,0.0,17
0.052624444498717976,0.0,0.0,0.0,0.0,17
0.06027419423299548,0.0,0.0,0.0,0.0,17
0.044014156138127626,0.0,0.0,0.0,0.0,17
0.05122169254318091,0.0,0.0,0.0,0.0,17
0.04060413735106113,0.0,0.0,0.0,0.0,17
0.042497836241225356,0.0,0.0,0.0,0.0,17
0.057700504229872135,0.0,0.004528016800443846,0.0,0.0,17
0.04932575774683707,0.0,0.0,0.0,0.0,17
0.049958980076989776,0.0,0.0,0.0,0.0,17
0.04189502494780028,0.0,0.0,0.0,0.0,17
0.04822301253874406,0.0,0.0,0.0,0.0,17
0.04356002590552607,0.0,0.0,0.0,0.0,17
0.04527189159754559,0.0,0.0,0.0,0.0,17
0.0493767256456487,0.0,0.0,0.0,0.0,17
0.045994928901823114,0.0,0.0,0.0,0.0,17
0.05473366389282145,0.0,0.0,0.0,0.0,17
0.07043355760821852,0.0,0.0,0.0,0.0,17
0.1436563537729342,0.0,0.034819128836430346,0.0,0.0,17
0.11741080679046682,0.0,0.4976583643408892,0.0,0.0,17
0.15450465565580787,0.0,0.0,0.0,0.0,17
0.1307500264676564,0.0,0.0,0.0,0.0,17
0.13316803684535344,0.0,0.0,0.0,0.0,17
0.06630157016119187,0.0,0.0,0.0,0.0,17
0.07045851457063186,0.0,0.0,0.0,0.0,17
0.052183676263720634,0.0,0.0,0.0,0.0,17
0.039545716442117025,0.0,0.0,0.0,0.0,17
0.04876640548670521,0.0,0.0,0.0,0.0,17
0.043229745492631276,0.0,0.0,0.0,0.0,17
0.04100166738197805,0.0,0.0,0.0,0.0,17
0.04776275502132818,0.0,0.0,0.0,0.0,17
0.11244109436903707,0.0,0.03271581325285941,0.0,0.0,17
0.06359070014207183,0.0,0.0,0.0,0.0,17
0.10080046073941552,0.0,0.10038100837928991,0.0,0.0,17
0.04302232978235716,0.0,0.0,0.0,0.0,17
0.01906913825289137,0.0,0.0,0.0,0.0,17
0.05464896601066672,0.0,0.0,0.0,0.0,17
0.1272724087178009,0.0,0.00910847115674357,0.0,0.0,17
0.1354440139847395,0.0,0.04383801680040761,0.0,0.0,17
0.15745054404881334,0.0,0.0,0.0,0.0,17
0.15598733714363922,0.0,0.04386076978397346,0.0,0.0,17
0.16327127736773997,0.0,0.055356871120543744,0.0,0.0,17
0.09978853111559335,0.0,0.09783096224147644,0.0,0.0,17
0.18828599340858704,0.06986288044758432,0.0,0.0,0.0,17
0.15888119737380502,0.0,0.005275143399122356,0.0,0.0,17
0.13685310256778999,0.0,0.0,0.0,0.0,17
0.11817590130656606,0.0,0.013782056901624137,0.0,0.0,17
0.09520212852673532,0.0,0.0,0.0,0.0,17
0.06371423242812489,0.0,0.0,0.0,0.0,17
0.05098379569771888,0.0,0.0,0.0,0.0,17
0.03695526560625615,0.0,0.0,0.0,0.0,17
0.03856029760910463,0.0,0.0,0.0,0.0,17
0.04401987164815845,0.0,0.0,0.0,0.0,17
0.03432519787665546,0.0,0.0,0.0,0.0,17
0.052356056834656155,0.0,0.0,0.0,0.0,17
0.05233801198440684,0.0,0.0,0.0,0.0,17
0.04373178631245237,0.0,0.0,0.0,0.0,17
0.04907922757837514,0.0,0.0,0.0,0.0,17
0.08376129508624029,0.0,0.0,0.0,0.0,17
0.0564130617491433,0.0,0.06254620172828619,0.0,0.0,17
0.08820369932752802,0.0,0.0,0.0,0.0,17
0.03602775662871937,0.0,0.0,0.0,0.0,17
0.05227530352742829,0.0,0.0,0.0,0.0,17
0.06910283415518839,0.0,0.0,0.0,0.0,17
0.07835719162551814,0.0,0.0,0.0,0.0,17
0.107538496206506,0.0,0.0,0.0,0.0,17
0.1029705856345471,0.0,0.307849789105856,0.0,0.0,17
0.1352938560520013,0.0,0.007125456873928071,0.0,0.0,17
0.14332888781373856,0.03912854279643194,0.0,0.0,0.0,17
0.15779510839208613,0.0,0.0,0.0,0.0,17
0.1788791107986515,0.0,0.09574606695459978,0.0,0.0,17
0.05191908524476661,0.0,0.0,0.0,0.0,17
0.046787100561145885,0.0,0.0,0.0,0.0,17
0.03806023586939737,0.0,0.0,0.0,0.0,17
0.048621631195296756,0.0,0.0,0.0,0.0,17
0.0443532764050359,0.0,0.0,0.0,0.0,17
0.03962724752657974,0.0,0.0,0.0,0.0,17
0.04757329984845756,0.0,0.0,0.0,0.0,17
0.04080240380263994,0.0,0.0,0.0,0.0,17
0.037310628685207264,0.0,0.0,0.0,0.0,17
0.06171455962417498,0.0,0.0,0.0,0.0,17
0.11328375018118214,0.0,0.0,0.0,0.0,17
0.1025236793884682,0.0,0.1203661837297114,0.0,0.0,17
0.11018829542597054,0.0,0.3712659184804089,0.0,0.0,17
0.1841776247535048,0.0,0.19109614334823638,0.0,0.0,17
0.15240192120195017,0.0,0.18270106293952965,0.0,0.0,17
0.1257412147701623,0.0,0.19519284134942255,0.0,0.0,17
0.07695920341590204,0.0,0.0,0.0,0.0,17
0.061723018881740706,0.0,0.0,0.0,0.0,17
0.058082021564652246,0.0,0.0,0.0,0.0,17
0.11578499613779183,0.0,0.7015390671005773,0.0,0.0,17
0.20594256986321163,0.5366891094230657,0.0,0.0,0.0,17
0.2656011016659414,0.0,0.029861011652567493,0.0,0.0,17
0.20996702925990224,0.0,0.0945018415396433,0.0,0.0,17
0.10790038210997606,0.0,0.0,0.0,0.0,17
0.08129129009113022,0.0,0.0,0.0,0.0,17
0.07021667358280627,0.0,0.0,0.0,0.0,17
0.05874739818899059,0.0,0.0,0.0,0.0,17
0.05639964419887275,0.0,0.0,0.0,0.0,17
0.04684924478601197,0.0,0.0,0.0,0.0,17
0.03689991972217189,0.0,0.0,0.0,0.0,17
0.05013947565159671,0.0,0.0,0.0,0.0,17
0.05155108042653362,0.0,0.0,0.0,0.0,17
0.057854846204203114,0.0,0.0,0.0,0.0,17
0.05241249859863319,0.0,0.0,0.0,0.0,17
0.10932003140936251,0.0,0.0,0.0,0.0,17
0.16487192553221428,0.0,0.0,0.0,0.0,17
0.13411223381580933,0.0,0.2066133457877516,0.0,0.0,17
0.19943397970050633,0.06962560781766389,0.0,0.0,0.0,17
0.2185146843091395,0.0,0.35192590390466166,0.0,0.0,17
0.21349903015089228,0.0,0.07173450895283201,0.0,0.0,17
0.15094916237613532,0.0,0.28431989329051516,0.0,0.0,17
0.12282741674731557,0.0,0.0,0.0,0.0,17
0.08684014780189711,0.0,0.0,0.0,0.0,17
0.1408665204406756,0.0,0.035268832441237685,0.0,0.0,17
0.15875847302270946,0.0,0.12402980143946812,0.0,0.0,17
0.11433761279354412,0.0,0.5912844178232408,0.0,0.0,17
0.15140818756498103,0.0,0.07287568573218745,0.0,0.0,18
0.1463720430921266,0.0,0.11556058075415321,0.0,0.0,18
0.1851928361868512,0.010928689879411174,0.0,0.0,0.0,18
0.0976037140773654,0.0,0.0,0.0,0.0,18
0.08346916292036564,0.0,0.0,0.0,0.0,18
0.12055044092633649,0.0,0.0,0.0,0.0,18
0.11522752750287268,0.0,0.0,0.0,0.0,18
0.11782315605767467,0.0,0.0,0.0,0.0,18
0.08461964437085119,0.0,0.0,0.0,0.0,18
0.15577193635002512,0.0,0.23052870880366289,0.0,0.0,18
0.1388972673765933,0.0,0.0,0.0,0.0,18
0.10665962014861892,0.0,0.0,0.0,0.0,18
0.04948510935738273,0.0,0.0,0.0,0.0,18
0.050096436673079676,0.0,0.0,0.0,0.0,18
0.051087109526092536,0.0,0.0,0.0,0.0,18
0.05193528521742746,0.0,0.0,0.0,0.0,18
0.040674503405185455,0.0,0.0,0.0,0.0,18
0.044581487357722833,0.0,0.0,0.0,0.0,18
0.04383094762551942,0.0,0.0,0.0,0.0,18
0.04367442098510787,0.0,0.0,0.0,0.0,18
0.055691762831923064,0.0,0.0,0.0,0.0,18
0.04329656773799079,0.0,0.0,0.0,0.0,18
0.051653166654757436,0.0,0.0,0.0,0.0,18
0.11093820855694592,0.0,0.1380792597829563,0.0,0.0,18
0.13694310547546598,0.0,0.053115311393895526,0.0,0.0,18
0.14248646091403316,0.0,0.061175280442575364,0.0,0.0,18
0.03735560249205192,0.0,0.0,0.0,0.0,18
0.046197051372900484,0.0,0.0,0.0,0.0,18
0.050628059183075384,0.0,0.0,0.0,0.0,18
0.045252978688843905,0.0,0.0,0.0,0.0,18
0.03229307970135401,0.0,0.0,0.0,0.0,18
0.046571193694177095,0.0,0.0,0.0,0.0,18
0.04632952673616245,0.0,0.0,0.0,0.0,18
0.037305141484197245,0.0,0.0,0.0,0.0,18
0.039938985336465824,0.0,0.0,0.0,0.0,18
0.0785165686989519,0.0,0.0,0.0,0.0,18
0.06007292875866093,0.0,0.0,0.0,0.0,18
0.04388073982543649,0.0,0.0,0.0,0.0,18
0.036713843944263067,0.0,0.0,0.0,0.0,18
0.04615526000159408,0.0,0.0,0.0,0.0,18
0.055353012121659974,0.0,0.0,0.0,0.0,18
0.041877166108534036,0.0,0.0,0.0,0.0,18
0.041973593672386095,0.0,0.0,0.0,0.0,18
0.047682934503691835,0.0,0.0,0.0,0.0,18
0.05334169108290563,0.0,0.0,0.0,0.0,18
0.051420164211825846,0.0,0.0,0.0,0.0,18
0.0479568163539752,0.0,0.0,0.0,0.0,18
0.056481381273702745,0.0,0.0,0.0,0.0,18
0.06855707523504694,0.0,0.0,0.0,0.0,18
0.038804619502062696,0.0,0.0,0.0,0.0,18
0.06275824267473824,0.0,0.0,0.0,0.0,18
0.13810663664852954,0.0,0.06512299117099973,0.0,0.0,18
0.10912572748788152,0.0,0.1443875649326518,0.0,0.0,18
0.10822974689293428,0.0,0.0,0.0,0.0,18
0.06949655488962507,0.0,0.0,0.0,0.0,18
0.0936490903736495,0.0,0.0,0.0,0.0,18
0.14166741629372503,0.0,0.23807302480792047,0.0,0.0,18
0.15753393748747846,0.0,0.0,0.0,0.0,18
0.14118848242438886,0.0,0.0,0.0,0.0,18
0.1144978809275782,0.0,0.0,0.0,0.0,18
0.08270036301582247,0.0,0.0,0.0,0.0,18
0.09009596226991397,0.0009653337550465657,0.0,0.0,0.0,18
0.053998016962694295,0.0,0.0,0.0,0.0,18
0.04212213044584537,0.0,0.0,0.0,0.0,18
0.042287688563399706,0.0,0.0,0.0,0.0,18
0.053891569662897966,0.0,0.0,0.0,0.0,18
0.04632263175026667,0.0,0.0,0.0,0.0,18
0.049105361231473944,0.0,0.0,0.0,0.0,18
0.06223010188165205,0.0,0.0,0.0,0.0,18
0.07330354649524616,0.0,0.0,0.0,0.0,18
0.06000954736389122,0.0,0.0,0.0,0.0,18
0.04336835823069362,0.0,0.0,0.0,0.0,18
0.05664114017189669,0.0,0.0,0.0,0.0,18
0.03910168083155665,0.0,0.0,0.0,0.0,18
0.04731504975338732,0.0,0.0,0.0,0.0,18
0.045017626511721844,0.0,0.0,0.0,0.0,18
0.04247219176272869,0.0,0.0,0.0,0.0,18
0.042876306543689756,0.0,0.0,0.0,0.0,18
0.052905321567390175,0.0,0.0,0.0,0.0,18
0.07505878760920315,0.0,0.0,0.0,0.0,18
0.1338285285855243,0.0,0.02701495495187456,0.0,0.0,18
0.09163340733064813,0.0,0.0,0.0,0.0,18
0.14075601204162141,0.0,0.0,0.0,0.0,18
0.10861711936337967,0.0,0.0,0.0,0.0,18
0.08150657845720317,0.0,0.0,0.0,0.0,18
0.051545254087826016,0.0,0.0,0.0,0.0,18
0.04514237198902768,0.0,0.0,0.0,0.0,18
0.03615472570493152,0.0,0.0,0.0,0.0,18
0.05189341137925775,0.0,0.0,0.0,0.0,18
0.04750602710252535,0.0,0.0,0.0,0.0,18
0.04942977461999372,0.0,0.0,0.0,0.0,18
0.039382687825498926,0.0,0.0,0.0,0.0,18
0.07872152149503779,0.0,0.0,0.0,0.0,18
0.12137167551664517,0.0,0.0,0.0,0.0,18
0.06577856428556017,0.0,0.0030662739854965815,0.0,0.0,18
0.12800017807362693,0.12094666651320249,0.0,0.0,0.0,18
0.06028236615762368,0.0,0.0,0.0,0.0,18
0.058754432908782454,0.0,0.0,0.0,0.0,18
0.04132324477514624,0.0,0.0,0.0,0.0,18
0.04354783743899464,0.0,0.0,0.0,0.0,18
0.08251810377526543,0.0,0.0,0.0,0.0,18
0.08891256743089354,0.0,0.0,0.0,0.0,18
0.07449832613895742,0.0,0.0,0.0,0.0,18
0.08682046787180085,0.0,0.0,0.0,0.0,18
0.10655813093435106,0.0,0.015466788194016229,0.0,0.0,18
0.12506074175566828,0.0,0.0,0.0,0.0,18
0.12647356366716264,0.0,0.0,0.0,0.0,18
0.08791340100725052,0.0,0.0,0.0,0.0,18
0.06078855650616974,0.0,0.0,0.0,0.0,18
0.046720689107797087,0.0,0.0,0.0,0.0,18
0.044983752631707036,0.0,0.0,0.0,0.0,18
0.05887988301531208,0.0,0.0,0.0,0.0,18
0.04998769319601547,0.0,0.0,0.0,0.0,18
0.04596438327654661,0.0,0.0,0.0,0.0,18
0.0374296282266955,0.0,0.0,0.0,0.0,18
0.04460206700232732,0.0,0.0,0.0,0.0,18
0.05082253763372568,0.0,0.0,0.0,0.0,18
0.032933037160208595,0.0,0.0,0.0,0.0,18
0.04974976528160664,0.0,0.0,0.0,0.0,18
0.03699470484870303,0.0,0.0,0.0,0.0,18
0.03879694397194322,0.0,0.0,0.0,0.0,18
0.04776322653888708,0.0,0.0,0.0,0.0,18
0.03387385536182274,0.0,0.0,0.0,0.0,18
0.04052542286953475,0.0,0.0,0.0,0.0,18
0.042588013181951836,0.0,0.0,0.0,0.0,18
0.05386973445469563,0.0,0.0,0.0,0.0,18
0.07074598330220888,0.0,0.0,0.0,0.0,18
0.10448632247920175,0.0,0.061398066398430734,0.0,0.0,18
0.10635417394600993,0.23559632021297472,0.0,0.0,0.0,18
0.1277782234507848,0.0,0.0,0.0,0.0,18
0.1879073714540834,0.0,0.0,0.0,0.0,18
0.11581715841222827,0.0,0.0,0.0,0.0,18
0.06652618158959195,0.0,0.0,0.0,0.0,18
0.05663756310677488,0.0,0.0,0.0,0.0,18
0.04955669868082661,0.0,0.0,0.0,0.0,18
0.04663429621098627,0.0,0.0,0.0,0.0,18
0.047479835268528885,0.0,0.0,0.0,0.0,18
0.052273507079744964,0.0,0.0,0.0,0.0,18
0.053343373559671156,0.0,0.0,0.0,0.0,18
0.042435294899619426,0.0,0.0,0.0,0.0,18
0.053103524410639105,0.0,0.0,0.0,0.0,18
0.13893551236703125,0.07517149823337929,0.0,0.0,0.0,18
0.114940433768441,0.0,0.1045490671894422,0.0,0.0,18
0.14866727218096695,0.0,0.5845977775203353,0.0,0.0,18
0.09424056081984601,0.0,0.0,0.0,0.0,18
0.07340175229024519,0.0,0.0,0.0,0.0,18
0.12920431659259232,0.0,0.4019350060361837,0.0,0.0,18
0.22786682355737745,0.34274079488103015,0.0,0.0,0.0,18
0.15584033388433743,0.2331003972618269,0.0,0.0,0.0,18
0.20869758635789618,0.0,0.3133963855362287,0.0,0.0,18
0.2560075197870134,0.0,0.02602476245601998,0.0,0.0,18
0.26082832519784355,0.0,0.23866054874280274,0.0,0.0,18
0.260328122851992,0.0,0.11024179282464036,0.0,0.0,18
0.22462098095501046,0.0,0.2874360497584847,0.0,0.0,18
0.21567842772261317,0.0,0.10110883737898044,0.0,0.0,18
0.16795060337933113,0.0,0.0,0.0,0.0,18
0.07185110525298596,0.0,0.0,0.0,0.0,18
0.04017390691701432,0.0,0.0,0.0,0.0,18
0.05659301574971971,0.0,0.0,0.0,0.0,18
0.05114757412743225,0.0,0.0,0.0,0.0,18
0.06035042656935867,0.0,0.0,0.0,0.0,18
0.0686227669125768,0.0,0.0,0.0,0.0,18
0.05365134603449145,0.0,0.0,0.0,0.0,18
0.040835862028895185,0.0,0.0,0.0,0.0,18
0.0478812278495709,0.0,0.0,0.0,0.0,18
0.05963048076910285,0.0,0.0,0.0,0.0,18
0.09565147697503716,0.0,0.04736774624306815,0.0,0.0,18
0.09844656468741889,0.06957797744630917,0.0,0.0,0.0,18
0.134669454078207,0.0,0.0,0.0,0.0,18
0.10300175980010769,0.169538555348422,0.0,0.0,0.0,18
0.12156609923362471,0.0,0.0,0.0,0.0,18
0.13838761755587484,0.010983435151843163,0.0,0.0,0.0,18
0.14201540595838977,0.0,0.03571705066143732,0.0,0.0,18
0.1233255899476921,0.0,0.0,0.0,0.0,18
0.15992816821628933,0.0,0.025918639167731877,0.0,0.0,18
0.12471497656363618,0.001016899282708858,0.0,0.0,0.0,18
0.1692325343664985,0.0,0.2261976706247235,0.0,0.0,18
0.16146526637291758,0.0,0.04998211856335716,0.0,0.0,18
0.1113238897775883,0.0,0.0,0.0,0.0,18
0.12021932220246573,0.0,0.0,0.0,0.0,18
0.08121166328709399,0.0,0.0,0.0,0.0,18
0.044870221182148465,0.0,0.0,0.0,0.0,18
0.03460610993822592,0.0,0.0,0.0,0.0,18
0.045174363961198255,0.0,0.0,0.0,0.0,18
0.05011946494947398,0.0,0.0,0.0,0.0,18
0.046158128926698454,0.0,0.0,0.0,0.0,18
0.023181608158157913,0.0,0.0,0.0,0.0,18
0.0397031175112386,0.0,0.0,0.0,0.0,18
0.04562917884237621,0.0,0.0,0.0,0.0,18
0.035730131734150156,0.0,0.0,0.0,0.0,18
0.1060178050272473,0.0,0.0,0.0,0.0,18
0.13953495894355403,0.0,0.02303188991093927,0.0,0.0,18
0.10938491130148256,0.0,0.0,0.0,0.0,18
0.04715499248979735,0.07799175840254025,0.0,0.0,0.0,18
0.13505465871702393,0.0,0.004561940488353455,0.0,0.0,18
0.11019943150539868,0.0,0.0,0.0,0.0,18
0.1265452009802585,0.0,0.06714708182882648,0.0,0.0,18
0.09502438108574711,0.0,0.0,0.0,0.0,18
0.1152942918245253,0.0,0.0,0.0,0.0,18
0.1418241198430749,0.0,0.04114728271286128,0.0,0.0,18
0.12962693009601545,0.1612503528082216,0.0,0.0,0.0,18
0.1190375523233404,0.0,0.013189507701800413,0.0,0.0,18
0.10961733319206844,0.0,0.0,0.0,0.0,18
0.12956907087638647,0.0,0.2375083439151484,0.0,0.0,18
0.16756717435428733,0.0,0.1133035401227245,0.0,0.0,18
0.1060507793844179,0.0,0.0,0.0,0.0,18
0.09798694532707002,0.0,0.0,0.0,0.0,18
0.0605867437674327,0.0,0.0,0.0,0.0,18
0.040734729924352696,0.0,0.0,0.0,0.0,18
0.04860764815939436,0.0,0.0,0.0,0.0,18
0.044901003075057594,0.0,0.0,0.0,0.0,18
0.05308139584971604,0.0,0.0,0.0,0.0,18
0.04146305884240208,0.0,0.0,0.0,0.0,18
0.038778666830485704,0.0,0.0,0.0,0.0,18
0.059010884108419565,0.0,0.0,0.0,0.0,18
0.10174140649008792,0.0,0.0,0.0,0.0,18
0.05748035910616664,0.0,0.0,0.0,0.0,18
0.1190785802864526,0.0,0.04964232004757119,0.0,0.0,18
0.1284505604951634,0.0,0.0,0.0,0.0,18
0.14714694856949082,0.0,0.1608715974946406,0.0,0.0,18
0.15375101383215908,0.0,0.24505669310588743,0.0,0.0,18
0.11259498849942247,0.0,0.0,0.0,0.0,18
0.13024215765537198,0.0,0.0,0.0,0.0,18
0.08910832988089969,0.0,0.0,0.0,0.0,18
0.1282202887646148,0.0,0.2118618115988036,0.0,0.0,18
0.20182342170455175,0.0,0.0032504394753869736,0.0,0.0,18
0.14855632351049716,0.0,0.0,0.0,0.0,18
0.10407027900721416,0.0,0.004348326943246841,0.0,0.0,18
0.054194993052142315,0.0,0.0,0.0,0.0,18
0.023487828265128165,0.0,0.0,0.0,0.0,18
0.055270122704795074,0.0,0.0,0.0,0.0,18
0.03313871101873568,0.0,0.0,0.0,0.0,18
0.03675698886805518,0.0,0.0,0.0,0.0,18
0.04274401879079513,0.0,0.0,0.0,0.0,18
0.04976371334894739,0.0,0.0,0.0,0.0,18
0.042696301109707194,0.0,0.0,0.0,0.0,18
0.05311262349391019,0.0,0.0,0.0,0.0,18
0.050203324052225426,0.0,0.0,0.0,0.0,18
0.048595027206827374,0.0,0.0,0.0,0.0,18
0.05319169299480685,0.0,0.0,0.0,0.0,18
0.04521791734378578,0.0,0.0,0.0,0.0,18
0.051020688159764335,0.0,0.0,0.0,0.0,18
0.03846934744667574,0.0,0.0,0.0,0.0,18
0.038210688967727814,0.0,0.0,0.0,0.0,18
0.026111626770128366,0.0,0.0,0.0,0.0,18
0.04525392591587788,0.0,0.0,0.0,0.0,18
0.0437486492114101,0.0,0.0,0.0,0.0,18
0.06181530084370061,0.0,0.0,0.0,0.0,18
0.13394838981152624,0.0,0.08742148844252137,0.0,0.0,18
0.11054706692759923,0.0,0.0,0.0,0.0,18
0.12614721878722343,0.0,0.03756005656508002,0.0,0.0,18
0.14621920465516258,0.0035549484179778768,0.0,0.0,0.0,18
0.07803396071838622,0.0,0.0,0.0,0.0,18
0.0333433704041857,0.0,0.0,0.0,0.0,18
0.03608272840037927,0.0,0.0,0.0,0.0,18
0.0402236295403126,0.0,0.0,0.0,0.0,18
0.04469039397537361,0.0,0.0,0.0,0.0,18
0.043797882245040845,0.0,0.0,0.0,0.0,18
0.03579349926622285,0.0,0.0,0.0,0.0,18
0.042887135711360866,0.0,0.0,0.0,0.0,18
0.05714065357573376,0.0,0.0,0.0,0.0,18
0.06490822752069605,0.0,0.01106478721417635,0.0,0.0,18
0.038595358751788544,0.0,0.0,0.0,0.0,18
0.05440286568485432,0.0,0.0,0.0,0.0,18
0.06926301687017526,0.0,0.0,0.0,0.0,18
0.05425435103732399,0.0,0.0,0.0,0.0,18
0.07206480672482231,0.0,0.0,0.0,0.0,18
0.04870449197548267,0.0,0.0,0.0,0.0,18
0.10148544591220754,0.0,0.0,0.0,0.0,18
0.08467547582403594,0.0,0.0,0.0,0.0,18
0.08044511115542645,0.0,0.0,0.0,0.0,18
0.13970746117119184,0.0,0.0,0.0,0.0,18
0.1593506219835704,0.019564719151789062,0.0,0.0,0.0,18
0.12512952348475753,0.0,0.14911786960926732,0.0,0.0,18
0.14785149921478713,0.0,0.055463986214265876,0.0,0.0,18
0.0882950920872502,0.0,0.20728037697675852,0.0,0.0,18
0.10001999004491982,0.0,0.0,0.0,0.0,18
0.04216653118096839,0.0,0.0,0.0,0.0,18
0.0525639332889775,0.0,0.0,0.0,0.0,18
0.04438921885288137,0.0,0.0,0.0,0.0,18
0.0466103751065379,0.0,0.0,0.0,0.0,18
0.03319212938362778,0.0,0.0,0.0,0.0,18
0.03504434736040431,0.0,0.0,0.0,0.0,18
0.04957431504108629,0.0,0.0,0.0,0.0,18
0.04173554729240288,0.0,0.0,0.0,0.0,18
0.04605670435719545,0.0,0.0,0.0,0.0,18
0.04191414873079007,0.0,0.0,0.0,0.0,18
0.038754042088484555,0.0,0.0,0.0,0.0,18
0.014351914946650647,0.0,0.0,0.0,0.0,18
0.038476202292061494,0.0,0.0,0.0,0.0,18
0.04048349243612878,0.0,0.0,0.0,0.0,18
0.05141525146124773,0.0,0.0,0.0,0.0,18
0.04188799002213035,0.0,0.0,0.0,0.0,18
0.06665081319605819,0.0,0.0,0.0,0.0,18
0.09123335824014266,0.0,0.0,0.0,0.0,18
0.10765549857090535,0.0,0.010484061990953142,0.0,0.0,18
0.13556324730228747,0.0,0.18812892142355359,0.0,0.0,18
0.12690470614385763,0.0,0.024203904040813268,0.0,0.0,18
0.12529639227962877,0.0,0.0,0.0,0.0,18
0.15338427866231327,0.015531340699501822,0.0,0.0,0.0,18
0.05731680788837406,0.0,0.0,0.0,0.0,18
0.03339499156824713,0.0,0.0,0.0,0.0,18
0.048149018294555604,0.0,0.0,0.0,0.0,18
0.03531476786965851,0.0,0.0,0.0,0.0,18
0.035257354612236405,0.0,0.0,0.0,0.0,18
0.01376352423414351,0.0,0.0,0.0,0.0,18
0.056855117944246046,0.0,0.0,0.0,0.0,18
0.04414486240052282,0.0,0.0,0.0,0.0,18
0.05931655234425091,0.0,0.0,0.0,0.0,18
0.06728346730566001,0.0,0.0,0.0,0.0,18
0.08954872198579919,0.0,0.018127091878536297,0.0,0.0,18
0.11867521530489258,0.0,0.04172084590286862,0.0,0.0,18
0.07945660670159221,0.0,0.0,0.0,0.0,18
0.0865380389725826,0.0,0.0,0.0,0.0,18
0.06759759055657112,0.0,0.0,0.0,0.0,18
0.08356519924367317,0.0,0.0,0.0,0.0,18
0.05571720979983246,0.0,0.0,0.0,0.0,18
0.0583912702845822,0.0,0.0,0.0,0.0,18
0.03083120205194283,0.0,0.0,0.0,0.0,18
0.038781509015162696,0.0,0.0,0.0,0.0,18
0.07243602670554257,0.0,0.0,0.0,0.0,18
0.09624063068443449,0.0,0.0,0.0,0.0,18
0.06887141237990986,0.0,0.0,0.0,0.0,18
0.05894656919993355,0.0,0.0,0.0,0.0,18
0.059950897407807034,0.0,0.0,0.0,0.0,18
0.04750357363467122,0.0,0.0,0.0,0.0,18
0.033440596408165886,0.0,0.0,0.0,0.0,18
0.03694998878365465,0.0,0.0,0.0,0.0,18
0.03863453829284732,0.0,0.0,0.0,0.0,18
0.04412018022066904,0.0,0.0,0.0,0.0,18
0.036436741041255806,0.0,0.0,0.0,0.0,18
0.04676943675895037,0.0,0.0,0.0,0.0,18
0.03868682480128722,0.0,0.0,0.0,0.0,18
0.05337385655070168,0.0,0.0,0.0,0.0,18
0.053158008145833845,0.0,0.0,0.0,0.0,18
0.1263302449907818,0.0,0.240076662238194,0.0,0.0,18
0.13770862067951783,0.0,0.39779212423724253,0.0,0.0,18
0.2210732805610413,0.0,0.39158028257052163,0.0,0.0,18
0.2678334218425281,0.3650387130185566,0.0,0.0,0.0,18
0.25000871686611165,0.0,0.11783993969723011,0.0,0.0,18
0.19947024418452095,0.0,0.43408399316323953,0.0,0.0,18
0.15885095890537332,0.0,0.36286852925669316,0.0,0.0,18
0.32710256899242296,0.0,0.2595486269619526,0.0,0.0,18
0.11752080591866158,0.0,0.0,0.0,0.0,18
0.11891002767430857,0.0,0.0,0.0,0.0,18
0.18461963846630375,0.0,0.0012899752336828774,0.0,0.0,18
0.1146252177809281,0.0,0.026510072883495467,0.0,0.0,18
0.11375364750475911,0.0,0.0,0.0,0.0,18
0.13199387583147523,0.0,0.03927519200633911,0.0,0.0,18
0.09767658209429964,0.0,0.0,0.0,0.0,18
0.1577820461565029,0.0,0.03068145002257,0.0,0.0,18
0.04922879672298022,0.0,0.0,0.0,0.0,18
0.049652199373576754,0.0,0.0,0.0,0.0,18
0.039417534371278554,0.0,0.0,0.0,0.0,18
0.04751420862664377,0.0,0.0,0.0,0.0,18
0.05083729541542664,0.0,0.0,0.0,0.0,18
0.03282015599739047,0.0,0.0,0.0,0.0,18
0.04781604987810618,0.0,0.0,0.0,0.0,18
0.05506216884968344,0.0,0.0,0.0,0.0,18
0.14938712140266489,0.15121609176863213,0.0,0.0,0.0,18
0.1473877786484438,0.0,0.0054413434621568,0.0,0.0,18
0.12183197839561466,0.0,0.16591652616666702,0.0,0.0,18
0.18524771181910568,0.0,0.3696084762337639,0.0,0.0,18
0.15044557018965313,0.0,0.0,0.0,0.0,18
0.11970836475406968,0.0,0.0,0.0,0.0,18
0.11749971380127239,0.0,0.0,0.0,0.0,18
0.119530192132541,0.0,0.0,0.0,0.0,18
0.10491408360272785,0.0,0.0,0.0,0.0,18
0.1822857784429474,0.0,0.18559348144614546,0.0,0.0,18
0.14730620864615418,0.0,0.017396812102843412,0.0,0.0,18
0.1302706091201635,0.0,0.0,0.0,0.0,18
0.13358455901180133,0.0,0.00302014674131712,0.0,0.0,18
0.1000725481443083,0.0,0.0,0.0,0.0,18
0.09063466893464923,0.0,0.0,0.0,0.0,18
0.05456293154418422,0.0,0.0,0.0,0.0,18
0.04462739361401092,0.0,0.0,0.0,0.0,18
0.0384565990756935,0.0,0.0,0.0,0.0,18
0.04927252231253815,0.0,0.0,0.0,0.0,18
0.039544298797469686,0.0,0.0,0.0,0.0,18
0.036878777179609204,0.0,0.0,0.0,0.0,18
0.0764419993938941,0.0,0.0,0.0,0.0,18
0.05345931579923707,0.0,0.0,0.0,0.0,18
0.040457643149866725,0.0,0.0,0.0,0.0,18
0.040596506694187275,0.0,0.0,0.0,0.0,18
0.05401264690934895,0.0,0.0,0.0,0.0,18
0.0395575820115302,0.0,0.0,0.0,0.0,18
0.046710493985550924,0.0,0.0,0.0,0.0,18
0.05571767836248003,0.0,0.0,0.0,0.0,18
0.05170415538423913,0.0,0.0,0.0,0.0,18
0.0501239229652667,0.0,0.0,0.0,0.0,18
0.0658271634676825,0.0,0.0,0.0,0.0,18
0.08520394317137715,0.0,0.12119638739408282,0.0,0.0,18
0.10314940756231598,0.0,0.4992500315421043,0.0,0.0,18
0.17256626101337535,0.0,0.0,0.0,0.0,18
0.14883672593343808,0.0,0.0,0.0,0.0,18
0.1282684385349583,0.0,0.0,0.0,0.0,18
0.06927535206645684,0.0,0.0,0.0,0.0,18
0.055653478669782666,0.0,0.0,0.0,0.0,18
0.05124958785493551,0.0,0.0,0.0,0.0,18
0.039101651288506095,0.0,0.0,0.0,0.0,18
0.043054470297518924,0.0,0.0,0.0,0.0,18
0.047386001085158676,0.0,0.0,0.0,0.0,18
0.03840385007189238,0.0,0.0,0.0,0.0,18
0.03849012707766707,0.0,0.0,0.0,0.0,18
0.08988985613980181,0.0,0.036216049671014425,0.0,0.0,18
0.08491404089409309,0.0,0.0,0.0,0.0,18
0.09758520025418133,0.0,0.09287045025957019,0.0,0.0,18
0.046584161284939724,0.0,0.0,0.0,0.0,18
0.017195775463840938,0.0,0.0,0.0,0.0,18
0.07380605796906993,0.0,0.0,0.0,0.0,18
0.14987217184790846,0.0,0.0011937602947477421,0.0,0.0,18
0.0886082150480244,0.0,0.07652929063362605,0.0,0.0,18
0.09920955071342624,0.0,0.06433223431482477,0.0,0.0,18
0.19535180874848482,0.0,0.012434903245839901,0.0,0.0,18
0.14137681667639565,0.0,0.05205247873110619,0.0,0.0,18
0.11105299163760264,0.0,0.08968905806805107,0.0,0.0,18
0.18917991700498724,0.06470693602621383,0.0,0.0,0.0,18
0.17122232925517536,0.0,0.014664909096725715,0.0,0.0,18
0.1711762113930231,0.0,0.0,0.0,0.0,18
0.08757879663905865,0.0,0.020107871903496832,0.0,0.0,18
0.08714507048660326,0.0,0.0,0.0,0.0,18
0.04753761529861265,0.0,0.0,0.0,0.0,18
0.052208104812107706,0.0,0.0,0.0,0.0,18
0.048888704261222604,0.0,0.0,0.0,0.0,18
0.04216125127502827,0.0,0.0,0.0,0.0,18
0.04407212416792217,0.0,0.0,0.0,0.0,18
0.029568492041400395,0.0,0.0,0.0,0.0,18
0.047772524399141945,0.0,0.0,0.0,0.0,18
0.050243751975879054,0.0,0.0,0.0,0.0,18
0.04571910466566672,0.0,0.0,0.0,0.0,18
0.06028701106572497,0.0,0.0,0.0,0.0,18
0.07651725529436856,0.0,0.0,0.0,0.0,18
0.09886132128779655,0.0,0.008779221707749904,0.0,0.0,18
0.08026494513393836,0.0,0.0,0.0,0.0,18
0.03499627131349996,0.0,0.0,0.0,0.0,18
0.06342296156201004,0.0,0.0,0.0,0.0,18
0.06125234585695199,0.0,0.0,0.0,0.0,18
0.07422399802685437,0.0,0.0,0.0,0.0,18
0.08730668897133531,0.0,0.0038344312626704957,0.0,0.0,18
0.10868582569673914,0.0,0.22838084557523186,0.0,0.0,18
0.12657307734748333,0.0,0.020548977619650355,0.0,0.0,18
0.14538662909064132,0.08191053131945014,0.0,0.0,0.0,18
0.11939647593070794,0.03974693645440082,0.0,0.0,0.0,18
0.1683600005071232,0.0,0.08323689756009234,0.0,0.0,18
0.04596009357884818,0.0,0.0,0.0,0.0,18
0.04331706128508133,0.0,0.0,0.0,0.0,18
0.04382360387585883,0.0,0.0,0.0,0.0,18
0.0451864401184263,0.0,0.0,0.0,0.0,18
0.04329579667873347,0.0,0.0,0.0,0.0,18
0.03865276810615083,0.0,0.0,0.0,0.0,18
0.05349307726194894,0.0,0.0,0.0,0.0,18
0.03753136899128779,0.0,0.0,0.0,0.0,18
0.04834825109815336,0.0,0.0,0.0,0.0,18
0.05611756661999716,0.0,0.0,0.0,0.0,18
0.08529164571594043,0.0,0.03064293212616158,0.0,0.0,18
0.14250564523332448,0.0,0.05800457733340192,0.0,0.0,18
0.12363012544155434,0.0,0.29176565737664,0.0,0.0,18
0.12850228026599372,0.0,0.2979383685290783,0.0,0.0,18
0.25806947345632186,0.0,0.07966014061268933,0.0,0.0,18
0.2946928928193456,0.0,0.03612709722169338,0.0,0.0,18
0.07891947541838354,0.0,0.0,0.0,0.0,18
0.08122625022225535,0.0,0.0,0.0,0.0,18
0.061625160826643495,0.0,0.0,0.0,0.0,18
0.13090875337348196,0.0,0.730538947561074,0.0,0.0,18
0.22555570845099382,0.5495164658205551,0.0,0.0,0.0,18
0.29241977115173834,0.0,0.011856751525154086,0.0,0.0,18
0.3215244831069695,0.0,0.060969971727050654,0.0,0.0,18
0.11093348937329507,0.0,0.0,0.0,0.0,18
0.08296112543769794,0.0,0.0,0.0,0.0,18
0.0631125755110407,0.0,0.0,0.0,0.0,18
0.060679452162050514,0.0,0.0,0.0,0.0,18
0.044956081453693036,0.0,0.0,0.0,0.0,18
0.05044042924310093,0.0,0.0,0.0,0.0,18
0.035203472197218796,0.0,0.0,0.0,0.0,18
0.04966370192813664,0.0,0.0,0.0,0.0,18
0.04455540375165951,0.0,0.0,0.0,0.0,18
0.05536346854394992,0.0,0.0,0.0,0.0,18
0.0639204538618462,0.0,0.0,0.0,0.0,18
0.1290332916713656,0.03892330321985907,0.0,0.0,0.0,18
0.06067213907000924,0.0,0.14373864034998826,0.0,0.0,18
0.16196860895847817,0.0,0.2291036881525694,0.0,0.0,18
0.18549986797627266,0.238964501073331,0.0,0.0,0.0,18
0.1679243365958745,0.0,0.33039769527656393,0.0,0.0,18
0.09975299148260715,0.0,0.15881849576745216,0.0,0.0,18
0.2042622105646726,0.0,0.1924351955169479,0.0,0.0,18
0.13451508549804858,0.0,0.0,0.0,0.0,18
0.1173993626802903,0.0,0.0,0.0,0.0,18
0.13927580828740638,0.0,0.06609199086846981,0.0,0.0,18
0.12634643287165956,0.0,0.14159122671809113,0.0,0.0,18
0.1593517384606131,0.0,0.5666809154396371,0.0,0.0,18
0.14436610567449853,0.0,0.1078712802676392,0.0,0.0,19
0.17307112569885855,0.0,0.10635156003522586,0.0,0.0,19
0.14611716583234396,0.05015821911114052,0.0,0.0,0.0,19
0.09523315964448723,0.0,0.0,0.0,0.0,19
0.09285827241851857,0.0,0.0,0.0,0.0,19
0.10815742312352451,0.0,0.0,0.0,0.0,19
0.13166235695013465,0.0,0.0,0.0,0.0,19
0.09085718610619405,0.0,0.020652734575111464,0.0,0.0,19
0.09403519248885125,0.0,0.0,0.0,0.0,19
0.14492771032959031,0.0,0.27440175557059576,0.0,0.0,19
0.14487144446582953,0.0,0.0,0.0,0.0,19
0.11073602008767892,0.0,0.0,0.0,0.0,19
0.05001099688002465,0.0,0.0,0.0,0.0,19
0.05538131135309073,0.0,0.0,0.0,0.0,19
0.051521181040870695,0.0,0.0,0.0,0.0,19
0.05901060476704636,0.0,0.0,0.0,0.0,19
0.042058908688839984,0.0,0.0,0.0,0.0,19
0.04976372069408077,0.0,0.0,0.0,0.0,19
0.04966776124998573,0.0,0.0,0.0,0.0,19
0.033817018403722754,0.0,0.0,0.0,0.0,19
0.04774842205073833,0.0,0.0,0.0,0.0,19
0.039560041411652085,0.0,0.0,0.0,0.0,19
0.05829763940097878,0.0,0.0,0.0,0.0,19
0.07199312802429478,0.0,0.23402574640911603,0.0,0.0,19
0.13007798346220759,0.0,0.05907876544170429,0.0,0.0,19
0.18806433941660397,0.0,0.0,0.0,0.0,19
0.03687384474561865,0.0,0.0,0.0,0.0,19
0.05678543400281292,0.0,0.0,0.0,0.0,19
0.05068954697966391,0.0,0.0,0.0,0.0,19
0.05078307443771854,0.0,0.0,0.0,0.0,19
0.03722310836762302,0.0,0.0,0.0,0.0,19
0.04494221118355843,0.0,0.0,0.0,0.0,19
0.041773739194137995,0.0,0.0,0.0,0.0,19
0.03264493306226715,0.0,0.0,0.0,0.0,19
0.055574151663428835,0.0,0.0,0.0,0.0,19
0.08667370308384742,0.0,0.0,0.0,0.0,19
0.061457725925808455,0.0,0.0,0.0,0.0,19
0.05659339495091547,0.0,0.0,0.0,0.0,19
0.04350404962135691,0.0,0.0,0.0,0.0,19
0.04437557830025438,0.0,0.0,0.0,0.0,19
0.05063805607425454,0.0,0.0,0.0,0.0,19
0.047098420563208294,0.0,0.0,0.0,0.0,19
0.041465510325170776,0.0,0.0,0.0,0.0,19
0.05405019759094497,0.0,0.0,0.0,0.0,19
0.06314711788492053,0.0,0.0,0.0,0.0,19
0.04713407808237399,0.0,0.0,0.0,0.0,19
0.044861597666898,0.0,0.0,0.0,0.0,19
0.06359124075895452,0.0,0.0,0.0,0.0,19
0.07560236046303306,0.0,0.0,0.0,0.0,19
0.03970966707499143,0.0,0.0,0.0,0.0,19
0.059775224221362,0.0,0.0,0.0,0.0,19
0.11350186898073036,0.0,0.06842160957927898,0.0,0.0,19
0.12634774008994118,0.0,0.1307531557965345,0.0,0.0,19
0.10812511108976953,0.0,0.0,0.0,0.0,19
0.05578336316082412,0.0,0.0,0.0,0.0,19
0.0927542001567258,0.0,0.0,0.0,0.0,19
0.13769985396339543,0.0,0.3221235193027261,0.0,0.0,19
0.11094201606937293,0.0,0.06646151361480487,0.0,0.0,19
0.12750388573618124,0.0,0.0,0.0,0.0,19
0.11458652134728839,0.0,0.0,0.0,0.0,19
0.07068625764068989,0.0,0.0,0.0,0.0,19
0.060403333373246174,0.0,0.0,0.0,0.0,19
0.0512097114001252,0.0,0.0,0.0,0.0,19
0.0358685322046874,0.0,0.0,0.0,0.0,19
0.04751506205478548,0.0,0.0,0.0,0.0,19
0.040880857337136686,0.0,0.0,0.0,0.0,19
0.04406542334429679,0.0,0.0,0.0,0.0,19
0.0354157931474802,0.0,0.0,0.0,0.0,19
0.08046671036089854,0.0,0.0,0.0,0.0,19
0.07710726057437292,0.0,0.0,0.0,0.0,19
0.056252503503334134,0.0,0.0,0.0,0.0,19
0.043808653468780254,0.0,0.0,0.0,0.0,19
0.04285471215835043,0.0,0.0,0.0,0.0,19
0.045939907358099434,0.0,0.0,0.0,0.0,19
0.04227526486862387,0.0,0.0,0.0,0.0,19
0.05739682626814984,0.0,0.0,0.0,0.0,19
0.04428193993777366,0.0,0.0,0.0,0.0,19
0.04256434862814797,0.0,0.0,0.0,0.0,19
0.04061980833190235,0.0,0.0,0.0,0.0,19
0.0658988860732337,0.0,0.0,0.0,0.0,19
0.12782380952959432,0.0,0.028803821340321223,0.0,0.0,19
0.12423305623578114,0.0,0.004146958835515566,0.0,0.0,19
0.13010650428701945,0.0,0.0,0.0,0.0,19
0.09673793216223937,0.0,0.0,0.0,0.0,19
0.06737458505300548,0.0,0.0,0.0,0.0,19
0.045464050219295456,0.0,0.0,0.0,0.0,19
0.045665422114976484,0.0,0.0,0.0,0.0,19
0.04197095383164431,0.0,0.0,0.0,0.0,19
0.05228213132756728,0.0,0.0,0.0,0.0,19
0.04876143704404372,0.0,0.0,0.0,0.0,19
0.039293350599990264,0.0,0.0,0.0,0.0,19
0.03762535835462514,0.0,0.0,0.0,0.0,19
0.06438088091393553,0.0,0.0,0.0,0.0,19
0.1107137498592052,0.0,0.0,0.0,0.0,19
0.08394383750581652,0.0,0.0,0.0,0.0,19
0.09105954433956011,0.10052493553896165,0.0,0.0,0.0,19
0.06370008700526603,0.0,0.0,0.0,0.0,19
0.05153788929756158,0.0,0.0,0.0,0.0,19
0.04043101283458966,0.0,0.0,0.0,0.0,19
0.052116799734057376,0.0,0.0,0.0,0.0,19
0.07777682859518958,0.0,0.0,0.0,0.0,19
0.07229019760239962,0.0,0.0,0.0,0.0,19
0.06901594903586962,0.0,0.009660739404017446,0.0,0.0,19
0.08256740194324502,0.0,0.0,0.0,0.0,19
0.10243303502630365,0.0,0.0,0.0,0.0,19
0.12209807971123707,0.0,0.0,0.0,0.0,19
0.11774796053113522,0.0,0.0,0.0,0.0,19
0.09813790571012734,0.0,0.0,0.0,0.0,19
0.051768641663221746,0.0,0.0,0.0,0.0,19
0.04607954926996999,0.0,0.0,0.0,0.0,19
0.047446879742712986,0.0,0.0,0.0,0.0,19
0.05727299127500211,0.0,0.0,0.0,0.0,19
0.04834700869052848,0.0,0.0,0.0,0.0,19
0.04950992327441707,0.0,0.0,0.0,0.0,19
0.0383267858389271,0.0,0.0,0.0,0.0,19
0.04727609711821208,0.0,0.0,0.0,0.0,19
0.05333377638631115,0.0,0.0,0.0,0.0,19
0.036068165908442716,0.0,0.0,0.0,0.0,19
0.054144549112017305,0.0,0.0,0.0,0.0,19
0.048608068807609775,0.0,0.0,0.0,0.0,19
0.03704281320812785,0.0,0.0,0.0,0.0,19
0.055651446875896134,0.0,0.0,0.0,0.0,19
0.04003751532166608,0.0,0.0,0.0,0.0,19
0.04280311392433237,0.0,0.0,0.0,0.0,19
0.04270529960972153,0.0,0.0,0.0,0.0,19
0.04394796634681152,0.0,0.0,0.0,0.0,19
0.07371015559018587,0.0,0.0,0.0,0.0,19
0.1236227813029708,0.0,0.053609350557705826,0.0,0.0,19
0.12480438914452636,0.20831982668288535,0.0,0.0,0.0,19
0.12997729717935605,0.0,0.0,0.0,0.0,19
0.17254554246689352,0.0,0.018710329387617436,0.0,0.0,19
0.11808127822436107,0.0,0.0,0.0,0.0,19
0.06613448375003825,0.0,0.0,0.0,0.0,19
0.05597897975656475,0.0,0.0,0.0,0.0,19
0.05516138673170703,0.0,0.0,0.0,0.0,19
0.04209746930715524,0.0,0.0,0.0,0.0,19
0.03575520061208174,0.0,0.0,0.0,0.0,19
0.051919163018499435,0.0,0.0,0.0,0.0,19
0.05571433101718143,0.0,0.0,0.0,0.0,19
0.026281790946753415,0.0,0.0,0.0,0.0,19
0.04819774815000172,0.0,0.008581745265266866,0.0,0.0,19
0.1273234980246999,0.04881368820376428,0.0,0.0,0.0,19
0.15142586644065087,0.0,0.12285858741729894,0.0,0.0,19
0.14443919894214297,0.0,0.2833233660880102,0.0,0.0,19
0.09554045359921214,0.0,0.0,0.0,0.0,19
0.08238660533111701,0.0,0.0,0.0,0.0,19
0.10192627923557172,0.0,0.5297664972116813,0.0,0.0,19
0.12534448194109926,0.3454890814583545,0.0,0.0,0.0,19
0.25217911494481404,0.26073170974150583,0.0,0.0,0.0,19
0.27113299750351655,0.0,0.17773720739962162,0.0,0.0,19
0.2648574758655444,0.0,0.0030510735280334655,0.0,0.0,19
0.23741279100384036,0.0,0.3032108128306138,0.0,0.0,19
0.2766978804917409,0.0,0.06161344764981724,0.0,0.0,19
0.2605769789544638,0.0,0.30678755694231924,0.0,0.0,19
0.20515197762721218,0.0,0.08213871451606033,0.0,0.0,19
0.1670152561217121,0.0,0.0,0.0,0.0,19
0.0636252251828454,0.0,0.0,0.0,0.0,19
0.05339485391896447,0.0,0.0,0.0,0.0,19
0.054652622267971754,0.0,0.0,0.0,0.0,19
0.05346709313459498,0.0,0.0,0.0,0.0,19
0.06325551305123174,0.0,0.0007452564508367981,0.0,0.0,19
0.05455823095307464,0.0,0.0,0.0,0.0,19
0.05344205214668337,0.0,0.0,0.0,0.0,19
0.04333004448272181,0.0,0.0,0.0,0.0,19
0.04925795585605978,0.0,0.0,0.0,0.0,19
0.0460359735937492,0.017902378031709597,0.0,0.0,0.0,19
0.13445805347626563,0.0,0.011246373578783359,0.0,0.0,19
0.15009924732827515,0.016773356421993846,0.0,0.0,0.0,19
0.08811321489016645,0.0,0.04100240985521626,0.0,0.0,19
0.13788236803960344,0.0964103086930346,0.0,0.0,0.0,19
0.11820641798185565,0.0,0.0,0.0,0.0,19
0.11460192669202159,0.05886572054829149,0.0,0.0,0.0,19
0.1253105656282022,0.0,0.0,0.0,0.0,19
0.12870559151804703,0.0,0.0,0.0,0.0,19
0.1016234362608987,0.0,0.050503075601142006,0.0,0.0,19
0.12900897105156744,0.0294007843846264,0.0,0.0,0.0,19
0.09540682097349135,0.0,0.3179830397514123,0.0,0.0,19
0.16331744702345616,0.0,0.1210430266197666,0.0,0.0,19
0.11186572247074139,0.0,0.0,0.0,0.0,19
0.10851276227012112,0.0,0.0,0.0,0.0,19
0.08396848988185383,0.0,0.0,0.0,0.0,19
0.06076497531486267,0.0,0.0,0.0,0.0,19
0.03465198950977509,0.0,0.0,0.0,0.0,19
0.045770811932442146,0.0,0.0,0.0,0.0,19
0.055816058189783996,0.0,0.0,0.0,0.0,19
0.04110963173289752,0.0,0.0,0.0,0.0,19
0.02016323249589903,0.0,0.0,0.0,0.0,19
0.04102673926520089,0.0,0.0,0.0,0.0,19
0.048122251613151375,0.0,0.0,0.0,0.0,19
0.041221240543114615,0.0,0.0,0.0,0.0,19
0.09076296429597633,0.0,0.019255162911864618,0.0,0.0,19
0.10846703588850448,0.0,0.06445683022510931,0.0,0.0,19
0.13963753808334275,0.0,0.0,0.0,0.0,19
0.13037464857603073,0.03743134512963986,0.0,0.0,0.0,19
0.08434348319975696,0.0,0.047529266006199805,0.0,0.0,19
0.12121670025852907,0.0,0.0,0.0,0.0,19
0.11493989523663775,0.0,0.07645472817013599,0.0,0.0,19
0.10551303493671642,0.0,0.0,0.0,0.0,19
0.12473268689338765,0.0,0.0,0.0,0.0,19
0.07406826299081383,0.0,0.09198808092563175,0.0,0.0,19
0.16739774866658608,0.20834609637494705,0.0,0.0,0.0,19
0.14477651965900323,0.0,0.0,0.0,0.0,19
0.11101897845716588,0.022854809147213995,0.0,0.0,0.0,19
0.17498381634148288,0.0,0.2484535986361955,0.0,0.0,19
0.12802046535961253,0.0,0.1991106877777642,0.0,0.0,19
0.0945826557252084,0.0,0.0,0.0,0.0,19
0.08771700700628385,0.0,0.0,0.0,0.0,19
0.053206725661999264,0.0,0.0,0.0,0.0,19
0.0381963171226163,0.0,0.0,0.0,0.0,19
0.053474811260042956,0.0,0.0,0.0,0.0,19
0.049432602204545456,0.0,0.0,0.0,0.0,19
0.047974373944994965,0.0,0.0,0.0,0.0,19
0.04346752918503476,0.0,0.0,0.0,0.0,19
0.04436840197179103,0.0,0.0,0.0,0.0,19
0.06073999628769679,0.0,0.0,0.0,0.0,19
0.08154776388177448,0.0,0.0,0.0,0.0,19
0.0740996897936384,0.0,0.0,0.0,0.0,19
0.08036467765363875,0.0,0.11772760930085036,0.0,0.0,19
0.1287910277654762,0.0,0.0,0.0,0.0,19
0.14453349315863298,0.0,0.16987940335467447,0.0,0.0,19
0.1390710551979537,0.0,0.24244305769573676,0.0,0.0,19
0.092321280755195,0.0,0.0,0.0,0.0,19
0.13296048264282473,0.0,0.0,0.0,0.0,19
0.08846550863115961,0.0,0.0,0.0,0.0,19
0.17414208391489283,0.0,0.15372525210539073,0.0,0.0,19
0.1546208345364118,0.0,0.041540164543049735,0.0,0.0,19
0.12798150528759336,0.0,0.0,0.0,0.0,19
0.12404591573922877,0.0,0.0,0.0,0.0,19
0.06275519836504735,0.0,0.0,0.0,0.0,19
0.025719850232358798,0.0,0.0,0.0,0.0,19
0.052406952601987765,0.0,0.0,0.0,0.0,19
0.03319773006606882,0.0,0.0,0.0,0.0,19
0.05268543577726775,0.0,0.0,0.0,0.0,19
0.04076460008496139,0.0,0.0,0.0,0.0,19
0.03676517445838169,0.0,0.0,0.0,0.0,19
0.04555472945901809,0.0,0.0,0.0,0.0,19
0.05216366955137441,0.0,0.0,0.0,0.0,19
0.04768495473492598,0.0,0.0,0.0,0.0,19
0.07317287949663982,0.0,0.0,0.0,0.0,19
0.0440850985306983,0.0,0.0,0.0,0.0,19
0.044394268288852526,0.0,0.0,0.0,0.0,19
0.04133826974830769,0.0,0.0,0.0,0.0,19
0.040156039155616254,0.0,0.0,0.0,0.0,19
0.03987144035753631,0.0,0.0,0.0,0.0,19
0.021411322798665804,0.0,0.0,0.0,0.0,19
0.041223969242782654,0.0,0.0,0.0,0.0,19
0.03258313249836437,0.0,0.0,0.0,0.0,19
0.06838302725247788,0.0,0.0,0.0,0.0,19
0.13005264129401167,0.0,0.08794076036338577,0.0,0.0,19
0.10505706775849295,0.0,0.0,0.0,0.0,19
0.13812379449078924,0.0,0.03647888058773799,0.0,0.0,19
0.14058711405413088,0.037194901638852695,0.0,0.0,0.0,19
0.059017408492341425,0.0,0.0,0.0,0.0,19
0.029128600902315685,0.0,0.0,0.0,0.0,19
0.05109614866643595,0.0,0.0,0.0,0.0,19
0.04185216308472492,0.0,0.0,0.0,0.0,19
0.04251757182348388,0.0,0.0,0.0,0.0,19
0.049722123163421804,0.0,0.0,0.0,0.0,19
0.04133262981660447,0.0,0.0,0.0,0.0,19
0.04597672836865915,0.0,0.0,0.0,0.0,19
0.0631124713762348,0.0,0.0,0.0,0.0,19
0.07490281742698829,0.0,0.0,0.0,0.0,19
0.04783647379167411,0.0,0.0,0.0,0.0,19
0.04340328175802283,0.0,0.0,0.0,0.0,19
0.07038892371279755,0.0,0.0,0.0,0.0,19
0.04911152372618874,0.0,0.0,0.0,0.0,19
0.07543065684320262,0.0,0.0,0.0,0.0,19
0.05697992957164963,0.0,0.0,0.0,0.0,19
0.09383629648263982,0.0,0.003661843368191947,0.0,0.0,19
0.08776534680330553,0.0,0.0,0.0,0.0,19
0.09430847052227287,0.0,0.0,0.0,0.0,19
0.11298696857550375,0.0,0.0,0.0,0.0,19
0.1315082708549692,0.057788473221405345,0.0,0.0,0.0,19
0.1405268301816583,0.0,0.11699428285632235,0.0,0.0,19
0.12471587153524669,0.0,0.10618807496863614,0.0,0.0,19
0.12264381591730082,0.0,0.20236039893088242,0.0,0.0,19
0.09226671505266314,0.0,0.0,0.0,0.0,19
0.04402865105876619,0.0,0.0,0.0,0.0,19
0.0434661924031311,0.0,0.0,0.0,0.0,19
0.03981732863032827,0.0,0.0,0.0,0.0,19
0.04387794258218779,0.0,0.0,0.0,0.0,19
0.03656050354738379,0.0,0.0,0.0,0.0,19
0.03828648546836739,0.0,0.0,0.0,0.0,19
0.054298527218643845,0.0,0.0,0.0,0.0,19
0.05241892011489487,0.0,0.0,0.0,0.0,19
0.05979379501533236,0.0,0.0,0.0,0.0,19
0.03483480086268657,0.0,0.0,0.0,0.0,19
0.04060639817456284,0.0,0.0,0.0,0.0,19
0.013690258546389687,0.0,0.0,0.0,0.0,19
0.04928055281361985,0.0,0.0,0.0,0.0,19
0.035415182938602296,0.0,0.0,0.0,0.0,19
0.04073408463221079,0.0,0.0,0.0,0.0,19
0.034687815727288004,0.0,0.0,0.0,0.0,19
0.05468313842422844,0.0,0.0,0.0,0.0,19
0.10008606851846366,0.0,0.0,0.0,0.0,19
0.11500803634820098,0.0,0.0,0.0,0.0,19
0.1483132870116966,0.0,0.14708280548433994,0.0,0.0,19
0.15444669129056074,0.0,0.0005353032560646009,0.0,0.0,19
0.09003769924869195,0.0,0.0,0.0,0.0,19
0.13040612716466143,0.017668267394179482,0.0,0.0,0.0,19
0.07431348693761461,0.0,0.0,0.0,0.0,19
0.03544434899721376,0.0,0.0,0.0,0.0,19
0.04351359830453564,0.0,0.0,0.0,0.0,19
0.0457664249683448,0.0,0.0,0.0,0.0,19
0.035746345784274186,0.0,0.0,0.0,0.0,19
0.01658916686827814,0.0,0.0,0.0,0.0,19
0.06666161902196589,0.0,0.0,0.0,0.0,19
0.03978986343768546,0.0,0.0,0.0,0.0,19
0.06461941464229586,0.0,0.0,0.0,0.0,19
0.055061645382158596,0.0,0.0,0.0,0.0,19
0.07382149901996127,0.0,0.0,0.0,0.0,19
0.15603249412621142,0.0,0.0,0.0,0.0,19
0.0839670477768357,0.0,0.0,0.0,0.0,19
0.0919700573059192,0.0,0.0,0.0,0.0,19
0.07613998331756221,0.0,0.0,0.0,0.0,19
0.06506846544854908,0.0,0.0,0.0,0.0,19
0.056739367873509194,0.0,0.0,0.0,0.0,19
0.05108372936020529,0.0,0.0,0.0,0.0,19
0.028693261076810094,0.0,0.0,0.0,0.0,19
0.031009099083516855,0.0,0.0,0.0,0.0,19
0.08200410853327537,0.0,0.0,0.0,0.0,19
0.07999718235004369,0.0,0.0,0.0,0.0,19
0.06317718795502386,0.0,0.0,0.0,0.0,19
0.059130647630880155,0.0,0.0,0.0,0.0,19
0.06639915085034345,0.0,0.0,0.0,0.0,19
0.04414100754312484,0.0,0.0,0.0,0.0,19
0.028070777819415183,0.0,0.0,0.0,0.0,19
0.035039715051710156,0.0,0.0,0.0,0.0,19
0.043988035437787544,0.0,0.0,0.0,0.0,19
0.041773053862518686,0.0,0.0,0.0,0.0,19
0.03471274558469421,0.0,0.0,0.0,0.0,19
0.042474892658077794,0.0,0.0,0.0,0.0,19
0.04058233424570857,0.0,0.0,0.0,0.0,19
0.05318441849192878,0.0,0.0,0.0,0.0,19
0.048728879306043645,0.0,0.0,0.0,0.0,19
0.06684620772356392,0.0,0.2698286711750698,0.0,0.0,19
0.20533288919448803,0.0,0.32004876205077604,0.0,0.0,19
0.14568262338539653,0.0,0.5329004146482353,0.0,0.0,19
0.2404893928353724,0.42734870336952435,0.0,0.0,0.0,19
0.22823657147725465,0.0,0.1408382952329845,0.0,0.0,19
0.3018586916309143,0.0,0.26876046879074456,0.0,0.0,19
0.2380062998310491,0.0,0.21853119340474564,0.0,0.0,19
0.21598275439978307,0.0,0.3654656680195144,0.0,0.0,19
0.12192987921979748,0.0,0.0,0.0,0.0,19
0.13097570579399062,0.0,0.0,0.0,0.0,19
0.16507258933306462,0.0,0.015097687198501686,0.0,0.0,19
0.1332984032442204,0.0,0.0,0.0,0.0,19
0.11028226802810727,0.0,0.0,0.0,0.0,19
0.11427368550013751,0.0,0.08724567998738529,0.0,0.0,19
0.08798251732249625,0.0,0.0,0.0,0.0,19
0.1446830853814239,0.0,0.06874178673423442,0.0,0.0,19
0.058193355251842493,0.0,0.0,0.0,0.0,19
0.055216446103019255,0.0,0.0,0.0,0.0,19
0.03952672597564112,0.0,0.0,0.0,0.0,19
0.04346323721502534,0.0,0.0,0.0,0.0,19
0.04821484125009047,0.0,0.0,0.0,0.0,19
0.03575374007287228,0.0,0.0,0.0,0.0,19
0.06051230407576066,0.0,0.0,0.0,0.0,19
0.057701706661773454,0.0,0.0,0.0,0.0,19
0.05557086087446673,0.22487304694090204,0.0,0.0,0.0,19
0.10877464581402913,0.0,0.06586190734487579,0.0,0.0,19
0.12503805176606558,0.0,0.11817324561146689,0.0,0.0,19
0.13094019432920767,0.0,0.423892044876213,0.0,0.0,19
0.15834097813741418,0.0,0.0,0.0,0.0,19
0.12471317303537971,0.0,0.004599356400454807,0.0,0.0,19
0.11877115123799656,0.0,0.0,0.0,0.0,19
0.11344654432397752,0.0,0.0,0.0,0.0,19
0.1037045956147911,0.0,0.0,0.0,0.0,19
0.08006974328351968,0.0,0.33770079098201267,0.0,0.0,19
0.1611630432441934,0.0,0.011038239897529889,0.0,0.0,19
0.09043752131668079,0.0,0.0,0.0,0.0,19
0.15038187346613402,0.0,0.0,0.0,0.0,19
0.10164112193672732,0.0,0.0,0.0,0.0,19
0.08565277655481378,0.0,0.0,0.0,0.0,19
0.05477391927691578,0.0,0.0,0.0,0.0,19
0.04743042572460827,0.0,0.0,0.0,0.0,19
0.03400633688591971,0.0,0.0,0.0,0.0,19
0.052847102660027456,0.0,0.0,0.0,0.0,19
0.036230023795547614,0.0,0.0,0.0,0.0,19
0.03886081336467624,0.0,0.0,0.0,0.0,19
0.05989780672407014,0.0,0.0,0.0,0.0,19
0.0583798048397498,0.0,0.0,0.0,0.0,19
0.04858455455403947,0.0,0.0,0.0,0.0,19
0.040290062704294013,0.0,0.0,0.0,0.0,19
0.044844390042246475,0.0,0.0,0.0,0.0,19
0.038593782272343294,0.0,0.0,0.0,0.0,19
0.04771243701608363,0.0,0.0,0.0,0.0,19
0.06426235776714896,0.0,0.0,0.0,0.0,19
0.04135507495595048,0.0,0.0,0.0,0.0,19
0.04837171053086718,0.0,0.0,0.0,0.0,19
0.08578443189231529,0.0,0.0,0.0,0.0,19
0.10205384102049826,0.0,0.13734918066418317,0.0,0.0,19
0.16929169393295546,0.0,0.5184912813556064,0.0,0.0,19
0.11250222783718145,0.050320523851070026,0.0,0.0,0.0,19
0.13721091855246773,0.0,0.0,0.0,0.0,19
0.11754002409146551,0.0,0.0,0.0,0.0,19
0.0669054430823548,0.0,0.0,0.0,0.0,19
0.06493523693171804,0.0,0.0,0.0,0.0,19
0.05040683724599228,0.0,0.0,0.0,0.0,19
0.036117279879564174,0.0,0.0,0.0,0.0,19
0.05078962430617423,0.0,0.0,0.0,0.0,19
0.04610446501084001,0.0,0.0,0.0,0.0,19
0.04120436324980552,0.0,0.0,0.0,0.0,19
0.038786583674885536,0.0,0.0,0.0,0.0,19
0.07363296130811368,0.0,0.0742138067376324,0.0,0.0,19
0.08254112923653109,0.0,0.0,0.0,0.0,19
0.17818098780237188,0.0,0.02738943128812729,0.0,0.0,19
0.04688380261015775,0.0,0.0,0.0,0.0,19
0.018391333153417212,0.0,0.0,0.0,0.0,19
0.05857292366173367,0.0,0.0,0.0,0.0,19
0.1303034585326192,0.0,0.0007505076688585355,0.0,0.0,19
0.11243823169929289,0.0,0.054346395901857816,0.0,0.0,19
0.11608828665126886,0.0,0.020203407756943847,0.0,0.0,19
0.12459628382935749,0.0,0.12245715416699392,0.0,0.0,19
0.0676131816399924,0.0,0.1211174133870085,0.0,0.0,19
0.15065475494605585,0.0,0.054992631854758334,0.0,0.0,19
0.16297858690926645,0.10491710122629935,0.0,0.0,0.0,19
0.1480225688133363,0.0,0.06775390478962881,0.0,0.0,19
0.1605233763715395,0.0,0.035166568770676254,0.0,0.0,19
0.10011800386490004,0.0,0.0,0.0,0.0,19
0.08196199940621593,0.0,0.0,0.0,0.0,19
0.06510281038606484,0.0,0.0,0.0,0.0,19
0.04930121479523253,0.0,0.0,0.0,0.0,19
0.044867669538102846,0.0,0.0,0.0,0.0,19
0.03586058085196539,0.0,0.0,0.0,0.0,19
0.04499967137810742,0.0,0.0,0.0,0.0,19
0.0355346349880926,0.0,0.0,0.0,0.0,19
0.04326684057789825,0.0,0.0,0.0,0.0,19
0.044319376572671335,0.0,0.0,0.0,0.0,19
0.03900885303644495,0.0,0.0,0.0,0.0,19
0.0673532921354412,0.0,0.0,0.0,0.0,19
0.0821246878508204,0.0,0.0,0.0,0.0,19
0.12270277531635533,0.0,0.0,0.0,0.0,19
0.08032162627130914,0.0,0.0,0.0,0.0,19
0.04034745217736377,0.0,0.0,0.0,0.0,19
0.0584315766755288,0.0,0.0,0.0,0.0,19
0.06735286008307881,0.0,0.0,0.0,0.0,19
0.08395158865847539,0.0,0.0,0.0,0.0,19
0.08500557717710878,0.0,0.0,0.0,0.0,19
0.17477693386508059,0.0,0.16213751283733202,0.0,0.0,19
0.12483253463715484,0.0,0.010203643859846415,0.0,0.0,19
0.20052824233082442,0.0325487412253366,0.0,0.0,0.0,19
0.1444849450778069,0.0,0.0,0.0,0.0,19
0.1458780305461815,0.0,0.12967517169517165,0.0,0.0,19
0.05376666858527161,0.0,0.0,0.0,0.0,19
0.04556809275991087,0.0,0.0,0.0,0.0,19
0.0404254074210505,0.0,0.0,0.0,0.0,19
0.04759022704107834,0.0,0.0,0.0,0.0,19
0.04903696288012434,0.0,0.0,0.0,0.0,19
0.03471954375938728,0.0,0.0,0.0,0.0,19
0.04633942091137202,0.0,0.0,0.0,0.0,19
0.04109383522173544,0.0,0.0,0.0,0.0,19
0.0526544517171697,0.0,0.0,0.0,0.0,19
0.04883583157558763,0.0,0.0,0.0,0.0,19
0.11113778918713627,0.0,0.0,0.0,0.0,19
0.13077787705623395,0.0,0.10587274543096206,0.0,0.0,19
0.08905104418029784,0.0,0.2888277293468711,0.0,0.0,19
0.19721905841778054,0.0,0.243672086465204,0.0,0.0,19
0.23460002097013488,0.0,0.207847263733277,0.0,0.0,19
0.17712686643524791,0.0,0.16864946050591414,0.0,0.0,19
0.07303342696963418,0.0,0.0,0.0,0.0,19
0.07018280094842051,0.0,0.0,0.0,0.0,19
0.06341731581095394,0.0,0.0,0.0,0.0,19
0.12800543026072947,0.0,0.684550579772156,0.0,0.0,19
0.24883648058920577,0.495274928597035,0.0,0.0,0.0,19
0.2738826818080984,0.0,0.02222818202309146,0.0,0.0,19
0.25088665596757237,0.0,0.06098993605806091,0.0,0.0,19
0.11908912964851952,0.0,0.0,0.0,0.0,19
0.07739948386249262,0.0,0.0,0.0,0.0,19
0.053260034796665745,0.0,0.0,0.0,0.0,19
0.061281804784986786,0.0,0.0,0.0,0.0,19
0.056313140170837876,0.0,0.0,0.0,0.0,19
0.057199195052698604,0.0,0.0,0.0,0.0,19
0.04350433202886464,0.0,0.0,0.0,0.0,19
0.052162243164141156,0.0,0.0,0.0,0.0,19
0.05513078066610211,0.0,0.0,0.0,0.0,19
0.05234806942353576,0.0,0.0,0.0,0.0,19
0.062481456145739286,0.0,0.0,0.0,0.0,19
0.11643550974439934,0.024557887253878113,0.0,0.0,0.0,19
0.10867499166794915,0.0,0.0733861885519891,0.0,0.0,19
0.12200458016278806,0.0,0.23494667537239436,0.0,0.0,19
0.1666805880336547,0.2946215653732964,0.0,0.0,0.0,19
0.15337751127057855,0.0,0.21612896477833052,0.0,0.0,19
0.22833562094243534,0.0,0.05719980938942357,0.0,0.0,19
0.17236178114639086,0.0,0.24872324084766753,0.0,0.0,19
0.13113114720983207,0.0,0.0,0.0,0.0,19
0.07347652391547363,0.0,0.0,0.0,0.0,19
0.15304560111535206,0.0,0.0,0.0,0.0,19
0.1583927877944687,0.0,0.1189421320366219,0.0,0.0,19
0.1884254608565872,0.0,0.596971406038519,0.0,0.0,19
0.0884064600816222,0.0,0.14730240491226101,0.0,0.0,20
0.1519708687938066,0.0,0.09712153071354002,0.0,0.0,20
0.13829860086109122,0.10579549270539174,0.0,0.0,0.0,20
0.10546256628119148,0.0,0.0,0.0,0.0,20
0.08924024047462477,0.0,0.0,0.0,0.0,20
0.1010113659632609,0.0,0.0,0.0,0.0,20
0.12481397677429842,0.0,0.0,0.0,0.0,20
0.09709362153501251,0.0,0.0,0.0,0.0,20
0.08968175843780957,0.0,0.0,0.0,0.0,20
0.11997174335132076,0.0,0.33765443961367836,0.0,0.0,20
0.14513276278324633,0.0,0.0,0.0,0.0,20
0.10375072838220391,0.0,0.0,0.0,0.0,20
0.05601837976377714,0.0,0.0,0.0,0.0,20
0.04942131797068055,0.0,0.0,0.0,0.0,20
0.042429803503302416,0.0,0.0,0.0,0.0,20
0.041449694023546535,0.008136164068678835,0.0,0.0,0.0,20
0.03450654195834057,0.0,0.0,0.0,0.0,20
0.05211137088570756,0.0,0.0,0.0,0.0,20
0.04926507764563241,0.0,0.0,0.0,0.0,20
0.03463508492168908,0.0,0.0,0.0,0.0,20
0.04611564442201677,0.0,0.0,0.0,0.0,20
0.03294038057385459,0.0,0.0,0.0,0.0,20
0.06011829501527037,0.0,0.0,0.0,0.0,20
0.08264437487894598,0.0,0.2336945138466372,0.0,0.0,20
0.14179054972514413,0.0,0.026861056734701988,0.0,0.0,20
0.1571078763569246,0.0,0.04598658244792911,0.0,0.0,20
0.03643791211963788,0.0,0.0,0.0,0.0,20
0.055042337133910206,0.0,0.0,0.0,0.0,20
0.03989221820572218,0.0,0.0,0.0,0.0,20
0.049951640045095606,0.0,0.0,0.0,0.0,20
0.035832557660499816,0.0,0.0,0.0,0.0,20
0.04900730436482432,0.0,0.0,0.0,0.0,20
0.04914925557977323,0.0,0.0,0.0,0.0,20
0.03743946027467343,0.0,0.0,0.0,0.0,20
0.05401903972466994,0.0,0.0,0.0,0.0,20
0.09967499426931402,0.0,0.0,0.0,0.0,20
0.05928895015966733,0.0,0.0,0.0,0.0,20
0.056194570768626384,0.0,0.0,0.0,0.0,20
0.04581255932809564,0.0,0.0,0.0,0.0,20
0.05006348851949661,0.0,0.0,0.0,0.0,20
0.04647543058477131,0.0,0.0,0.0,0.0,20
0.049228380314261876,0.0,0.0,0.0,0.0,20
0.04455547348999988,0.0,0.0,0.0,0.0,20
0.04304001055707303,0.0,0.0,0.0,0.0,20
0.061875658512862856,0.0,0.0,0.0,0.0,20
0.05652542149439239,0.0,0.0,0.0,0.0,20
0.04693657705212536,0.0,0.0,0.0,0.0,20
0.055358334326977746,0.0,0.0,0.0,0.0,20
0.06907078615975308,0.0,0.0,0.0,0.0,20
0.043490248994422095,0.0,0.0,0.0,0.0,20
0.05827846615869825,0.0,0.0,0.0,0.0,20
0.15709160172633396,0.0,0.01856064799511184,0.0,0.0,20
0.12047603558737928,0.0,0.13958361719542312,0.0,0.0,20
0.10280806771064642,0.0,0.0,0.0,0.0,20
0.08586201666035756,0.0,0.0,0.0,0.0,20
0.08660351173571572,0.0,0.0,0.0,0.0,20
0.13380183790642167,0.0,0.2707797953078549,0.0,0.0,20
0.1741294975293211,0.0,0.00018630857094231734,0.0,0.0,20
0.12121749078665059,0.0,0.0,0.0,0.0,20
0.13438761687682332,0.0,0.0,0.0,0.0,20
0.06732743945650095,0.0,0.0,0.0,0.0,20
0.08362173097380451,0.0,0.0,0.0,0.0,20
0.06255045646791733,0.0,0.0,0.0,0.0,20
0.038114574268802416,0.0,0.0,0.0,0.0,20
0.04400131850857493,0.0,0.0,0.0,0.0,20
0.048317233134605606,0.0,0.0,0.0,0.0,20
0.051886863783391655,0.0,0.0,0.0,0.0,20
0.033627942077859824,0.0,0.0,0.0,0.0,20
0.07389658247421522,0.0,0.0,0.0,0.0,20
0.058453469686074865,0.0,0.0,0.0,0.0,20
0.04831180071841083,0.0,0.0,0.0,0.0,20
0.043745668144327836,0.0,0.0,0.0,0.0,20
0.046566651028259055,0.0,0.0,0.0,0.0,20
0.04357985240628084,0.0,0.0,0.0,0.0,20
0.04511850140530859,0.0,0.0,0.0,0.0,20
0.052134012576259346,0.0,0.0,0.0,0.0,20
0.04031486040285542,0.0,0.0,0.0,0.0,20
0.04873746320450784,0.0,0.0,0.0,0.0,20
0.04834750158914293,0.0,0.0,0.0,0.0,20
0.06696788176763172,0.0,0.0,0.0,0.0,20
0.10898561883571718,0.0,0.03185671246753764,0.0,0.0,20
0.13051772715540635,0.0,0.0,0.0,0.0,20
0.11453738765503589,0.0,0.025525724431956207,0.0,0.0,20
0.11335766366742703,0.0,0.0,0.0,0.0,20
0.06524928910331605,0.0,0.0,0.0,0.0,20
0.05092818591042227,0.0,0.0,0.0,0.0,20
0.05247755899994804,0.0,0.0,0.0,0.0,20
0.03535992533265295,0.0,0.0,0.0,0.0,20
0.05227250690264507,0.0,0.0,0.0,0.0,20
0.05040580874834635,0.0,0.0,0.0,0.0,20
0.04197934451667406,0.0,0.0,0.0,0.0,20
0.039352623400309254,0.0,0.0,0.0,0.0,20
0.06939214189557437,0.0,0.0,0.0,0.0,20
0.08135662734982012,0.0828020991840835,0.0,0.0,0.0,20
0.08623335646425208,0.0,0.0,0.0,0.0,20
0.1356226044758595,0.07259137127557763,0.0,0.0,0.0,20
0.0604665050917283,0.0,0.0,0.0,0.0,20
0.05343788899270407,0.0,0.0,0.0,0.0,20
0.0372883285054833,0.0,0.0,0.0,0.0,20
0.04317346425472476,0.0,0.0,0.0,0.0,20
0.07851783091823172,0.0,0.0,0.0,0.0,20
0.08924855242095013,0.0,0.011180379123266512,0.0,0.0,20
0.09163144792198441,0.0,0.0,0.0,0.0,20
0.07116456828935612,0.0,0.0,0.0,0.0,20
0.0970792559964914,0.0,0.0034061763309590903,0.0,0.0,20
0.11456836336308877,0.0,0.0,0.0,0.0,20
0.08526885788562033,0.0,0.0,0.0,0.0,20
0.09606327861496748,0.0,0.0,0.0,0.0,20
0.06208767175701191,0.0,0.0,0.0,0.0,20
0.044816594465223326,0.0,0.0,0.0,0.0,20
0.042657217372653974,0.0,0.0,0.0,0.0,20
0.04472197629145579,0.0,0.0,0.0,0.0,20
0.047244138508235556,0.0,0.0,0.0,0.0,20
0.05261314298854082,0.0,0.0,0.0,0.0,20
0.03667337937138646,0.0,0.0,0.0,0.0,20
0.05195214240567153,0.0,0.0,0.0,0.0,20
0.05700378504705376,0.0,0.0,0.0,0.0,20
0.035299273760355784,0.0,0.0,0.0,0.0,20
0.04686119600274846,0.0,0.0,0.0,0.0,20
0.03747074110468528,0.0,0.0,0.0,0.0,20
0.030152381668538057,0.0,0.0,0.0,0.0,20
0.05483615088329311,0.0,0.0,0.0,0.0,20
0.036268559511093645,0.0,0.0,0.0,0.0,20
0.029436179656203144,0.0,0.0,0.0,0.0,20
0.051201040947252106,0.0,0.0,0.0,0.0,20
0.05360931004848207,0.0,0.0,0.0,0.0,20
0.06336751602985229,0.0,0.0,0.0,0.0,20
0.1389875724973663,0.0,0.02363753506423036,0.0,0.0,20
0.13035842759329827,0.1734776014258099,0.0,0.0,0.0,20
0.10418973096812693,0.0,0.0,0.0,0.0,20
0.15857160661467357,0.0,0.03720975512156191,0.0,0.0,20
0.1210459897564962,0.0,0.0,0.0,0.0,20
0.07621747074074524,0.0,0.0,0.0,0.0,20
0.051187578623211195,0.0,0.0,0.0,0.0,20
0.047406892150519755,0.0,0.0,0.0,0.0,20
0.04672028539041284,0.0,0.0,0.0,0.0,20
0.03860974442643872,0.0,0.0,0.0,0.0,20
0.060486026797199645,0.0,0.0,0.0,0.0,20
0.056059382024844506,0.0,0.0,0.0,0.0,20
0.03928700123029431,0.0,0.0,0.0,0.0,20
0.05099078312465542,0.0,0.0,0.0,0.0,20
0.07407635284927665,0.1144160252519874,0.0,0.0,0.0,20
0.0909250910118906,0.0,0.1911662962412386,0.0,0.0,20
0.15396159980475982,0.0,0.41316171265264806,0.0,0.0,20
0.10759268032749955,0.0,0.0,0.0,0.0,20
0.06917180859411326,0.0,0.0,0.0,0.0,20
0.14237906608727266,0.0,0.3320815958793585,0.0,0.0,20
0.14636350836727552,0.3262473582460449,0.0,0.0,0.0,20
0.20780795849647218,0.1956848517817267,0.0,0.0,0.0,20
0.22292104670115417,0.0,0.33636018017601454,0.0,0.0,20
0.2090383819476686,0.0,0.1194642768590044,0.0,0.0,20
0.19854190798964588,0.0,0.3610976379366433,0.0,0.0,20
0.2294855240866517,0.0,0.11824532453612327,0.0,0.0,20
0.2653020554676838,0.0,0.22285864941314948,0.0,0.0,20
0.23877052460918455,0.0,0.1045011827686064,0.0,0.0,20
0.1386118049206247,0.018537581932958513,0.0,0.0,0.0,20
0.06399738354595928,0.0,0.0,0.0,0.0,20
0.05138760348588218,0.0,0.0,0.0,0.0,20
0.054220645732285175,0.0,0.0,0.0,0.0,20
0.04744181723852371,0.0,0.0,0.0,0.0,20
0.0752421874218885,0.0,0.0,0.0,0.0,20
0.05784336493574631,0.0,0.0,0.0,0.0,20
0.053076618433069225,0.0,0.0,0.0,0.0,20
0.06136724788662488,0.0,0.0,0.0,0.0,20
0.04734472112768335,0.0,0.0,0.0,0.0,20
0.062308961887461885,0.0,0.0,0.0,0.0,20
0.12252127518943547,0.0,0.015702897998866025,0.0,0.0,20
0.1488512770964006,0.03187597826218885,0.0,0.0,0.0,20
0.1348073401482463,0.0,0.016112257574214334,0.0,0.0,20
0.09950156839076232,0.10778385834948312,0.0,0.0,0.0,20
0.12067740090849256,0.0,0.0,0.0,0.0,20
0.10572548267006865,0.03684763615520817,0.0,0.0,0.0,20
0.15499291973667248,0.0,0.0,0.0,0.0,20
0.13094436255193087,0.0,0.0,0.0,0.0,20
0.14076351353849642,0.0,0.004372668001331015,0.0,0.0,20
0.12574652434966266,0.026851866784441958,0.0,0.0,0.0,20
0.15393405747557568,0.0,0.23733390495960136,0.0,0.0,20
0.18422063786548315,0.0,0.10803362326728211,0.0,0.0,20
0.10651026182495879,0.0,0.0,0.0,0.0,20
0.10241846226581826,0.0,0.0,0.0,0.0,20
0.08431049406402277,0.0,0.0,0.0,0.0,20
0.06333162112304005,0.0,0.0,0.0,0.0,20
0.037783447510957066,0.0,0.0,0.0,0.0,20
0.04447752498113657,0.0,0.0,0.0,0.0,20
0.045825399418174394,0.0,0.0,0.0,0.0,20
0.043619905983647095,0.0,0.0,0.0,0.0,20
0.019964886919363208,0.0,0.0,0.0,0.0,20
0.03504357850073896,0.0,0.0,0.0,0.0,20
0.041517004414481376,0.0,0.0,0.0,0.0,20
0.03905008605244188,0.0,0.0,0.0,0.0,20
0.08438116828094154,0.0,0.029032278293184097,0.0,0.0,20
0.17141204890396133,0.0,0.02211943457638288,0.0,0.0,20
0.12491921592747403,0.0,0.0,0.0,0.0,20
0.1385737961248848,0.0,0.0,0.0,0.0,20
0.09373137007132644,0.0,0.03310791023770114,0.0,0.0,20
0.1251066196631306,0.0,0.0,0.0,0.0,20
0.12927866789261366,0.0,0.06273924545246179,0.0,0.0,20
0.09684479806809573,0.0,0.0,0.0,0.0,20
0.10073363260766796,0.0,0.0,0.0,0.0,20
0.12294555518346388,0.0,0.06735234119283458,0.0,0.0,20
0.1698103651276033,0.15909153382915645,0.0,0.0,0.0,20
0.11789977633991934,0.0,0.0,0.0,0.0,20
0.11948294954399598,0.0,0.0,0.0,0.0,20
0.1190821089415879,0.0,0.23848789399741588,0.0,0.0,20
0.2072657946047591,0.0,0.13834408788822009,0.0,0.0,20
0.11223528953364185,0.0,0.0,0.0,0.0,20
0.09265074526361004,0.0,0.0,0.0,0.0,20
0.051930078767136886,0.0,0.0,0.0,0.0,20
0.042975028635667246,0.0,0.0,0.0,0.0,20
0.04819735219637898,0.0,0.0,0.0,0.0,20
0.042832835956268314,0.0,0.0,0.0,0.0,20
0.04414700945529783,0.0,0.0,0.0,0.0,20
0.036008178106296806,0.0,0.0,0.0,0.0,20
0.04325383583265892,0.0,0.0,0.0,0.0,20
0.05545480012561325,0.0,0.0,0.0,0.0,20
0.10073860383332046,0.0,0.0,0.0,0.0,20
0.07251408823807605,0.0,0.0,0.0,0.0,20
0.11735359097966723,0.0,0.0881079674298116,0.0,0.0,20
0.13024421866471372,0.0,0.0,0.0,0.0,20
0.12414381742105414,0.0,0.17111520666498403,0.0,0.0,20
0.1246908468038232,0.0,0.3010277567535684,0.0,0.0,20
0.09602277091575365,0.0,0.0,0.0,0.0,20
0.09361179971349527,0.0,0.034435015932891236,0.0,0.0,20
0.09424159968027586,0.0,0.0,0.0,0.0,20
0.14348714152806236,0.0,0.2021183382571239,0.0,0.0,20
0.16493467776010265,0.0,0.025331729661100783,0.0,0.0,20
0.1161413563546355,0.0,0.00799060603145256,0.0,0.0,20
0.12163305069500438,0.0,0.0021146188431636764,0.0,0.0,20
0.07775340450662444,0.0,0.0,0.0,0.0,20
0.03337205376629111,0.0,0.0,0.0,0.0,20
0.05196010394885459,0.0,0.0,0.0,0.0,20
0.03094434639604923,0.0,0.0,0.0,0.0,20
0.046859510907109346,0.0,0.0,0.0,0.0,20
0.03376370982756683,0.0,0.0,0.0,0.0,20
0.04272991832741522,0.0,0.0,0.0,0.0,20
0.0396569861683144,0.0,0.0,0.0,0.0,20
0.03992796023281745,0.0,0.0,0.0,0.0,20
0.05608306807753658,0.0,0.0,0.0,0.0,20
0.05527939994294567,0.0,0.0,0.0,0.0,20
0.04711251432335105,0.0,0.0,0.0,0.0,20
0.039711039648165664,0.0,0.0,0.0,0.0,20
0.04107564531118406,0.0,0.0,0.0,0.0,20
0.04209888779660263,0.0,0.0,0.0,0.0,20
0.0399096119620331,0.0,0.0,0.0,0.0,20
0.023866455992235767,0.0,0.0,0.0,0.0,20
0.044476316130772825,0.0,0.0,0.0,0.0,20
0.03468720747734283,0.0,0.0,0.0,0.0,20
0.06765067115965269,0.0,0.0,0.0,0.0,20
0.1102052330797108,0.0,0.0825970857227981,0.0,0.0,20
0.1091601829319579,0.0,0.0,0.0,0.0,20
0.12692347719838126,0.0,0.041628837467236834,0.0,0.0,20
0.13130213771581928,0.017533748686882844,0.0,0.0,0.0,20
0.06557604193303235,0.0,0.0,0.0,0.0,20
0.032815839945594366,0.0,0.0,0.0,0.0,20
0.03941146828769611,0.0,0.0,0.0,0.0,20
0.04320938440089554,0.0,0.0,0.0,0.0,20
0.04433196898414129,0.0,0.0,0.0,0.0,20
0.043279824933113706,0.0,0.0,0.0,0.0,20
0.03968326753651937,0.0,0.0,0.0,0.0,20
0.04332413926761222,0.0,0.0,0.0,0.0,20
0.06119786030484792,0.0,0.0,0.0,0.0,20
0.08703490949169417,0.0,0.0,0.0,0.0,20
0.049528851103873256,0.0,0.0,0.0,0.0,20
0.058142433665266065,0.0,0.0,0.0,0.0,20
0.06177708979155008,0.0,0.0,0.0,0.0,20
0.05076893230998017,0.0,0.0,0.0,0.0,20
0.06752404129031936,0.0,0.0,0.0,0.0,20
0.04946228917891267,0.0,0.0,0.0,0.0,20
0.10748969000278662,0.0,0.0,0.0,0.0,20
0.07954502634950265,0.0,0.0,0.0,0.0,20
0.10092290379861678,0.0,0.0,0.0,0.0,20
0.1206911292038885,0.0,0.02383282389998645,0.0,0.0,20
0.10791505120603724,0.056135965055488665,0.0,0.0,0.0,20
0.14059384005139666,0.0,0.11466619842456785,0.0,0.0,20
0.0789522520993452,0.0,0.1298447302799843,0.0,0.0,20
0.14964529995661868,0.0,0.23024430083775033,0.0,0.0,20
0.09141890100835512,0.0,0.0,0.0,0.0,20
0.04032487050643986,0.0,0.0,0.0,0.0,20
0.05926817826004148,0.0,0.0,0.0,0.0,20
0.04146592527454262,0.0,0.0,0.0,0.0,20
0.03617755473640742,0.0,0.0,0.0,0.0,20
0.04061741933540214,0.0,0.0,0.0,0.0,20
0.04184689472727607,0.0,0.0,0.0,0.0,20
0.045648824204873185,0.0,0.0,0.0,0.0,20
0.04090136789303462,0.0,0.0,0.0,0.0,20
0.0529582669058121,0.0,0.0,0.0,0.0,20
0.03713180489516304,0.0,0.0,0.0,0.0,20
0.03774030412932306,0.0,0.0,0.0,0.0,20
0.014240698529951011,0.0,0.0,0.0,0.0,20
0.045280740997106855,0.0,0.0,0.0,0.0,20
0.03997879424380909,0.0,0.0,0.0,0.0,20
0.048237192347687696,0.0,0.0,0.0,0.0,20
0.03077453408787902,0.0,0.0,0.0,0.0,20
0.053633705139399974,0.0,0.0,0.0,0.0,20
0.08747636191632059,0.0,0.0,0.0,0.0,20
0.10441779555060345,0.0,0.016004224513178872,0.0,0.0,20
0.1466861055709041,0.0,0.23714159719366001,0.0,0.0,20
0.14767288703895384,0.0,0.01044963393082085,0.0,0.0,20
0.12123933079295734,0.0,0.0,0.0,0.0,20
0.11725812249656047,0.0,0.0,0.0,0.0,20
0.07206972358316133,0.0,0.0,0.0,0.0,20
0.039036024340817495,0.0,0.0,0.0,0.0,20
0.050233708776104745,0.0,0.0,0.0,0.0,20
0.03521638523433025,0.0,0.0,0.0,0.0,20
0.04819495390168742,0.0,0.0,0.0,0.0,20
0.016552504116813343,0.0,0.0,0.0,0.0,20
0.05324665894796928,0.0,0.0,0.0,0.0,20
0.04422067069461367,0.0,0.0,0.0,0.0,20
0.057764999382938366,0.0,0.0,0.0,0.0,20
0.07151861378221334,0.0,0.0,0.0,0.0,20
0.07743540076277886,0.0,0.0,0.0,0.0,20
0.13099171100186693,0.0,0.0,0.0,0.0,20
0.06773670118245881,0.0,0.0,0.0,0.0,20
0.08453808836629575,0.0,0.0,0.0,0.0,20
0.07259304659680926,0.0,0.0,0.0,0.0,20
0.07806060890943355,0.0,0.0,0.0,0.0,20
0.05599230826857205,0.0,0.0,0.0,0.0,20
0.054441202184129615,0.0,0.0,0.0,0.0,20
0.027864739706928376,0.0,0.0,0.0,0.0,20
0.030099428622264144,0.0,0.0,0.0,0.0,20
0.0807904867988841,0.0,0.0,0.0,0.0,20
0.08153358051555003,0.0,0.0,0.0,0.0,20
0.06324725158513445,0.0,0.0,0.0,0.0,20
0.07574999495475121,0.0,0.0,0.0,0.0,20
0.07358295730447277,0.0,0.0,0.0,0.0,20
0.04301529406722706,0.0,0.0,0.0,0.0,20
0.03394639030074987,0.0,0.0,0.0,0.0,20
0.035883707725730934,0.0,0.0,0.0,0.0,20
0.04300375103027406,0.0,0.0,0.0,0.0,20
0.05399495517003669,0.0,0.0,0.0,0.0,20
0.03696464485494668,0.0,0.0,0.0,0.0,20
0.04493419015724839,0.0,0.0,0.0,0.0,20
0.04458700519183381,0.0,0.0,0.0,0.0,20
0.05255529701073672,0.0,0.0,0.0,0.0,20
0.05032434071253237,0.0,0.0,0.0,0.0,20
0.16327246617378308,0.0,0.1511953222692626,0.0,0.0,20
0.12281274719798346,0.0,0.4183804340206077,0.0,0.0,20
0.2090348672599251,0.0,0.42709248620822743,0.0,0.0,20
0.15691742026849057,0.44209095936269094,0.0,0.0,0.0,20
0.25584577117804785,0.0,0.1611079268126483,0.0,0.0,20
0.19566434326305873,0.0,0.3927846631189058,0.0,0.0,20
0.18330023432449283,0.0,0.26473675322966667,0.0,0.0,20
0.31550780885555674,0.0,0.1938428001184631,0.0,0.0,20
0.13529269348405726,0.0,0.0,0.0,0.0,20
0.10322912397367145,0.0,0.0,0.0,0.0,20
0.14929742594455986,0.0,0.030714525530942893,0.0,0.0,20
0.1526769999763,0.0,0.0,0.0,0.0,20
0.10747393616600875,0.0,0.0,0.0,0.0,20
0.17031748791047172,0.0,0.0,0.0,0.0,20
0.0739379657982358,0.0,0.0,0.0,0.0,20
0.1716472705319926,0.0,0.014789699855305122,0.0,0.0,20
0.055851093567419276,0.0,0.0,0.0,0.0,20
0.05066917970781722,0.0,0.0,0.0,0.0,20
0.04315657964236024,0.0,0.0,0.0,0.0,20
0.039511535663667975,0.0,0.0,0.0,0.0,20
0.04983889202962224,0.0,0.0,0.0,0.0,20
0.03366672574501416,0.0,0.0,0.0,0.0,20
0.05606582462995324,0.0,0.0,0.0,0.0,20
0.051373606022843944,0.0,0.0,0.0,0.0,20
0.11981379096839401,0.2026203478604946,0.0,0.0,0.0,20
0.1096814184495455,0.0,0.02922739789824154,0.0,0.0,20
0.12410293527260462,0.0,0.19265143946318652,0.0,0.0,20
0.14078241870843544,0.0,0.43916852011220153,0.0,0.0,20
0.1480165159842399,0.0,0.0,0.0,0.0,20
0.1401094753415719,0.0,0.0,0.0,0.0,20
0.12761919835777877,0.0,0.0,0.0,0.0,20
0.11421005027981025,0.0,0.0,0.0,0.0,20
0.09651494599308601,0.0,0.0,0.0,0.0,20
0.18766217131087742,0.0,0.2862340066950734,0.0,0.0,20
0.1395549993935881,0.0,0.0,0.0,0.0,20
0.1100748472739652,0.0,0.012810725114507884,0.0,0.0,20
0.13017945695559152,0.0,0.012621104347084439,0.0,0.0,20
0.11473523368612341,0.0,0.0,0.0,0.0,20
0.10621857714762956,0.0,0.0,0.0,0.0,20
0.05115616172882047,0.0,0.0,0.0,0.0,20
0.05244858213887023,0.0,0.0,0.0,0.0,20
0.03868022267728278,0.0,0.0,0.0,0.0,20
0.057093473943262286,0.0,0.0,0.0,0.0,20
0.03922936256873455,0.0,0.0,0.0,0.0,20
0.04073901840333029,0.0,0.0,0.0,0.0,20
0.06346327354153487,0.0,0.0,0.0,0.0,20
0.06684799313237191,0.0,0.0,0.0,0.0,20
0.0381448525155284,0.0,0.0,0.0,0.0,20
0.04174601305613655,0.0,0.0,0.0,0.0,20
0.04592854402402448,0.0,0.0,0.0,0.0,20
0.04004187355386859,0.0,0.0,0.0,0.0,20
0.05024474117336965,0.0,0.0,0.0,0.0,20
0.05780709116784994,0.0,0.0,0.0,0.0,20
0.04992058949204128,0.0,0.0,0.0,0.0,20
0.05383500486404209,0.0,0.0,0.0,0.0,20
0.09115588383245445,0.0,0.0,0.0,0.0,20
0.16007193618158835,0.0,0.0,0.0,0.0,20
0.1496698407275151,0.0,0.568644421108276,0.0,0.0,20
0.20572082527996682,0.0,0.0,0.0,0.0,20
0.13037087426747493,0.0,0.0,0.0,0.0,20
0.13281649457663722,0.0,0.0,0.0,0.0,20
0.07842271074238048,0.0,0.0,0.0,0.0,20
0.06588769884038433,0.0,0.0,0.0,0.0,20
0.060394189591674974,0.0,0.0,0.0,0.0,20
0.038745763316497275,0.0,0.0,0.0,0.0,20
0.038920261812724004,0.0,0.0,0.0,0.0,20
0.051975306259092954,0.0,0.0,0.0,0.0,20
0.04584256951466175,0.0,0.0,0.0,0.0,20
0.049423896533233126,0.0,0.0,0.0,0.0,20
0.11433978071845628,0.0,0.0,0.0,0.0,20
0.06562766008329264,0.0,0.0,0.0,0.0,20
0.09954517597723632,0.0,0.13071818877905844,0.0,0.0,20
0.055362814583684576,0.0,0.0,0.0,0.0,20
0.02001998210065464,0.0,0.0,0.0,0.0,20
0.06129535795193774,0.0,0.0,0.0,0.0,20
0.11457061980617139,0.0,0.00672728014444704,0.0,0.0,20
0.14892050805101606,0.0,0.07300986343998112,0.0,0.0,20
0.14579469056965258,0.0,0.0008001098528368222,0.0,0.0,20
0.19287358343478808,0.0,0.031063300238036023,0.0,0.0,20
0.11279063661853389,0.0,0.07378253750978328,0.0,0.0,20
0.10582174131018508,0.0,0.0988574670722527,0.0,0.0,20
0.13249983476284022,0.1430849430535171,0.0,0.0,0.0,20
0.1711323868798779,0.0,0.0,0.0,0.0,20
0.15071890131864688,0.0,0.0070010295390759425,0.0,0.0,20
0.1113925530104704,0.0,0.0,0.0,0.0,20
0.08079903017959132,0.0,0.0,0.0,0.0,20
0.06049339861477936,0.0,0.0,0.0,0.0,20
0.0615019600465462,0.0,0.0,0.0,0.0,20
0.04055816954707672,0.0,0.0,0.0,0.0,20
0.038842821145660476,0.0,0.0,0.0,0.0,20
0.04889702731927382,0.0,0.0,0.0,0.0,20
0.031547082432394034,0.0,0.0,0.0,0.0,20
0.038459156041026274,0.0,0.0,0.0,0.0,20
0.05087018698589395,0.0,0.0,0.0,0.0,20
0.04634715407321218,0.0,0.0,0.0,0.0,20
0.06434679683039428,0.0,0.0,0.0,0.0,20
0.07655275211780584,0.0,0.0,0.0,0.0,20
0.10010454032910254,0.0,0.0,0.0,0.0,20
0.07400106530291814,0.0,0.0,0.0,0.0,20
0.03727985199715994,0.0,0.0,0.0,0.0,20
0.055331085189290315,0.0,0.0,0.0,0.0,20
0.07571079551152435,0.0,0.0,0.0,0.0,20
0.08313927484500773,0.0,0.0,0.0,0.0,20
0.08148215794369945,0.0,0.0,0.0,0.0,20
0.061554815755153064,0.0,0.28224620677051937,0.0,0.0,20
0.12182481952181397,0.0,0.03888743817960873,0.0,0.0,20
0.17112121883117312,0.03732718569262258,0.0,0.0,0.0,20
0.14062644800753343,0.0,0.0,0.0,0.0,20
0.17873954653644852,0.0,0.07505726119015022,0.0,0.0,20
0.045634109072819236,0.0,0.0,0.0,0.0,20
0.04115237486145664,0.0,0.0,0.0,0.0,20
0.038369909569008605,0.0,0.0,0.0,0.0,20
0.04118314365978866,0.0,0.0,0.0,0.0,20
0.05166038561366215,0.0,0.0,0.0,0.0,20
0.03625615305284383,0.0,0.0,0.0,0.0,20
0.0427987220172617,0.0,0.0,0.0,0.0,20
0.028919419837195915,0.0,0.0,0.0,0.0,20
0.05782142852224044,0.0,0.0,0.0,0.0,20
0.06401907949845027,0.0,0.0,0.0,0.0,20
0.09443422088670068,0.0,0.03264566074800869,0.0,0.0,20
0.10342896705523173,0.0,0.1435618715404708,0.0,0.0,20
0.1374928445074476,0.0,0.3132576414543232,0.0,0.0,20
0.18778770167333908,0.0,0.21717058712023873,0.0,0.0,20
0.23215509340912013,0.0,0.09256206542525122,0.0,0.0,20
0.21666248614197325,0.0,0.18029197253820733,0.0,0.0,20
0.07694334768774737,0.0,0.0,0.0,0.0,20
0.06632834652540485,0.0,0.0,0.0,0.0,20
0.057686532874574,0.0,0.0,0.0,0.0,20
0.0459816700100906,0.0,0.7630108515371803,0.0,0.0,20
0.27567620939179904,0.47488491842803826,0.0,0.0,0.0,20
0.32699225653799935,0.0,0.009638168125604252,0.0,0.0,20
0.27745589905037543,0.0,0.03935642817159152,0.0,0.0,20
0.10947807461268935,0.0,0.0,0.0,0.0,20
0.08785898981993462,0.0,0.0,0.0,0.0,20
0.06708339882678485,0.0,0.0,0.0,0.0,20
0.07236390910257723,0.0,0.0,0.0,0.0,20
0.05448713110800057,0.0,0.0,0.0,0.0,20
0.059992118620347486,0.0,0.0,0.0,0.0,20
0.03215581377873538,0.0,0.0,0.0,0.0,20
0.05511015170871052,0.0,0.0,0.0,0.0,20
0.04711877948502992,0.0,0.0,0.0,0.0,20
0.04844239016359615,0.0,0.0,0.0,0.0,20
0.06580513433646115,0.0,0.0,0.0,0.0,20
0.1061053261220723,0.03429011465170073,0.0,0.0,0.0,20
0.1495191835057085,0.0,0.07129751034862569,0.0,0.0,20
0.16277019353099423,0.0,0.24223433769073657,0.0,0.0,20
0.1927735674511719,0.16549254947582498,0.0,0.0,0.0,20
0.22475975768276296,0.0,0.28611561586182394,0.0,0.0,20
0.2557419951753762,0.0,0.00796580915232692,0.0,0.0,20
0.1784856054212878,0.0,0.2635118881748437,0.0,0.0,20
0.1226918909692717,0.0,0.0,0.0,0.0,20
0.08672230729834197,0.0,0.0,0.0,0.0,20
0.11516068868040938,0.0,0.07239669368573601,0.0,0.0,20
0.11130354740251427,0.0,0.1522415714325772,0.0,0.0,20
0.11462492957924227,0.0,0.6500512898369607,0.0,0.0,20
0.17832823497804268,0.0,0.030756198917166966,0.0,0.0,21
0.12715342754747722,0.0,0.154584396935248,0.0,0.0,21
0.12457124594327164,0.12503353572917425,0.0,0.0,0.0,21
0.1031868092398153,0.0,0.0,0.0,0.0,21
0.07781610490222236,0.0,0.0,0.0,0.0,21
0.09936611136892287,0.0,0.0,0.0,0.0,21
0.1154075822761124,0.0,0.0,0.0,0.0,21
0.1099882729615071,0.0,0.0011780240507168471,0.0,0.0,21
0.0890443576172095,0.0,0.0,0.0,0.0,21
0.12971750277278624,0.0,0.2934851395466638,0.0,0.0,21
0.09996736301289527,0.0,0.06794096883329537,0.0,0.0,21
0.11754349920423222,0.0,0.0,0.0,0.0,21
0.050678568492312163,0.0,0.0,0.0,0.0,21
0.051180279517925274,0.0,0.0,0.0,0.0,21
0.048758912791648304,0.0,0.0,0.0,0.0,21
0.057610164616454705,0.0,0.0,0.0,0.0,21
0.04178961016914769,0.0,0.0,0.0,0.0,21
0.04686775041578444,0.0,0.0,0.0,0.0,21
0.050143015483701855,0.0,0.0,0.0,0.0,21
0.03201953075770407,0.0,0.0,0.0,0.0,21
0.05075807367721783,0.0,0.0,0.0,0.0,21
0.03408682345761746,0.0,0.0,0.0,0.0,21
0.05675113041718864,0.0,0.0,0.0,0.0,21
0.12731774744366497,0.0,0.12027634184367864,0.0,0.0,21
0.12340592788990319,0.0,0.08659139761232708,0.0,0.0,21
0.18109292272822688,0.0,0.0,0.0,0.0,21
0.03307767266105173,0.0,0.0,0.0,0.0,21
0.047430580891222394,0.0,0.0,0.0,0.0,21
0.059626466135923796,0.0,0.0,0.0,0.0,21
0.037746569038871976,0.0,0.0,0.0,0.0,21
0.03797771134726164,0.0,0.0,0.0,0.0,21
0.04133073194521481,0.0,0.0,0.0,0.0,21
0.05557669460884513,0.0,0.0,0.0,0.0,21
0.04040575095355597,0.0,0.0,0.0,0.0,21
0.055612727850251564,0.0,0.0,0.0,0.0,21
0.09411579892633008,0.0,0.0,0.0,0.0,21
0.061820689314824304,0.0,0.0,0.0,0.0,21
0.05175579195916962,0.0,0.0,0.0,0.0,21
0.0405221609187809,0.0,0.0,0.0,0.0,21
0.04431763265035704,0.0,0.0,0.0,0.0,21
0.049323823629048046,0.0,0.0,0.0,0.0,21
0.046024571404278,0.0,0.0,0.0,0.0,21
0.034947840534814506,0.0,0.0,0.0,0.0,21
0.05388054341987414,0.0,0.0,0.0,0.0,21
0.07552619932463492,0.0,0.0,0.0,0.0,21
0.04398981064087982,0.0,0.0,0.0,0.0,21
0.05459028174184925,0.0,0.0,0.0,0.0,21
0.056700557625371795,0.0,0.0,0.0,0.0,21
0.06211121724403961,0.0,0.0,0.0,0.0,21
0.04422168125892183,0.0,0.0,0.0,0.0,21
0.05796374953388976,0.0,0.0,0.0,0.0,21
0.08512622511869199,0.0,0.08551642181519752,0.0,0.0,21
0.12368619991633173,0.0,0.14146835776840183,0.0,0.0,21
0.09807641813229506,0.0,0.0,0.0,0.0,21
0.06412912034121818,0.0,0.0,0.0,0.0,21
0.08603520690619612,0.0,0.0,0.0,0.0,21
0.16213304016936236,0.0,0.22294551227141296,0.0,0.0,21
0.15287290054264863,0.0,0.0,0.0,0.0,21
0.12018693342792512,0.0,0.01985296714214292,0.0,0.0,21
0.09954360096250654,0.0,0.0,0.0,0.0,21
0.08561220778558698,0.0,0.0,0.0,0.0,21
0.08078411944895668,0.0,0.0,0.0,0.0,21
0.051157748933140734,0.0,0.0,0.0,0.0,21
0.04015293885135936,0.0,0.0,0.0,0.0,21
0.04890017739470918,0.0,0.0,0.0,0.0,21
0.04987015031817524,0.0,0.0,0.0,0.0,21
0.0580337576289404,0.0,0.0,0.0,0.0,21
0.03646476244012325,0.0,0.0,0.0,0.0,21
0.08359581894400668,0.0,0.0,0.0,0.0,21
0.05229097967556614,0.0,0.0,0.0,0.0,21
0.048150806769631765,0.0,0.0,0.0,0.0,21
0.0570793166316502,0.0,0.0,0.0,0.0,21
0.04399100552217516,0.0,0.0,0.0,0.0,21
0.03807134798528013,0.0,0.0,0.0,0.0,21
0.048617437308893306,0.0,0.0,0.0,0.0,21
0.05826195098999301,0.0,0.0,0.0,0.0,21
0.03981239516973664,0.0,0.0,0.0,0.0,21
0.04292368504459491,0.0,0.0,0.0,0.0,21
0.03979128785167825,0.0,0.0,0.0,0.0,21
0.0575156221012534,0.0,0.0,0.0,0.0,21
0.0794867755020177,0.0,0.10695999723634063,0.0,0.0,21
0.11651980823659522,0.0,0.0,0.0,0.0,21
0.11537136501729922,0.0,0.0,0.0,0.0,21
0.10602168654269749,0.0,0.0,0.0,0.0,21
0.06476082224676538,0.0,0.0,0.0,0.0,21
0.055679556648494284,0.0,0.0,0.0,0.0,21
0.05070580846118967,0.0,0.0,0.0,0.0,21
0.04253482207156958,0.0,0.0,0.0,0.0,21
0.048989466496152836,0.0,0.0,0.0,0.0,21
0.045822515222538246,0.0,0.0,0.0,0.0,21
0.03975704746229012,0.0,0.0,0.0,0.0,21
0.041969136818205424,0.0,0.0,0.0,0.0,21
0.0799241608841436,0.0,0.0,0.0,0.0,21
0.12755861735738264,0.0,0.0,0.0,0.0,21
0.07485014164401514,0.0,0.0,0.0,0.0,21
0.10421493618617302,0.09955914207099854,0.0,0.0,0.0,21
0.06847517607600712,0.0,0.0,0.0,0.0,21
0.060090514745528296,0.0,0.0,0.0,0.0,21
0.04853055859122852,0.0,0.0,0.0,0.0,21
0.046369120878770584,0.0,0.0,0.0,0.0,21
0.08238286128440439,0.0,0.0,0.0,0.0,21
0.08482253873379302,0.0,0.0016956524103817067,0.0,0.0,21
0.07045895597036932,0.0,0.0,0.0,0.0,21
0.08788538799158999,0.0,0.0,0.0,0.0,21
0.10879984074211162,0.0,0.0,0.0,0.0,21
0.11599254623133132,0.0,0.006520913704977066,0.0,0.0,21
0.09459859084363341,0.0,0.02357716656325777,0.0,0.0,21
0.08359147789717859,0.0,0.0,0.0,0.0,21
0.05994668411080744,0.0,0.0,0.0,0.0,21
0.043237650911879935,0.0,0.0,0.0,0.0,21
0.04808799135360794,0.0,0.0,0.0,0.0,21
0.054416089285404576,0.0,0.0,0.0,0.0,21
0.051987731709223536,0.0,0.0,0.0,0.0,21
0.04798893970981686,0.0,0.0,0.0,0.0,21
0.03697870864732276,0.0,0.0,0.0,0.0,21
0.03634204504690198,0.0,0.0,0.0,0.0,21
0.052747747537149045,0.0,0.0,0.0,0.0,21
0.035059060615244345,0.0,0.0,0.0,0.0,21
0.04777156217387206,0.0,0.0,0.0,0.0,21
0.03489366365595596,0.0,0.0,0.0,0.0,21
0.03613844875491065,0.0,0.0,0.0,0.0,21
0.058481611537568846,0.0,0.0,0.0,0.0,21
0.034661444923880944,0.0,0.0,0.0,0.0,21
0.05000004563886114,0.0,0.0,0.0,0.0,21
0.052391291614718956,0.0,0.0,0.0,0.0,21
0.0440787616791099,0.0,0.0,0.0,0.0,21
0.06394698702617575,0.0,0.0,0.0,0.0,21
0.09584976559056378,0.0,0.0873018231142176,0.0,0.0,21
0.17484667673248572,0.10083192214857667,0.0,0.0,0.0,21
0.12413364266373264,0.0,0.0,0.0,0.0,21
0.1384242007636056,0.0,0.05756651019971251,0.0,0.0,21
0.1165340830918236,0.0,0.0,0.0,0.0,21
0.08482119225534988,0.0,0.0,0.0,0.0,21
0.04901772639382772,0.0,0.0,0.0,0.0,21
0.04952601875254753,0.0,0.0,0.0,0.0,21
0.05096974736585033,0.0,0.0,0.0,0.0,21
0.04108851092686438,0.0,0.0,0.0,0.0,21
0.05224001749943914,0.0,0.0,0.0,0.0,21
0.05557467264718438,0.0,0.0,0.0,0.0,21
0.03398680553701275,0.0,0.0,0.0,0.0,21
0.05725137032649375,0.0,0.00606081323150983,0.0,0.0,21
0.10588072394612193,0.11931422996598802,0.0,0.0,0.0,21
0.12561685351004825,0.0,0.12099289479993422,0.0,0.0,21
0.11145142818403955,0.0,0.41048049563263844,0.0,0.0,21
0.13349342270139003,0.0,0.0,0.0,0.0,21
0.07483333246622527,0.0,0.0,0.0,0.0,21
0.16065191753895602,0.0,0.3759736473934724,0.0,0.0,21
0.21264679018698687,0.312632260154483,0.0,0.0,0.0,21
0.1830706217358188,0.1727683844333532,0.0,0.0,0.0,21
0.16436882845330908,0.0,0.3317145631030025,0.0,0.0,21
0.22520621517969563,0.0,0.07615945854581163,0.0,0.0,21
0.11220756714983443,0.0,0.4060337099874001,0.0,0.0,21
0.18676393760044166,0.0,0.10892482062681516,0.0,0.0,21
0.17083509632897279,0.0,0.3847014819619873,0.0,0.0,21
0.1441341082033289,0.0,0.18756804442003577,0.0,0.0,21
0.14731378110113402,0.0,0.0,0.0,0.0,21
0.053225299592304036,0.0,0.0,0.0,0.0,21
0.05175209639138635,0.0,0.0,0.0,0.0,21
0.060506481627565695,0.0,0.0,0.0,0.0,21
0.04985274542639927,0.0,0.0,0.0,0.0,21
0.06590170686629912,0.0,0.0,0.0,0.0,21
0.05591754521646164,0.0,0.0,0.0,0.0,21
0.06436640446841772,0.0,0.0,0.0,0.0,21
0.05822391451971775,0.0,0.0,0.0,0.0,21
0.04206100135701577,0.0,0.0,0.0,0.0,21
0.056369675670092434,0.0,0.0,0.0,0.0,21
0.1025860059834063,0.0,0.035012801187699824,0.0,0.0,21
0.13158106219246332,0.05505752190062255,0.0,0.0,0.0,21
0.15046309347378864,0.0,0.0,0.0,0.0,21
0.15346313724684604,0.045408014949086334,0.0,0.0,0.0,21
0.12475710615703388,0.0,0.0,0.0,0.0,21
0.11933026992714593,0.04820024997428968,0.0,0.0,0.0,21
0.1450461389350929,0.0,0.0,0.0,0.0,21
0.12494503122451156,0.0,0.012941320708587944,0.0,0.0,21
0.14622228835770168,0.0,0.012105016917612843,0.0,0.0,21
0.1361704389181145,0.0,0.0,0.0,0.0,21
0.12883945690081852,0.0,0.22126140484156556,0.0,0.0,21
0.13452279137676387,0.0,0.1173055678777033,0.0,0.0,21
0.10904395938905351,0.0,0.0,0.0,0.0,21
0.09725883975605319,0.0,0.0,0.0,0.0,21
0.07748772817287168,0.0,0.0,0.0,0.0,21
0.04616196388030928,0.0,0.0,0.0,0.0,21
0.04002025809786153,0.0,0.0,0.0,0.0,21
0.03411445879733725,0.0,0.0,0.0,0.0,21
0.0479166903182503,0.0,0.0,0.0,0.0,21
0.04038159272236158,0.0,0.0,0.0,0.0,21
0.019580524559839923,0.0,0.0,0.0,0.0,21
0.04019692802753898,0.0,0.0,0.0,0.0,21
0.045611863742969674,0.0,0.0,0.0,0.0,21
0.042856155906189235,0.0,0.0,0.0,0.0,21
0.09338319668400172,0.0,0.003964749331488174,0.0,0.0,21
0.1602591887922074,0.0,0.0,0.0,0.0,21
0.11786735698739112,0.0,0.0,0.0,0.0,21
0.1320423682056961,0.0,0.0,0.0,0.0,21
0.12371836387654658,0.0,0.0031794213671996474,0.0,0.0,21
0.11586793540394189,0.0,0.0,0.0,0.0,21
0.1025781829681517,0.0,0.09358273870308444,0.0,0.0,21
0.1030779819134681,0.0,0.0,0.0,0.0,21
0.12252477040958369,0.0,0.0,0.0,0.0,21
0.1428348581440416,0.0,0.07615878021169084,0.0,0.0,21
0.12762893097281103,0.24265726995439618,0.0,0.0,0.0,21
0.12892780749696597,0.0,0.0,0.0,0.0,21
0.14167303142334958,0.0,0.0,0.0,0.0,21
0.151878656722882,0.0,0.17135521323875694,0.0,0.0,21
0.2255303406147945,0.0,0.10866343407112872,0.0,0.0,21
0.11611195587208276,0.0,0.0,0.0,0.0,21
0.09893998105839252,0.0,0.0,0.0,0.0,21
0.06841405590293576,0.0,0.0,0.0,0.0,21
0.05074894810028892,0.0,0.0,0.0,0.0,21
0.047204143226813565,0.0,0.0,0.0,0.0,21
0.04198085255153073,0.0,0.0,0.0,0.0,21
0.04841658353862787,0.0,0.0,0.0,0.0,21
0.03771908227018601,0.0,0.0,0.0,0.0,21
0.054789747187012405,0.0,0.0,0.0,0.0,21
0.062004800365525185,0.0,0.0,0.0,0.0,21
0.09508716848309863,0.008842539925988505,0.0,0.0,0.0,21
0.06170832245789311,0.0,0.0,0.0,0.0,21
0.11365924991030373,0.0,0.09844942112133286,0.0,0.0,21
0.11397866583302123,0.0,0.0,0.0,0.0,21
0.1495346628071281,0.0,0.18130189371647684,0.0,0.0,21
0.17538974531450616,0.0,0.1327096648813252,0.0,0.0,21
0.11776267472877337,0.0,0.0,0.0,0.0,21
0.13386048498496858,0.0,0.0037236379048213586,0.0,0.0,21
0.08594771755948648,0.0,0.0,0.0,0.0,21
0.16084549904629433,0.0,0.2092365880125299,0.0,0.0,21
0.14250529097572584,0.0,0.07625291679106877,0.0,0.0,21
0.11697664963920966,0.0,0.031487561018413115,0.0,0.0,21
0.1248998913241283,0.0,0.009171600117123466,0.0,0.0,21
0.07159227222602249,0.0,0.0,0.0,0.0,21
0.03412556768358221,0.0,0.0,0.0,0.0,21
0.05323971752350322,0.0,0.0,0.0,0.0,21
0.0389514310771817,0.0,0.0,0.0,0.0,21
0.03996097355781663,0.0,0.0,0.0,0.0,21
0.04126823178840798,0.0,0.0,0.0,0.0,21
0.03983530864515764,0.0,0.0,0.0,0.0,21
0.04879153885246262,0.0,0.0,0.0,0.0,21
0.05211468400977636,0.0,0.0,0.0,0.0,21
0.0520887239856261,0.0,0.0,0.0,0.0,21
0.0648767511023665,0.0,0.0,0.0,0.0,21
0.05767446035434395,0.0,0.0,0.0,0.0,21
0.03395256603843523,0.0,0.0,0.0,0.0,21
0.042612946349769226,0.0,0.0,0.0,0.0,21
0.036367467492334216,0.0,0.0,0.0,0.0,21
0.03426882493934412,0.0,0.0,0.0,0.0,21
0.02063211696404642,0.0,0.0,0.0,0.0,21
0.04815532802192459,0.0,0.0,0.0,0.0,21
0.040108492023018937,0.0,0.0,0.0,0.0,21
0.06463944472669113,0.0,0.0,0.0,0.0,21
0.11618999525606982,0.0,0.11599752826340931,0.0,0.0,21
0.12498953528142501,0.0,0.0,0.0,0.0,21
0.09956575649962401,0.0,0.07427331767420292,0.0,0.0,21
0.1039487256945773,0.056233334010264924,0.0,0.0,0.0,21
0.06664926517051264,0.0,0.0,0.0,0.0,21
0.030187770635024046,0.0,0.0,0.0,0.0,21
0.050791204826191295,0.0,0.0,0.0,0.0,21
0.03535349311877812,0.0,0.0,0.0,0.0,21
0.04273284761824168,0.0,0.0,0.0,0.0,21
0.051020327031722094,0.0,0.0,0.0,0.0,21
0.03961008862559221,0.0,0.0,0.0,0.0,21
0.03849656804638072,0.0,0.0,0.0,0.0,21
0.07219471844979033,0.005490826060183224,0.0,0.0,0.0,21
0.08203011298037305,0.0,0.0,0.0,0.0,21
0.04371393669276486,0.0,0.0,0.0,0.0,21
0.05189380631580501,0.0,0.0,0.0,0.0,21
0.050352910675523964,0.0,0.0,0.0,0.0,21
0.055389631610861245,0.0,0.0,0.0,0.0,21
0.08093296318934134,0.0,0.0,0.0,0.0,21
0.05078393648133782,0.0,0.0,0.0,0.0,21
0.0833693924448642,0.0,0.0,0.0,0.0,21
0.09342821920348678,0.0,0.0,0.0,0.0,21
0.09021089732919588,0.0,0.0,0.0,0.0,21
0.1289708391434423,0.0,0.005349909630054606,0.0,0.0,21
0.1185949909066264,0.06673405425985829,0.0,0.0,0.0,21
0.15983057472971704,0.0,0.11920566298344168,0.0,0.0,21
0.18462456234281358,0.0,0.02507346697862567,0.0,0.0,21
0.1589821873612657,0.0,0.17570018115165234,0.0,0.0,21
0.09576528045091907,0.0,0.0,0.0,0.0,21
0.0373211928248707,0.0,0.0,0.0,0.0,21
0.051561467388085834,0.0,0.0,0.0,0.0,21
0.039451967804863375,0.0,0.0,0.0,0.0,21
0.03692196181603202,0.0,0.0,0.0,0.0,21
0.04040086663751951,0.0,0.0,0.0,0.0,21
0.031252369881029106,0.0,0.0,0.0,0.0,21
0.04619005313465606,0.0,0.0,0.0,0.0,21
0.04879687378014236,0.0,0.0,0.0,0.0,21
0.05805819891825791,0.0,0.0,0.0,0.0,21
0.039118428807718666,0.0,0.0,0.0,0.0,21
0.0402065235935511,0.0,0.0,0.0,0.0,21
0.014294637299197178,0.0,0.0,0.0,0.0,21
0.04731620325772409,0.0,0.0,0.0,0.0,21
0.04650789926048581,0.0,0.0,0.0,0.0,21
0.05020964431627728,0.0,0.0,0.0,0.0,21
0.04082272319515696,0.0,0.0,0.0,0.0,21
0.06073959753629652,0.0,0.0,0.0,0.0,21
0.08210587029784329,0.0,0.0,0.0,0.0,21
0.09137254980481463,0.0,0.0,0.0,0.0,21
0.08102289895428899,0.0,0.21997228868617064,0.0,0.0,21
0.1458980379092576,0.0,0.023202162588655956,0.0,0.0,21
0.06336384913096141,0.05126855539662768,0.0,0.0,0.0,21
0.14336969833954077,0.02068128364646113,0.0,0.0,0.0,21
0.060839723654214105,0.0,0.0,0.0,0.0,21
0.034963943240845105,0.0,0.0,0.0,0.0,21
0.05572878320642083,0.0,0.0,0.0,0.0,21
0.04331500527158959,0.0,0.0,0.0,0.0,21
0.03899688633506286,0.0,0.0,0.0,0.0,21
0.013174495479833048,0.0,0.0,0.0,0.0,21
0.056632320786992776,0.0,0.0,0.0,0.0,21
0.04375587660527618,0.0,0.0,0.0,0.0,21
0.0611448117384371,0.0,0.0,0.0,0.0,21
0.06491665190351535,0.0,0.0,0.0,0.0,21
0.07932979124401766,0.0,0.0,0.0,0.0,21
0.08962608598395305,0.0,0.0796626151065038,0.0,0.0,21
0.08850723708363786,0.0,0.0,0.0,0.0,21
0.08359504211166154,0.0,0.0,0.0,0.0,21
0.07130362676140696,0.0,0.006650750367014693,0.0,0.0,21
0.08693407447469968,0.0,0.0,0.0,0.0,21
0.05572279896073084,0.0,0.0,0.0,0.0,21
0.053901679333779665,0.0,0.0,0.0,0.0,21
0.027340682250539997,0.0,0.0,0.0,0.0,21
0.0366317277999216,0.0,0.0,0.0,0.0,21
0.07450093585428316,0.0,0.0,0.0,0.0,21
0.07280514536313258,0.0,0.0,0.0,0.0,21
0.05719014598739808,0.0,0.0,0.0,0.0,21
0.07333653830415071,0.0,0.0,0.0,0.0,21
0.05322921998602892,0.0,0.0,0.0,0.0,21
0.0371301077993708,0.0,0.0,0.0,0.0,21
0.03034277035926015,0.0,0.0,0.0,0.0,21
0.034233158765679096,0.0,0.0,0.0,0.0,21
0.03655291806123829,0.0,0.0,0.0,0.0,21
0.04728116481225097,0.0,0.0,0.0,0.0,21
0.04047645189540357,0.0,0.0,0.0,0.0,21
0.055111907086789744,0.0,0.0,0.0,0.0,21
0.039797683191506096,0.0,0.0,0.0,0.0,21
0.05905386967238616,0.0,0.0,0.0,0.0,21
0.049441681032699504,0.0,0.0,0.0,0.0,21
0.1217282838697688,0.0,0.13355533588438379,0.0,0.0,21
0.11244928841242402,0.0,0.27833135036312673,0.0,0.0,21
0.189251891072345,0.0,0.36715962271281233,0.0,0.0,21
0.12380886394123482,0.4620151976894431,0.0,0.0,0.0,21
0.25254276981292195,0.0,0.10164920408513334,0.0,0.0,21
0.2846240320039334,0.0,0.22861202160900007,0.0,0.0,21
0.28745492120294885,0.0,0.20684947209355126,0.0,0.0,21
0.24146698549614445,0.0,0.35857300087475297,0.0,0.0,21
0.13208941611058997,0.0,0.0,0.0,0.0,21
0.1042457375511148,0.0,0.0,0.0,0.0,21
0.16921061955780753,0.0,0.006050579088053898,0.0,0.0,21
0.12475223903158421,0.0,0.0,0.0,0.0,21
0.12311885114197613,0.0,0.0,0.0,0.0,21
0.12306197576435896,0.0,0.08333166846850387,0.0,0.0,21
0.08319687806993777,0.0,0.0,0.0,0.0,21
0.15264585640689948,0.0,0.050587030144038786,0.0,0.0,21
0.057692126421072756,0.0,0.0,0.0,0.0,21
0.041360462349330385,0.0,0.0,0.0,0.0,21
0.03315463411930149,0.0,0.0,0.0,0.0,21
0.04511550216103129,0.0,0.0,0.0,0.0,21
0.051989581946420504,0.0,0.0,0.0,0.0,21
0.03275608078968316,0.0,0.0,0.0,0.0,21
0.051802681062978445,0.0,0.0,0.0,0.0,21
0.06299314046638609,0.0,0.0,0.0,0.0,21
0.13530249768776498,0.12630339216758651,0.0,0.0,0.0,21
0.1151554210991703,0.0,0.026422596242464,0.0,0.0,21
0.22827510469502654,0.0,0.08890227582743948,0.0,0.0,21
0.14547290336110064,0.0,0.4035061987312003,0.0,0.0,21
0.11867863720343699,0.0,0.05276989053830841,0.0,0.0,21
0.1166082059360997,0.0,0.0,0.0,0.0,21
0.13463676478644307,0.0,0.0,0.0,0.0,21
0.1131280307738358,0.0,0.0,0.0,0.0,21
0.09988570837968269,0.0,0.0,0.0,0.0,21
0.09901251754209449,0.0,0.2869416869306997,0.0,0.0,21
0.09359901034630233,0.0,0.06401581737888454,0.0,0.0,21
0.10758638062427775,0.0,0.0,0.0,0.0,21
0.1024647616985234,0.0,0.050018214221359436,0.0,0.0,21
0.09967209110465668,0.0,0.0,0.0,0.0,21
0.07817160907141221,0.0,0.0,0.0,0.0,21
0.04395884235613366,0.0,0.0,0.0,0.0,21
0.056624826133304565,0.0,0.0,0.0,0.0,21
0.04323228284123388,0.0,0.0,0.0,0.0,21
0.0475611013298197,0.0,0.0,0.0,0.0,21
0.042972229889441244,0.0,0.0,0.0,0.0,21
0.03352809177023522,0.0,0.0,0.0,0.0,21
0.06406207870307047,0.0,0.0,0.0,0.0,21
0.0517024962443413,0.0,0.0,0.0,0.0,21
0.047494526452597455,0.0,0.0,0.0,0.0,21
0.04282946161592215,0.0,0.0,0.0,0.0,21
0.04412931304610266,0.0,0.0,0.0,0.0,21
0.038863521295916234,0.0,0.0,0.0,0.0,21
0.05248128160972575,0.0,0.0,0.0,0.0,21
0.05782590754200895,0.0,0.0,0.0,0.0,21
0.04595965567843644,0.0,0.0,0.0,0.0,21
0.05296883867723144,0.0,0.0,0.0,0.0,21
0.08528789163278788,0.0,0.0,0.0,0.0,21
0.10225873036861852,0.0,0.14236929915531682,0.0,0.0,21
0.1053782238034089,0.0,0.4206284637305526,0.0,0.0,21
0.10122564313241883,0.04169130494018464,0.0,0.0,0.0,21
0.1738361041980201,0.0,0.0,0.0,0.0,21
0.12838336550230842,0.0,0.0,0.0,0.0,21
0.05379306463791857,0.0,0.0,0.0,0.0,21
0.055940247119869835,0.0,0.0,0.0,0.0,21
0.049453233199700845,0.0,0.0,0.0,0.0,21
0.036188675682660154,0.0,0.0,0.0,0.0,21
0.052587293304600526,0.0,0.0,0.0,0.0,21
0.0417049741782921,0.0,0.0,0.0,0.0,21
0.047135917348501616,0.0,0.0,0.0,0.0,21
0.044332469336514635,0.0,0.0,0.0,0.0,21
0.1171102480674238,0.0,0.0005715195286308539,0.0,0.0,21
0.0723257677425423,0.0,0.0,0.0,0.0,21
0.13726160460255254,0.0,0.10399511263121514,0.0,0.0,21
0.04904383755910041,0.0,0.0,0.0,0.0,21
0.0178947822678411,0.0,0.0,0.0,0.0,21
0.062209607383140145,0.0,0.0,0.0,0.0,21
0.13345108893102559,0.0,0.0,0.0,0.0,21
0.16312046868560842,0.0,0.002423297346276637,0.0,0.0,21
0.10358352409719117,0.0,0.09109835206541021,0.0,0.0,21
0.1696948180546704,0.0,0.012397133656267628,0.0,0.0,21
0.10015138841317962,0.0,0.14796949308151247,0.0,0.0,21
0.17681664455442553,0.0,0.0,0.0,0.0,21
0.13559152389295906,0.20448853164539546,0.0,0.0,0.0,21
0.1956898554563878,0.0,0.006546836426679831,0.0,0.0,21
0.14889504989145289,0.0,0.0,0.0,0.0,21
0.12487882846663144,0.0,0.0,0.0,0.0,21
0.07920158803364398,0.0,0.0,0.0,0.0,21
0.05905085927434265,0.0,0.0,0.0,0.0,21
0.05248897085696352,0.0,0.0,0.0,0.0,21
0.04159780400197576,0.0,0.0,0.0,0.0,21
0.04123952760262487,0.0,0.0,0.0,0.0,21
0.0505157551532478,0.0,0.0,0.0,0.0,21
0.03136613143446217,0.0,0.0,0.0,0.0,21
0.04199496433014615,0.0,0.0,0.0,0.0,21
0.05036770481051296,0.0,0.0,0.0,0.0,21
0.04794660170229853,0.0,0.0,0.0,0.0,21
0.054957850356126006,0.0,0.0,0.0,0.0,21
0.08531372471478767,0.0,0.0,0.0,0.0,21
0.08360606353877716,0.0,0.0,0.0,0.0,21
0.07861334273446621,0.0,0.015435711196680302,0.0,0.0,21
0.03992858675878269,0.0,0.0,0.0,0.0,21
0.04865333849228531,0.0,0.0,0.0,0.0,21
0.07956635358496776,0.0,0.0,0.0,0.0,21
0.10676739613713133,0.0,0.0,0.0,0.0,21
0.07536796051306466,0.0,0.0,0.0,0.0,21
0.08165918915247558,0.0,0.24735163424479448,0.0,0.0,21
0.12877627160999197,0.0,0.0021707542546214043,0.0,0.0,21
0.19565446525879532,0.04659779034297251,0.0,0.0,0.0,21
0.15368186032827535,0.0,0.0,0.0,0.0,21
0.17297592104096743,0.0,0.09466311631444313,0.0,0.0,21
0.049961524254205594,0.0,0.0,0.0,0.0,21
0.04070287270678037,0.0,0.0,0.0,0.0,21
0.04137227625257018,0.0,0.0,0.0,0.0,21
0.044287771019766324,0.0,0.0,0.0,0.0,21
0.04317205457576233,0.0,0.0,0.0,0.0,21
0.03560436273830942,0.0,0.0,0.0,0.0,21
0.04808596433188378,0.0,0.0,0.0,0.0,21
0.037697533378069685,0.0,0.0,0.0,0.0,21
0.05178964116147924,0.0,0.0,0.0,0.0,21
0.06082314816361032,0.0,0.0,0.0,0.0,21
0.10503381071722051,0.0,0.0,0.0,0.0,21
0.14421311727654124,0.0,0.10820418730233805,0.0,0.0,21
0.13379062786376658,0.0,0.29690142599630953,0.0,0.0,21
0.20567992864389403,0.0,0.18883276094989768,0.0,0.0,21
0.24259426037836648,0.0,0.09460208006188617,0.0,0.0,21
0.2274338793709504,0.0,0.17220503208414634,0.0,0.0,21
0.09944717488823733,0.0,0.0,0.0,0.0,21
0.081835732018849,0.0,0.0,0.0,0.0,21
0.05816905532995546,0.0,0.0,0.0,0.0,21
0.137131575226488,0.0,0.6951527542528793,0.0,0.0,21
0.21486105137506087,0.6007383909790556,0.0,0.0,0.0,21
0.21474290634152202,0.0,0.09934788939878778,0.0,0.0,21
0.21050384415401271,0.0,0.14390200091587493,0.0,0.0,21
0.11167653357345494,0.0,0.0,0.0,0.0,21
0.09932306832117607,0.0,0.0,0.0,0.0,21
0.08215752669053696,0.0,0.0,0.0,0.0,21
0.06234615549908086,0.0,0.0,0.0,0.0,21
0.06292412783421031,0.0,0.0,0.0,0.0,21
0.051704263847936444,0.0,0.0,0.0,0.0,21
0.03531749494791074,0.0,0.0,0.0,0.0,21
0.05024826113063109,0.0,0.0,0.0,0.0,21
0.05248661215363144,0.0,0.0,0.0,0.0,21
0.04766353581652796,0.0,0.0,0.0,0.0,21
0.05722126453529632,0.0,0.0,0.0,0.0,21
0.12007317413912777,0.0028667189324707437,0.0,0.0,0.0,21
0.1319774994931,0.0,0.028892771225943692,0.0,0.0,21
0.14546499255428139,0.0,0.24862389122590153,0.0,0.0,21
0.19039094028577516,0.23479485304578487,0.0,0.0,0.0,21
0.15960093985037094,0.0,0.37041957801892145,0.0,0.0,21
0.2646874610344428,0.0,0.01703808490155473,0.0,0.0,21
0.17462675329099986,0.0,0.1710178094287998,0.0,0.0,21
0.11555054090503773,0.0,0.0,0.0,0.0,21
0.08168797971055236,0.0,0.0,0.0,0.0,21
0.1537422221271292,0.0,0.04787310376291645,0.0,0.0,21
0.13364285018993324,0.0,0.11328998074245222,0.0,0.0,21
0.16179923775137064,0.0,0.44625787481248547,0.0,0.0,21
0.15867853970486218,0.0,0.004076101008257782,0.0,0.0,22
0.15926874149150447,0.0,0.07911458976602473,0.0,0.0,22
0.15851947891925466,0.08688852131648164,0.0,0.0,0.0,22
0.09739133037498009,0.0,0.0,0.0,0.0,22
0.07794953853573999,0.0,0.0,0.0,0.0,22
0.11138046861337526,0.0,0.0,0.0,0.0,22
0.12292158407716003,0.0,0.028228821896106204,0.0,0.0,22
0.13401912546540845,0.0,0.0,0.0,0.0,22
0.0961979460301039,0.0,0.0,0.0,0.0,22
0.09112679432529346,0.0,0.3389314121732339,0.0,0.0,22
0.15151743229532963,0.0,0.0,0.0,0.0,22
0.10652070133986834,0.0,0.0,0.0,0.0,22
0.0480870105277016,0.0,0.0,0.0,0.0,22
0.05093416092568984,0.0,0.0,0.0,0.0,22
0.048428165625755394,0.0,0.0,0.0,0.0,22
0.046851019740722734,0.0,0.0,0.0,0.0,22
0.030847487272592032,0.0,0.0,0.0,0.0,22
0.04290006045747884,0.0,0.0,0.0,0.0,22
0.05597044409474236,0.0,0.0,0.0,0.0,22
0.04262533967255443,0.0,0.0,0.0,0.0,22
0.053441465770510684,0.0,0.0,0.0,0.0,22
0.035511931722647105,0.0,0.0,0.0,0.0,22
0.05028167940743476,0.0,0.0,0.0,0.0,22
0.12328072798830066,0.0,0.18737661511180476,0.0,0.0,22
0.15794834291671697,0.0,0.01885166643897912,0.0,0.0,22
0.13848513978756166,0.0,0.0461474697405079,0.0,0.0,22
0.04366764624750163,0.0,0.0,0.0,0.0,22
0.04945605933025068,0.0,0.0,0.0,0.0,22
0.04741691693584018,0.0,0.0,0.0,0.0,22
0.054516453192013946,0.0,0.0,0.0,0.0,22
0.03762533047139297,0.0,0.0,0.0,0.0,22
0.046878945713816164,0.0,0.0,0.0,0.0,22
0.056250033168752774,0.0,0.0,0.0,0.0,22
0.027849415972662443,0.0,0.0,0.0,0.0,22
0.056556886086455094,0.0,0.0,0.0,0.0,22
0.07960069151424035,0.0,0.0,0.0,0.0,22
0.059094340505257324,0.0,0.0,0.0,0.0,22
0.05230839729278553,0.0,0.0,0.0,0.0,22
0.04019193861291549,0.0,0.0,0.0,0.0,22
0.04702768663651028,0.0,0.0,0.0,0.0,22
0.05371740579204131,0.0,0.0,0.0,0.0,22
0.04691243800130924,0.0,0.0,0.0,0.0,22
0.04358368452150128,0.0,0.0,0.0,0.0,22
0.0482760878933563,0.0,0.0,0.0,0.0,22
0.06259927391712984,0.0,0.0,0.0,0.0,22
0.046342033703700394,0.0,0.0,0.0,0.0,22
0.04424681896339325,0.0,0.0,0.0,0.0,22
0.06477078506653053,0.0,0.0,0.0,0.0,22
0.06548977061478657,0.0,0.0,0.0,0.0,22
0.04412240693203881,0.0,0.0,0.0,0.0,22
0.059746228943539426,0.0,0.0,0.0,0.0,22
0.11964881826695285,0.0,0.06214999398397951,0.0,0.0,22
0.08034162603898429,0.0,0.20072397844068704,0.0,0.0,22
0.11270362348694472,0.0,0.0,0.0,0.0,22
0.07250675308070485,0.0,0.0,0.0,0.0,22
0.0943009956001081,0.0,0.0,0.0,0.0,22
0.13516498731063872,0.0,0.28836337658000566,0.0,0.0,22
0.13980570394862943,0.0,0.0,0.0,0.0,22
0.10888217963001413,0.0,0.044452165976753624,0.0,0.0,22
0.09309832443720238,0.0,0.0,0.0,0.0,22
0.04843728379458701,0.0,0.0,0.0,0.0,22
0.0799275526045031,0.0,0.0,0.0,0.0,22
0.05701945056771485,0.0,0.0,0.0,0.0,22
0.04174555800300443,0.0,0.0,0.0,0.0,22
0.05236577646213215,0.0,0.0,0.0,0.0,22
0.04872983456434686,0.0,0.0,0.0,0.0,22
0.04700279978260833,0.0,0.0,0.0,0.0,22
0.040332273250041364,0.0,0.0,0.0,0.0,22
0.0693796988723122,0.0,0.0,0.0,0.0,22
0.058907960140969925,0.0,0.0,0.0,0.0,22
0.05597669233366334,0.0,0.0,0.0,0.0,22
0.05047505869936391,0.0,0.0,0.0,0.0,22
0.04444586143713732,0.0,0.0,0.0,0.0,22
0.04098931498238857,0.0,0.0,0.0,0.0,22
0.04337970606659402,0.0,0.0,0.0,0.0,22
0.0476525454279654,0.0,0.0,0.0,0.0,22
0.05094434894905287,0.0,0.0,0.0,0.0,22
0.04195872245263455,0.0,0.0,0.0,0.0,22
0.049775078354369014,0.0,0.0,0.0,0.0,22
0.051345734839198715,0.0,0.0,0.0,0.0,22
0.11498139979989955,0.0,0.09801556731510983,0.0,0.0,22
0.11554469406971901,0.0,0.0,0.0,0.0,22
0.1165201203639487,0.0,0.0001311979013041975,0.0,0.0,22
0.11423928200847261,0.0,0.0,0.0,0.0,22
0.0628104906543191,0.0,0.0,0.0,0.0,22
0.0536119743862591,0.0,0.0,0.0,0.0,22
0.04146610859022848,0.0,0.0,0.0,0.0,22
0.0448042228089047,0.0,0.0,0.0,0.0,22
0.05344184023438253,0.0,0.0,0.0,0.0,22
0.04827081210740283,0.0,0.0,0.0,0.0,22
0.03596758882101165,0.0,0.0,0.0,0.0,22
0.03696220129677756,0.0,0.0,0.0,0.0,22
0.06939673109372596,0.0,0.0,0.0,0.0,22
0.1235235105133472,0.00023653667603312778,0.0,0.0,0.0,22
0.07460147639030715,0.0,0.0,0.0,0.0,22
0.13999235261337745,0.11401452596355743,0.0,0.0,0.0,22
0.06419775054588447,0.0,0.0,0.0,0.0,22
0.06108906318327823,0.0,0.0,0.0,0.0,22
0.048402110730001696,0.0,0.0,0.0,0.0,22
0.048050289956027614,0.0,0.0,0.0,0.0,22
0.07712452104792045,0.0,0.0,0.0,0.0,22
0.09314240065110031,0.0,0.0,0.0,0.0,22
0.09007486190600235,0.0,0.0,0.0,0.0,22
0.08446749552292657,0.0,0.0,0.0,0.0,22
0.11407974006235728,0.0,0.011062430986800945,0.0,0.0,22
0.10871522726611688,0.0,0.018032971158174732,0.0,0.0,22
0.09945779887719634,0.0,0.0,0.0,0.0,22
0.10833367854138279,0.0,0.0,0.0,0.0,22
0.05606272267889088,0.0,0.0,0.0,0.0,22
0.04244280310003062,0.0,0.0,0.0,0.0,22
0.052330441822186775,0.0,0.0,0.0,0.0,22
0.05066181502113392,0.0,0.0,0.0,0.0,22
0.04260381757088677,0.0,0.0,0.0,0.0,22
0.05212664143159547,0.0,0.0,0.0,0.0,22
0.04435807809015115,0.0,0.0,0.0,0.0,22
0.050431466378762016,0.0,0.0,0.0,0.0,22
0.055998943675684996,0.0,0.0,0.0,0.0,22
0.02872670626555221,0.0,0.0,0.0,0.0,22
0.062333890169601044,0.0,0.0,0.0,0.0,22
0.03815016190740203,0.0,0.0,0.0,0.0,22
0.029627627061576182,0.0,0.0,0.0,0.0,22
0.05229747580215272,0.0,0.0,0.0,0.0,22
0.04112276710985264,0.0,0.0,0.0,0.0,22
0.05165937659518568,0.0,0.0,0.0,0.0,22
0.04556674259938305,0.0,0.0,0.0,0.0,22
0.04836927013262433,0.0,0.0,0.0,0.0,22
0.06896836687038348,0.0,0.0,0.0,0.0,22
0.13899857863310974,0.0,0.03132731683109383,0.0,0.0,22
0.11802111202044632,0.21072200811076378,0.0,0.0,0.0,22
0.1357611322739556,0.0,0.0,0.0,0.0,22
0.17877732604799534,0.0,0.0,0.0,0.0,22
0.10673306729135969,0.0,0.0,0.0,0.0,22
0.07785710498799221,0.0,0.0,0.0,0.0,22
0.05580756705517801,0.0,0.0,0.0,0.0,22
0.048606288468079295,0.0,0.0,0.0,0.0,22
0.044829081729326335,0.0,0.0,0.0,0.0,22
0.04368168111741802,0.0,0.0,0.0,0.0,22
0.04877489111676874,0.0,0.0,0.0,0.0,22
0.06583082203901963,0.0,0.0,0.0,0.0,22
0.04243294762114135,0.0,0.0,0.0,0.0,22
0.05737712281015398,0.0,0.0,0.0,0.0,22
0.16245697523391103,0.030759379578924884,0.0,0.0,0.0,22
0.11890179462941758,0.0,0.1123654136334244,0.0,0.0,22
0.1667275060311374,0.0,0.35642681441442414,0.0,0.0,22
0.11334834135445247,0.0,0.0,0.0,0.0,22
0.06634869553366288,0.0,0.0,0.0,0.0,22
0.2004137176778165,0.0,0.38983785949992944,0.0,0.0,22
0.22156036961902964,0.3007018447965361,0.0,0.0,0.0,22
0.22407960414497152,0.097202723403296,0.0,0.0,0.0,22
0.2708080942433377,0.0,0.1841734999073661,0.0,0.0,22
0.23435267209954364,0.0,0.10119178901969289,0.0,0.0,22
0.2595984144602641,0.0,0.3187203784610708,0.0,0.0,22
0.14946987280684548,0.0,0.17073373902696704,0.0,0.0,22
0.26520018071668006,0.0,0.3270956483918023,0.0,0.0,22
0.25230648698017166,0.0,0.03959718778274718,0.0,0.0,22
0.15431417377882703,0.0,0.0,0.0,0.0,22
0.053472290478973714,0.0,0.0,0.0,0.0,22
0.04605477886723411,0.0,0.0,0.0,0.0,22
0.06332293215953758,0.0,0.0,0.0,0.0,22
0.04925428839532667,0.0,0.0,0.0,0.0,22
0.06423982636926195,0.0,0.0,0.0,0.0,22
0.05432520552997994,0.0,0.0,0.0,0.0,22
0.06048883289441351,0.0,0.0,0.0,0.0,22
0.05206962385318816,0.0,0.0,0.0,0.0,22
0.05644693513954144,0.0,0.0,0.0,0.0,22
0.0644578619811929,0.0,0.0,0.0,0.0,22
0.11722220557807478,0.0,0.032905577165198235,0.0,0.0,22
0.12812370491992525,0.05798892608163761,0.0,0.0,0.0,22
0.14205203430586402,0.0,0.0059050688567307,0.0,0.0,22
0.10941947364559368,0.10285397303948218,0.0,0.0,0.0,22
0.12090513849819713,0.0,0.0,0.0,0.0,22
0.13404227757689,0.0,0.0,0.0,0.0,22
0.13773383113411258,0.0,0.0,0.0,0.0,22
0.12239912982905368,0.0,0.0,0.0,0.0,22
0.08758511480636942,0.0,0.09772553659347462,0.0,0.0,22
0.15211246045626683,0.0,0.0,0.0,0.0,22
0.13942192776194995,0.0,0.27502671474627743,0.0,0.0,22
0.2032869057524169,0.0,0.027237173821040073,0.0,0.0,22
0.09773350105542623,0.0,0.0,0.0,0.0,22
0.08579730379030005,0.0,0.0,0.0,0.0,22
0.08263982895667195,0.0,0.0,0.0,0.0,22
0.06549881706720935,0.0,0.0,0.0,0.0,22
0.03422547579704299,0.0,0.0,0.0,0.0,22
0.043218239753565243,0.0,0.0,0.0,0.0,22
0.04594843932393339,0.0,0.0,0.0,0.0,22
0.04125176777655433,0.0,0.0,0.0,0.0,22
0.02212050174002586,0.0,0.0,0.0,0.0,22
0.04795076128244549,0.0,0.0,0.0,0.0,22
0.05128482722940311,0.0,0.0,0.0,0.0,22
0.04249994248621438,0.0,0.0,0.0,0.0,22
0.1093875492984835,0.0,0.0,0.0,0.0,22
0.1303569936550028,0.0,0.02314246826474506,0.0,0.0,22
0.12490299318294558,0.0,0.0,0.0,0.0,22
0.1328807269056432,0.0,0.0,0.0,0.0,22
0.13386959978192514,0.0,0.0,0.0,0.0,22
0.12517811661029976,0.0,0.0,0.0,0.0,22
0.13251623338883423,0.0,0.05545250758632336,0.0,0.0,22
0.1005463468627256,0.0,0.0,0.0,0.0,22
0.1134810207588477,0.0,0.0,0.0,0.0,22
0.11922480977905628,0.0,0.06001941448714296,0.0,0.0,22
0.1424296139149172,0.24562139945386396,0.0,0.0,0.0,22
0.1157032474182036,0.0,0.0,0.0,0.0,22
0.1042086997167198,0.0,0.0,0.0,0.0,22
0.16889934257510278,0.0,0.2249192064500463,0.0,0.0,22
0.1810990878412639,0.0,0.13605470594768002,0.0,0.0,22
0.09192596862447977,0.0,0.0,0.0,0.0,22
0.10074073887085636,0.0,0.0,0.0,0.0,22
0.035675328137160414,0.0,0.025439037361110625,0.0,0.0,22
0.05161586720225876,0.0,0.0,0.0,0.0,22
0.0477024628140753,0.0,0.0,0.0,0.0,22
0.04286906820687296,0.0,0.0,0.0,0.0,22
0.0431871393817659,0.0,0.0,0.0,0.0,22
0.042215937308340584,0.0,0.0,0.0,0.0,22
0.0430836035510152,0.0,0.0,0.0,0.0,22
0.06314901692928424,0.0,0.0,0.0,0.0,22
0.09895913790516976,0.0,0.0,0.0,0.0,22
0.07522884884652467,0.0,0.0,0.0,0.0,22
0.13592193979714248,0.0,0.06605369430377209,0.0,0.0,22
0.07242912497392306,0.0,0.03305604276686497,0.0,0.0,22
0.11780524325243104,0.0,0.20897648408321634,0.0,0.0,22
0.12674586638387172,0.0,0.2123428990167864,0.0,0.0,22
0.09198069076683642,0.0,0.009817751904639294,0.0,0.0,22
0.1416110991020522,0.0,0.0,0.0,0.0,22
0.10336169985235948,0.0,0.0,0.0,0.0,22
0.13439691756656222,0.0,0.23804650386420226,0.0,0.0,22
0.1523282873585473,0.0,0.06688078074755491,0.0,0.0,22
0.1548505035142511,0.0,0.0,0.0,0.0,22
0.11653506525375898,0.0,0.0,0.0,0.0,22
0.08700481335138724,0.0,0.0,0.0,0.0,22
0.030526920106274103,0.0,0.0,0.0,0.0,22
0.04792253703321769,0.0,0.0,0.0,0.0,22
0.03208903016756236,0.0,0.0,0.0,0.0,22
0.04900347815317464,0.0,0.0,0.0,0.0,22
0.03382675650631539,0.0,0.0,0.0,0.0,22
0.03788902073050905,0.0,0.0,0.0,0.0,22
0.03726828143593456,0.0,0.0,0.0,0.0,22
0.0540886682845799,0.0,0.0,0.0,0.0,22
0.05535115594867124,0.0,0.0,0.0,0.0,22
0.05725091233320805,0.0,0.0,0.0,0.0,22
0.05091227065939647,0.0,0.0,0.0,0.0,22
0.029621483991293277,0.0,0.0,0.0,0.0,22
0.03989334171367603,0.0,0.0,0.0,0.0,22
0.04265363676286885,0.0,0.0,0.0,0.0,22
0.041757309199576854,0.0,0.0,0.0,0.0,22
0.025273629836920917,0.0,0.0,0.0,0.0,22
0.03347762953604251,0.0,0.0,0.0,0.0,22
0.03727308634644642,0.0,0.0,0.0,0.0,22
0.06908424512292252,0.0,0.0,0.0,0.0,22
0.12618014728675062,0.0,0.0988240545245932,0.0,0.0,22
0.12253386768583505,0.0,0.007416765478789555,0.0,0.0,22
0.14075852433771566,0.0,0.026433472901084415,0.0,0.0,22
0.13741875443076512,0.0,0.0,0.0,0.0,22
0.058292951450961236,0.0,0.0,0.0,0.0,22
0.03893110220966854,0.0,0.0,0.0,0.0,22
0.04018676989597038,0.0,0.0,0.0,0.0,22
0.034535060853231506,0.0,0.0,0.0,0.0,22
0.046034016383428474,0.0,0.0,0.0,0.0,22
0.04110680504828229,0.0,0.0,0.0,0.0,22
0.04743994208859711,0.0,0.0,0.0,0.0,22
0.05123053425134789,0.0,0.0,0.0,0.0,22
0.06169520866327158,0.0,0.0,0.0,0.0,22
0.0740621557444963,0.0,0.0,0.0,0.0,22
0.03523854745350327,0.0,0.0,0.0,0.0,22
0.06340002966007695,0.0,0.0,0.0,0.0,22
0.04906608869259123,0.0,0.0,0.0,0.0,22
0.044795503067823074,0.0,0.0,0.0,0.0,22
0.07269103587652527,0.0,0.0,0.0,0.0,22
0.05152591101817092,0.0,0.0,0.0,0.0,22
0.08301195519255992,0.0,0.002638494169643124,0.0,0.0,22
0.08696520526388962,0.0,0.0,0.0,0.0,22
0.07907129237089436,0.0,0.0,0.0,0.0,22
0.09720902910467463,0.0,0.030784293144454522,0.0,0.0,22
0.12924080661103277,0.0135061067064568,0.0,0.0,0.0,22
0.11636779216525893,0.0,0.12581244100113653,0.0,0.0,22
0.2111879068430149,0.0,0.0,0.0,0.0,22
0.14770063603045921,0.0,0.1979727938139306,0.0,0.0,22
0.09711435962608891,0.0,0.0,0.0,0.0,22
0.03971011411003873,0.0,0.0,0.0,0.0,22
0.05235283023029372,0.0,0.0,0.0,0.0,22
0.040088695359142834,0.0,0.0,0.0,0.0,22
0.038253048431326535,0.0,0.0,0.0,0.0,22
0.03948776047804693,0.0,0.0,0.0,0.0,22
0.038526466359224666,0.0,0.0,0.0,0.0,22
0.047241000762953414,0.0,0.0,0.0,0.0,22
0.05088859507854569,0.0,0.0,0.0,0.0,22
0.05676252490751936,0.0,0.0,0.0,0.0,22
0.036246321612087115,0.0,0.0,0.0,0.0,22
0.04686576518686115,0.0,0.0,0.0,0.0,22
0.012531361756555243,0.0,0.0,0.0,0.0,22
0.0446375218353546,0.0,0.0,0.0,0.0,22
0.03720540060964952,0.0,0.0,0.0,0.0,22
0.045968961706583655,0.0,0.0,0.0,0.0,22
0.040100462924980707,0.0,0.0,0.0,0.0,22
0.06369805008300201,0.0,0.0,0.0,0.0,22
0.09581268552429047,0.0,0.0,0.0,0.0,22
0.10762892450582734,0.0,0.00015475209498497233,0.0,0.0,22
0.1034129183477753,0.0,0.2019859731339856,0.0,0.0,22
0.17703026266370267,0.0,0.0,0.0,0.0,22
0.08159621671950093,0.02042844555386085,0.0,0.0,0.0,22
0.1297936083748311,0.015032371602772349,0.0,0.0,0.0,22
0.06881019860576366,0.0,0.0,0.0,0.0,22
0.04306392304135503,0.0,0.0,0.0,0.0,22
0.047161139964497646,0.0,0.0,0.0,0.0,22
0.039180171181497504,0.0,0.0,0.0,0.0,22
0.035040558939174106,0.0,0.0,0.0,0.0,22
0.01358977216076184,0.0,0.0,0.0,0.0,22
0.05538740221396934,0.0,0.0,0.0,0.0,22
0.04658336750590119,0.0,0.0,0.0,0.0,22
0.05578571433858929,0.0,0.0,0.0,0.0,22
0.060811377734900446,0.0,0.0,0.0,0.0,22
0.08970180732387614,0.0,0.0,0.0,0.0,22
0.13212460190627023,0.0,0.010040305103791447,0.0,0.0,22
0.08717261545250773,0.0,0.0,0.0,0.0,22
0.08063693568102343,0.0,0.0,0.0,0.0,22
0.08002079901723584,0.0,0.0,0.0,0.0,22
0.07694650414576334,0.0,0.0,0.0,0.0,22
0.06107896766959638,0.0,0.0,0.0,0.0,22
0.05599317619247256,0.0,0.0,0.0,0.0,22
0.03161777091122823,0.0,0.0,0.0,0.0,22
0.03596068639394073,0.0,0.0,0.0,0.0,22
0.08717566278567354,0.0,0.0,0.0,0.0,22
0.10169359433985178,0.0,0.0,0.0,0.0,22
0.056248437464196666,0.0,0.0,0.0,0.0,22
0.058627525629782955,0.0,0.0,0.0,0.0,22
0.05343918115689367,0.0,0.0,0.0,0.0,22
0.03528760981745796,0.0,0.0,0.0,0.0,22
0.02528826933487763,0.0,0.0,0.0,0.0,22
0.029908231843582753,0.0,0.0,0.0,0.0,22
0.03855484763514483,0.0,0.0,0.0,0.0,22
0.05302789663234429,0.0,0.0,0.0,0.0,22
0.03664305448575444,0.0,0.0,0.0,0.0,22
0.045810937802060595,0.0,0.0,0.0,0.0,22
0.03807413253488185,0.0,0.0,0.0,0.0,22
0.06557607866154039,0.0,0.0,0.0,0.0,22
0.051756132765973656,0.0,0.0,0.0,0.0,22
0.12799009276960607,0.0,0.18771460513543178,0.0,0.0,22
0.21196290236908166,0.0,0.2795697948001141,0.0,0.0,22
0.1272648888455197,0.0,0.4671001474297152,0.0,0.0,22
0.18930333579536027,0.6453976412712247,0.0,0.0,0.0,22
0.2794667554753867,0.0,0.058814402586709,0.0,0.0,22
0.21328115493548666,0.0,0.33793060867703456,0.0,0.0,22
0.3006137723341749,0.0,0.09534748705826884,0.0,0.0,22
0.24568423127958566,0.0,0.29245565118921985,0.0,0.0,22
0.11675836937036631,0.0,0.0,0.0,0.0,22
0.12053211210279967,0.0,0.0,0.0,0.0,22
0.15374635172372,0.0,0.0,0.0,0.0,22
0.13193463024873242,0.0,0.00666277310797217,0.0,0.0,22
0.10797293374325558,0.0,0.0,0.0,0.0,22
0.09340775540966195,0.0,0.07025861445799694,0.0,0.0,22
0.06873134659485686,0.0,0.0,0.0,0.0,22
0.09676692029910595,0.0,0.1065421125409302,0.0,0.0,22
0.055160402742476265,0.0,0.0,0.0,0.0,22
0.04790421600328158,0.0,0.0,0.0,0.0,22
0.03687928858093904,0.0,0.0,0.0,0.0,22
0.04250967309520182,0.0,0.0,0.0,0.0,22
0.04449327820323511,0.0,0.0,0.0,0.0,22
0.03346428708450389,0.0,0.0,0.0,0.0,22
0.05215388618271681,0.0,0.0,0.0,0.0,22
0.07126921235533226,0.0,0.0,0.0,0.0,22
0.13543652846965287,0.13912969852158819,0.0,0.0,0.0,22
0.12513934117937564,0.0,0.0,0.0,0.0,22
0.15299350351659707,0.0,0.18974461022848327,0.0,0.0,22
0.15278070686914846,0.0,0.4585974572130742,0.0,0.0,22
0.1268499984820065,0.0,0.06697733365550024,0.0,0.0,22
0.12876442591736068,0.0,0.0,0.0,0.0,22
0.12447497187632292,0.0,0.0,0.0,0.0,22
0.10729480906093601,0.0,0.0,0.0,0.0,22
0.10597354256291809,0.0,0.00928050593897392,0.0,0.0,22
0.17192794755248011,0.0,0.3016452779527684,0.0,0.0,22
0.14349985321949565,0.0,0.0,0.0,0.0,22
0.08812517909898554,0.0,0.0,0.0,0.0,22
0.10966932889827297,0.0,0.04235864275936174,0.0,0.0,22
0.09409388071522441,0.0,0.0,0.0,0.0,22
0.08010977725182238,0.0,0.0,0.0,0.0,22
0.05329708057497485,0.0,0.0,0.0,0.0,22
0.05384417572491025,0.0,0.0,0.0,0.0,22
0.03708807909265483,0.0,0.0,0.0,0.0,22
0.05242798416662817,0.0,0.0,0.0,0.0,22
0.039722370176698045,0.0,0.0,0.0,0.0,22
0.028744387361195823,0.0,0.0,0.0,0.0,22
0.06969380224181951,0.0,0.0,0.0,0.0,22
0.05213531879392745,0.0,0.0,0.0,0.0,22
0.04267653271234132,0.0,0.0,0.0,0.0,22
0.03730920537755862,0.0,0.0,0.0,0.0,22
0.04691018561437672,0.0,0.0,0.0,0.0,22
0.04041588229894715,0.0,0.0,0.0,0.0,22
0.0519986641047641,0.0,0.0,0.0,0.0,22
0.05998036503869211,0.0,0.0,0.0,0.0,22
0.04312722394638889,0.0,0.0,0.0,0.0,22
0.03644322898713988,0.0,0.0,0.0,0.0,22
0.0785242627839304,0.0,0.0,0.0,0.0,22
0.13688146796712683,0.0,0.09834359355549488,0.0,0.0,22
0.12461730182205687,0.0,0.4694298584201704,0.0,0.0,22
0.17461334546410362,0.0,0.0,0.0,0.0,22
0.1280078645068533,0.0,0.014207553415603646,0.0,0.0,22
0.12761009473549453,0.0,0.0,0.0,0.0,22
0.06261671546102388,0.0,0.0,0.0,0.0,22
0.06455265816183933,0.0,0.0,0.0,0.0,22
0.047015170179952,0.0,0.0,0.0,0.0,22
0.045051158721515626,0.0,0.0,0.0,0.0,22
0.046398303915105285,0.0,0.0,0.0,0.0,22
0.049646806434252594,0.0,0.0,0.0,0.0,22
0.040995063464313516,0.0,0.0,0.0,0.0,22
0.04886906015724657,0.0,0.0,0.0,0.0,22
0.1226981208106708,0.0,0.029910179600914716,0.0,0.0,22
0.07229369895964163,0.0,0.0,0.0,0.0,22
0.11425559466074575,0.0,0.1219443942747078,0.0,0.0,22
0.05507393022231482,0.0,0.0,0.0,0.0,22
0.017766086737152298,0.0,0.0,0.0,0.0,22
0.0600066990546879,0.0,0.0,0.0,0.0,22
0.12241844429813355,0.0,0.004904227368702066,0.0,0.0,22
0.11032195387110957,0.0,0.04919145734750768,0.0,0.0,22
0.12046904739712978,0.0,0.037046385158478815,0.0,0.0,22
0.13515929606495453,0.0,0.05809199129683931,0.0,0.0,22
0.12032168763406885,0.0,0.08236532023878558,0.0,0.0,22
0.12014340643437205,0.0,0.04030549027939667,0.0,0.0,22
0.15272734666568974,0.11514392953658972,0.0,0.0,0.0,22
0.17196566015603568,0.0,0.0,0.0,0.0,22
0.09649528329423976,0.0,0.06467362047655373,0.0,0.0,22
0.1000013327204818,0.0,0.0,0.0,0.0,22
0.07597119848435066,0.0,0.0,0.0,0.0,22
0.06194322390011871,0.0,0.0,0.0,0.0,22
0.05636464905987729,0.0,0.0,0.0,0.0,22
0.03218265319480247,0.0,0.0,0.0,0.0,22
0.04057437388646599,0.0,0.0,0.0,0.0,22
0.05507822183296215,0.0,0.0,0.0,0.0,22
0.035813927499416504,0.0,0.0,0.0,0.0,22
0.04784987809097009,0.0,0.0,0.0,0.0,22
0.048570789856574155,0.0,0.0,0.0,0.0,22
0.04156813469592251,0.0,0.0,0.0,0.0,22
0.06457145651919712,0.0,0.0,0.0,0.0,22
0.05501814982500708,0.0,0.04428277309568811,0.0,0.0,22
0.10746033492428121,0.0,0.0,0.0,0.0,22
0.08281351246463788,0.0,0.0,0.0,0.0,22
0.03717668765913385,0.0,0.0,0.0,0.0,22
0.048372774456146475,0.0,0.0,0.0,0.0,22
0.07930116658137817,0.0,0.0,0.0,0.0,22
0.07629443289308957,0.0,0.0,0.0,0.0,22
0.08180918508864977,0.0,0.0,0.0,0.0,22
0.18919824634975285,0.0,0.18527811177400622,0.0,0.0,22
0.10518838180024535,0.0,0.05448800673411043,0.0,0.0,22
0.11236329875677685,0.09818854161127565,0.0,0.0,0.0,22
0.128599719001779,0.0,0.0,0.0,0.0,22
0.21553670731430585,0.0,0.06191305029460531,0.0,0.0,22
0.045772126875674835,0.0,0.0,0.0,0.0,22
0.045174214231911064,0.0,0.0,0.0,0.0,22
0.0408766216473212,0.0,0.0,0.0,0.0,22
0.03555747183170584,0.0,0.0,0.0,0.0,22
0.039615024949050795,0.0,0.0,0.0,0.0,22
0.03576122556155154,0.0,0.0,0.0,0.0,22
0.0493819064648463,0.0,0.0,0.0,0.0,22
0.03300846635900833,0.0,0.0,0.0,0.0,22
0.045145330393494,0.0,0.0,0.0,0.0,22
0.06202570931657532,0.0,0.0,0.0,0.0,22
0.09290671847858417,0.0,0.04436762007568337,0.0,0.0,22
0.09299046858033187,0.0,0.13440102825304873,0.0,0.0,22
0.14505864001843463,0.0,0.27089809290311606,0.0,0.0,22
0.17829658937912213,0.0,0.20439282550095406,0.0,0.0,22
0.23948497696249582,0.0,0.15119317101429458,0.0,0.0,22
0.26946835680902215,0.0,0.05331936050973357,0.0,0.0,22
0.0878630946231681,0.0,0.0,0.0,0.0,22
0.07567368702221473,0.0,0.0,0.0,0.0,22
0.059828029557968336,0.0,0.0,0.0,0.0,22
0.09344507288819702,0.0,0.6711141734109964,0.0,0.0,22
0.18888246048302304,0.49105001396904857,0.0,0.0,0.0,22
0.2689383259168171,0.0,0.0,0.0,0.0,22
0.21073409126290646,0.0,0.1237024722421399,0.0,0.0,22
0.10828152676493362,0.0,0.0,0.0,0.0,22
0.07185395264622324,0.0,0.0,0.0,0.0,22
0.08882294532389114,0.0,0.0,0.0,0.0,22
0.06673489284078733,0.0,0.0,0.0,0.0,22
0.05000906181335892,0.0,0.0,0.0,0.0,22
0.06234927127442824,0.0,0.0,0.0,0.0,22
0.03550326332321156,0.0,0.0,0.0,0.0,22
0.056018997264816496,0.0,0.0,0.0,0.0,22
0.05217741203270018,0.0,0.0,0.0,0.0,22
0.04933573362172806,0.0,0.0,0.0,0.0,22
0.0583115580395831,0.0,0.0,0.0,0.0,22
0.1374345875026927,0.026885119851237732,0.0,0.0,0.0,22
0.11144833041874322,0.0,0.07919822429342857,0.0,0.0,22
0.1374665544090048,0.0,0.24287763413012275,0.0,0.0,22
0.15339724143315167,0.15271097811886283,0.0,0.0,0.0,22
0.1740220082698081,0.0,0.32639416977677205,0.0,0.0,22
0.23644578080517104,0.0,0.0,0.0,0.0,22
0.14653502275835414,0.0,0.2834880267533999,0.0,0.0,22
0.11740851207136145,0.0,0.0,0.0,0.0,22
0.07825476868089012,0.0,0.0,0.0,0.0,22
0.17217316094903184,0.0,0.0,0.0,0.0,22
0.15020518368098565,0.0,0.1379749442449624,0.0,0.0,22
0.19222114940355692,0.0,0.37798844918698526,0.0,0.0,22
0.1267404811324724,0.0,0.08393554755680144,0.0,0.0,23
0.2052666009510705,0.0,0.0628167353181753,0.0,0.0,23
0.18482964422262313,0.03362736090726967,0.0,0.0,0.0,23
0.1051533204043749,0.0,0.0,0.0,0.0,23
0.06043534335779095,0.0,0.0,0.0,0.0,23
0.115359336776576,0.0,0.0,0.0,0.0,23
0.12342299955704496,0.0,0.0,0.0,0.0,23
0.09555776724697847,0.0,0.0,0.0,0.0,23
0.041270086550757916,0.0,0.04348210124244178,0.0,0.0,23
0.10538240923104492,0.0,0.3254817839774303,0.0,0.0,23
0.1563012249019462,0.0,0.0,0.0,0.0,23
0.10199475965702871,0.0,0.0,0.0,0.0,23
0.0430243983156042,0.0,0.0,0.0,0.0,23
0.056230198064047984,0.0,0.0,0.0,0.0,23
0.046289463461708855,0.0,0.0,0.0,0.0,23
0.04875355102052816,0.0,0.0,0.0,0.0,23
0.03931961161884627,0.0,0.0,0.0,0.0,23
0.04902451111253611,0.0,0.0,0.0,0.0,23
0.04868496716221606,0.0,0.0,0.0,0.0,23
0.03533032362026532,0.0,0.0,0.0,0.0,23
0.04726906776608911,0.0,0.0,0.0,0.0,23
0.04191063816117835,0.0,0.0,0.0,0.0,23
0.06035978808854287,0.0,0.0,0.0,0.0,23
0.10981531912655927,0.0,0.1672028195667044,0.0,0.0,23
0.20122242189007783,0.0,0.0,0.0,0.0,23
0.13188493482320185,0.0,0.0945722047998512,0.0,0.0,23
0.03908783978501187,0.0,0.0,0.0,0.0,23
0.04973286674768311,0.0,0.0,0.0,0.0,23
0.0478633847746751,0.0,0.0,0.0,0.0,23
0.05059359770083072,0.0,0.0,0.0,0.0,23
0.025980374378084356,0.0,0.0,0.0,0.0,23
0.05070213885922323,0.0,0.0,0.0,0.0,23
0.042637909006596614,0.0,0.0,0.0,0.0,23
0.03467384187666466,0.0,0.0,0.0,0.0,23
0.046953027190971455,0.0,0.0,0.0,0.0,23
0.07985849908326031,0.0,0.0,0.0,0.0,23
0.05829113820882165,0.0,0.0,0.0,0.0,23
0.0563242325246347,0.0,0.0,0.0,0.0,23
0.04865976359972669,0.0,0.0,0.0,0.0,23
0.05490162897075431,0.0,0.0,0.0,0.0,23
0.05225295558074569,0.0,0.0,0.0,0.0,23
0.04496982133138224,0.0,0.0,0.0,0.0,23
0.04646365645980513,0.0,0.0,0.0,0.0,23
0.04467803238072258,0.0,0.0,0.0,0.0,23
0.05711244102732459,0.0,0.0,0.0,0.0,23
0.04428867439392925,0.0,0.0,0.0,0.0,23
0.048685256670860745,0.0,0.0,0.0,0.0,23
0.045592785051614786,0.0,0.0,0.0,0.0,23
0.07314363264378675,0.0,0.0,0.0,0.0,23
0.04708080040484298,0.0,0.0,0.0,0.0,23
0.0620586063413584,0.0,0.0,0.0,0.0,23
0.11513926744799005,0.0,0.0398862780278047,0.0,0.0,23
0.16717770764585477,0.0,0.06619558668392317,0.0,0.0,23
0.09604369130743225,0.0,0.0,0.0,0.0,23
0.07038259249563376,0.0,0.0,0.0,0.0,23
0.08591756709681306,0.0,0.0,0.0,0.0,23
0.13350807145379942,0.0,0.31626793395439934,0.0,0.0,23
0.15960683165574496,0.0,0.0,0.0,0.0,23
0.13036578337818047,0.0,0.0,0.0,0.0,23
0.1294128578560878,0.0,0.010675807085299277,0.0,0.0,23
0.0727285030706076,0.0,0.0,0.0,0.0,23
0.06793754207292517,0.0,0.0,0.0,0.0,23
0.044305206948043276,0.0,0.0,0.0,0.0,23
0.04059360447575384,0.0,0.0,0.0,0.0,23
0.04915295188125207,0.0,0.0,0.0,0.0,23
0.04328175350188282,0.0,0.0,0.0,0.0,23
0.051903688005200656,0.0,0.0,0.0,0.0,23
0.03766877229248128,0.0,0.0,0.0,0.0,23
0.06146333171586905,0.0,0.0,0.0,0.0,23
0.06412051669366771,0.0,0.0,0.0,0.0,23
0.053150588853855596,0.0,0.0,0.0,0.0,23
0.043349464230436036,0.0,0.0,0.0,0.0,23
0.050376555974313,0.0,0.0,0.0,0.0,23
0.04714597253067979,0.0,0.0,0.0,0.0,23
0.043243549271887165,0.0,0.0,0.0,0.0,23
0.05324200555457836,0.0,0.0,0.0,0.0,23
0.04397963074542716,0.0,0.0,0.0,0.0,23
0.042810691066475774,0.0,0.0,0.0,0.0,23
0.046331563949241594,0.0,0.0,0.0,0.0,23
0.05944917365846901,0.0,0.0,0.0,0.0,23
0.1148277353798955,0.0,0.07062390187621646,0.0,0.0,23
0.13160995265810188,0.0,0.0,0.0,0.0,23
0.10670059906865689,0.0,0.0,0.0,0.0,23
0.08412812518861024,0.0061769348754529,0.0,0.0,0.0,23
0.0561578444428845,0.0,0.0,0.0,0.0,23
0.04469890097415783,0.0,0.0,0.0,0.0,23
0.045161518961552384,0.0,0.0,0.0,0.0,23
0.038408669859733936,0.0,0.0,0.0,0.0,23
0.04853030881370144,0.0,0.0,0.0,0.0,23
0.048685271600793105,0.0,0.0,0.0,0.0,23
0.04289394106988978,0.0,0.0,0.0,0.0,23
0.044830698530608976,0.0,0.0,0.0,0.0,23
0.05740209502538524,0.0,0.0,0.0,0.0,23
0.10826859433195438,0.03723826623518625,0.0,0.0,0.0,23
0.08263093359518793,0.0,0.0034448972175688125,0.0,0.0,23
0.11439408011600145,0.08646375281726264,0.0,0.0,0.0,23
0.06659288998975621,0.0,0.0,0.0,0.0,23
0.06259310312464048,0.0,0.0,0.0,0.0,23
0.04577814761276538,0.0,0.0,0.0,0.0,23
0.037039998862469274,0.0,0.0,0.0,0.0,23
0.08506384210106599,0.0,0.0,0.0,0.0,23
0.08882929401383143,0.0,0.0022705032954151716,0.0,0.0,23
0.086696488479481,0.0,0.0,0.0,0.0,23
0.05317809089571953,0.0,0.0,0.0,0.0,23
0.1033914819585545,0.0,0.0,0.0,0.0,23
0.1083096727728845,0.0,0.0,0.0,0.0,23
0.12980944898798602,0.0,0.0,0.0,0.0,23
0.08690496876900493,0.0,0.0,0.0,0.0,23
0.06597279454063153,0.0,0.0,0.0,0.0,23
0.05035792667524618,0.0,0.0,0.0,0.0,23
0.04993188017141111,0.0,0.0,0.0,0.0,23
0.054397016522475417,0.0,0.0,0.0,0.0,23
0.04423704113641398,0.0,0.0,0.0,0.0,23
0.045112208626393945,0.0,0.0,0.0,0.0,23
0.04080192472533082,0.0,0.0,0.0,0.0,23
0.044259531963368307,0.0,0.0,0.0,0.0,23
0.04985162854802527,0.0,0.0,0.0,0.0,23
0.033374842162078755,0.0,0.0,0.0,0.0,23
0.04716134464669723,0.0,0.0,0.0,0.0,23
0.04773431181880016,0.0,0.0,0.0,0.0,23
0.03715641116357416,0.0,0.0,0.0,0.0,23
0.04874490743822312,0.0,0.0,0.0,0.0,23
0.03361558213541287,0.0,0.0,0.0,0.0,23
0.047534088073156844,0.0,0.0,0.0,0.0,23
0.05465179658347485,0.0,0.0,0.0,0.0,23
0.05027168388540706,0.0,0.0,0.0,0.0,23
0.062406701169983106,0.0,0.0,0.0,0.0,23
0.10649813589212523,0.0,0.026380608163805025,0.0,0.0,23
0.13194022389753693,0.16667076973909636,0.0,0.0,0.0,23
0.1363590134063749,0.0,0.0,0.0,0.0,23
0.06570195447523372,0.0,0.09038493099421599,0.0,0.0,23
0.13601483869181485,0.0,0.0,0.0,0.0,23
0.07865128728399627,0.0,0.0,0.0,0.0,23
0.05589357556765741,0.0,0.0,0.0,0.0,23
0.0513294879325746,0.0,0.0,0.0,0.0,23
0.03959012100692897,0.0,0.0,0.0,0.0,23
0.04095590634328986,0.0,0.0,0.0,0.0,23
0.046343551006452356,0.0,0.0,0.0,0.0,23
0.05371234994470932,0.0,0.0,0.0,0.0,23
0.03352725747110404,0.0,0.0,0.0,0.0,23
0.052147953698643106,0.0,0.0,0.0,0.0,23
0.11470805797949056,0.08595851918557605,0.0,0.0,0.0,23
0.08269076805226883,0.0,0.18840099736202787,0.0,0.0,23
0.15078589061586545,0.0,0.3197369308711416,0.0,0.0,23
0.11713180720544622,0.0,0.0,0.0,0.0,23
0.06928853920912192,0.0,0.0,0.0,0.0,23
0.1443338232697674,0.0,0.3645723039308374,0.0,0.0,23
0.15839946704907434,0.30614484471754455,0.0,0.0,0.0,23
0.17490745745624747,0.28830621306662224,0.0,0.0,0.0,23
0.2880282909638118,0.0,0.16989162851527562,0.0,0.0,23
0.24572071658200087,0.0,0.0,0.0,0.0,23
0.2820897289017565,0.0,0.2226852338674587,0.0,0.0,23
0.3127536965414715,0.0,0.024318200688628666,0.0,0.0,23
0.19403658787567424,0.0,0.4608073242182229,0.0,0.0,23
0.20345770581395745,0.0,0.11893876171499967,0.0,0.0,23
0.14614114794721256,0.0,0.0,0.0,0.0,23
0.059492332095180823,0.0,0.0,0.0,0.0,23
0.053199853454361665,0.0,0.0,0.0,0.0,23
0.05608979272451243,0.0,0.0,0.0,0.0,23
0.05054288851095281,0.0,0.0,0.0,0.0,23
0.05789821859736041,0.0,0.0,0.0,0.0,23
0.05839806216930511,0.0,0.0,0.0,0.0,23
0.05172914772646176,0.0,0.0,0.0,0.0,23
0.05936018639137521,0.0,0.0,0.0,0.0,23
0.05404227008147494,0.0,0.0,0.0,0.0,23
0.06404691994189923,0.0,0.0,0.0,0.0,23
0.1015201827012609,0.0,0.04174575671867181,0.0,0.0,23
0.13181312208379223,0.023904252259778713,0.0,0.0,0.0,23
0.11985764555323207,0.0,0.03183930450250276,0.0,0.0,23
0.13407771103469604,0.0750749701382549,0.0,0.0,0.0,23
0.1086379880127275,0.0,0.0,0.0,0.0,23
0.1486533023358798,0.0,0.0,0.0,0.0,23
0.09997036326934017,0.0,0.05360464612572968,0.0,0.0,23
0.12664594345256874,0.0,0.0,0.0,0.0,23
0.15118862918661985,0.0,0.0,0.0,0.0,23
0.1299030661338512,0.0,0.0,0.0,0.0,23
0.13905892815428988,0.0,0.2909308082223099,0.0,0.0,23
0.1378907735218522,0.0,0.11370274707127193,0.0,0.0,23
0.09613903479004382,0.0,0.0,0.0,0.0,23
0.1135388331764039,0.0,0.0,0.0,0.0,23
0.0785290622791167,0.0,0.0,0.0,0.0,23
0.07056336644509068,0.0,0.0,0.0,0.0,23
0.0353863883417808,0.0,0.0,0.0,0.0,23
0.045541031782314806,0.0,0.0,0.0,0.0,23
0.049826611900347595,0.0,0.0,0.0,0.0,23
0.046207957842488614,0.0,0.0,0.0,0.0,23
0.019231884891311512,0.0,0.0,0.0,0.0,23
0.045860271647902816,0.0,0.0,0.0,0.0,23
0.04580331155076335,0.0,0.0,0.0,0.0,23
0.03877579433749093,0.0,0.0,0.0,0.0,23
0.11216894164298638,0.0,0.0,0.0,0.0,23
0.1575371436391412,0.0,0.01191780752753796,0.0,0.0,23
0.12226168350683977,0.0,0.0,0.0,0.0,23
0.15530027220500084,0.005399327436373613,0.0,0.0,0.0,23
0.14971745071556047,0.0,0.0,0.0,0.0,23
0.11828260329973297,0.0,0.0,0.0,0.0,23
0.15772683284569494,0.0,0.011010697301063604,0.0,0.0,23
0.11380467969183916,0.0,0.0,0.0,0.0,23
0.08858346481128467,0.0,0.0,0.0,0.0,23
0.14810192912378634,0.0,0.06487200552007666,0.0,0.0,23
0.09700712347017343,0.23259705132651387,0.0,0.0,0.0,23
0.13585145325444187,0.0,0.0,0.0,0.0,23
0.10148897324585122,0.0,0.0,0.0,0.0,23
0.19402337552234533,0.0,0.15748595980368413,0.0,0.0,23
0.15842847627840004,0.0,0.15651552976393626,0.0,0.0,23
0.10662540644236196,0.0,0.0,0.0,0.0,23
0.0888904389626899,0.0,0.0,0.0,0.0,23
0.05556249992253724,0.0,0.0,0.0,0.0,23
0.047209640946263835,0.0,0.0,0.0,0.0,23
0.053768828413503895,0.0,0.0,0.0,0.0,23
0.04158723751580027,0.0,0.0,0.0,0.0,23
0.043185599246674825,0.0,0.0,0.0,0.0,23
0.03472233692258407,0.0,0.0,0.0,0.0,23
0.044196711328691435,0.0,0.0,0.0,0.0,23
0.062141545785073825,0.0,0.0,0.0,0.0,23
0.0863262578008912,0.01868777575685475,0.0,0.0,0.0,23
0.065193991997602,0.0,0.0,0.0,0.0,23
0.14739236777951858,0.0,0.09646667388335137,0.0,0.0,23
0.10211115439577591,0.0,0.0,0.0,0.0,23
0.08968302779386518,0.0,0.24479119311200476,0.0,0.0,23
0.19936576095302777,0.0,0.22045890303507965,0.0,0.0,23
0.10829668154683349,0.0,0.0,0.0,0.0,23
0.13237313765023398,0.0,0.0,0.0,0.0,23
0.10187155980709557,0.0,0.0,0.0,0.0,23
0.11443419780270216,0.0,0.2671296633764186,0.0,0.0,23
0.20001125803989495,0.0,0.016505329464333446,0.0,0.0,23
0.12262192993395782,0.0,0.0,0.0,0.0,23
0.13129399332089728,0.0,0.006698115877323524,0.0,0.0,23
0.07344964114385674,0.0,0.0,0.0,0.0,23
0.03171854145097224,0.0,0.0,0.0,0.0,23
0.05513871404373629,0.0,0.0,0.0,0.0,23
0.043646145655825114,0.0,0.0,0.0,0.0,23
0.04256216522508013,0.0,0.0,0.0,0.0,23
0.036334697831789754,0.0,0.0,0.0,0.0,23
0.04676757525597587,0.0,0.0,0.0,0.0,23
0.045097804449603957,0.0,0.0,0.0,0.0,23
0.04650059612298503,0.0,0.0,0.0,0.0,23
0.0541688517061622,0.0,0.0,0.0,0.0,23
0.04181030053581591,0.0,0.023272765965656757,0.0,0.0,23
0.04446399788621806,0.0,0.0,0.0,0.0,23
0.04220245441685737,0.0,0.0,0.0,0.0,23
0.04457195552160318,0.0,0.0,0.0,0.0,23
0.03987568412696121,0.0,0.0,0.0,0.0,23
0.0447599621651838,0.0,0.0,0.0,0.0,23
0.0244280247170468,0.0,0.0,0.0,0.0,23
0.047043931878217746,0.0,0.0,0.0,0.0,23
0.04066153505750509,0.0,0.0,0.0,0.0,23
0.0643034054411676,0.0,0.0,0.0,0.0,23
0.11838415545624355,0.0,0.10228526100328285,0.0,0.0,23
0.13827810282365624,0.0,0.0,0.0,0.0,23
0.0898382243922175,0.0,0.08427273256148413,0.0,0.0,23
0.13984136994491045,0.010261129762438176,0.0,0.0,0.0,23
0.06357021760977039,0.0,0.0,0.0,0.0,23
0.03687421255947466,0.0,0.0,0.0,0.0,23
0.04942203171674261,0.0,0.0,0.0,0.0,23
0.0408406245455453,0.0,0.0,0.0,0.0,23
0.04801887423712957,0.0,0.0,0.0,0.0,23
0.04348004344540158,0.0,0.0,0.0,0.0,23
0.041553071254781714,0.0,0.0,0.0,0.0,23
0.04777549184820594,0.0,0.0,0.0,0.0,23
0.06735002378875683,0.0,0.0,0.0,0.0,23
0.08348311987543901,0.0,0.0,0.0,0.0,23
0.04274241746292149,0.0,0.0,0.0,0.0,23
0.05473446395847419,0.0,0.0,0.0,0.0,23
0.07055309960949373,0.0,0.0,0.0,0.0,23
0.04226732854261059,0.0,0.0,0.0,0.0,23
0.07313354986184718,0.0,0.0,0.0,0.0,23
0.05388646414994219,0.0,0.0,0.0,0.0,23
0.10158076936984718,0.0,0.00465138812080175,0.0,0.0,23
0.07262068499258549,0.0,0.0,0.0,0.0,23
0.08206383889910385,0.0,0.0,0.0,0.0,23
0.08447658762175582,0.0,0.04619533830689461,0.0,0.0,23
0.1625410157077994,0.0,0.0,0.0,0.0,23
0.13867058862738244,0.0,0.13324655867138527,0.0,0.0,23
0.19815364512608427,0.0,0.0,0.0,0.0,23
0.20340114724840572,0.0,0.15735690357178148,0.0,0.0,23
0.09597144610473538,0.0,0.0,0.0,0.0,23
0.03971248802134021,0.0,0.0,0.0,0.0,23
0.05147678205827239,0.0,0.0,0.0,0.0,23
0.03762513350600991,0.0,0.0,0.0,0.0,23
0.0427918105748194,0.0,0.0,0.0,0.0,23
0.034192603268574616,0.0,0.0,0.0,0.0,23
0.04219087840682691,0.0,0.0,0.0,0.0,23
0.05111164931166062,0.0,0.0,0.0,0.0,23
0.044602877409395975,0.0,0.0,0.0,0.0,23
0.0550083653122806,0.0,0.0,0.0,0.0,23
0.04311927304888383,0.0,0.0,0.0,0.0,23
0.03870683564559655,0.0,0.0,0.0,0.0,23
0.015738789932763373,0.0,0.0,0.0,0.0,23
0.05097238196627118,0.0,0.0,0.0,0.0,23
0.039396083574193774,0.0,0.0,0.0,0.0,23
0.04965931617372578,0.0,0.0,0.0,0.0,23
0.03640533039027499,0.0,0.0,0.0,0.0,23
0.06792536093782627,0.0,0.0,0.0,0.0,23
0.06676826249812585,0.0,0.0,0.0,0.0,23
0.1216841674504508,0.0,0.0,0.0,0.0,23
0.1377679934576935,0.0,0.13805784991723338,0.0,0.0,23
0.1594679188895104,0.0,0.0,0.0,0.0,23
0.11086611192217587,0.0,0.0,0.0,0.0,23
0.12307501584196283,0.055319103645969744,0.0,0.0,0.0,23
0.06457806225153577,0.0,0.0,0.0,0.0,23
0.035331217620147036,0.0,0.0,0.0,0.0,23
0.05432271095489736,0.0,0.0,0.0,0.0,23
0.0431752665118879,0.0,0.0,0.0,0.0,23
0.03888767818477612,0.0,0.0,0.0,0.0,23
0.012943693573487952,0.0,0.0,0.0,0.0,23
0.045898736688536564,0.0,0.0,0.0,0.0,23
0.0453594759209729,0.0,0.0,0.0,0.0,23
0.0598789059919929,0.0,0.0,0.0,0.0,23
0.06723806035692492,0.0,0.0,0.0,0.0,23
0.09346526684152356,0.0,0.0,0.0,0.0,23
0.12147609556992184,0.0,0.015026602837619973,0.0,0.0,23
0.07506833052071589,0.0,0.0,0.0,0.0,23
0.08921407808498456,0.0,0.0,0.0,0.0,23
0.08520040747673852,0.0,0.0,0.0,0.0,23
0.06373667562131732,0.0,0.0,0.0,0.0,23
0.06352671856979664,0.0,0.0,0.0,0.0,23
0.06439483836142026,0.0,0.0,0.0,0.0,23
0.026175288060268195,0.0,0.0,0.0,0.0,23
0.03454018522329005,0.0,0.0,0.0,0.0,23
0.07315616285718725,0.0,0.01132129843492534,0.0,0.0,23
0.09373326686029812,0.0,0.0,0.0,0.0,23
0.04953457002947078,0.0,0.0,0.0,0.0,23
0.07426449011914389,0.0,0.0,0.0,0.0,23
0.06183553519725119,0.0,0.0,0.0,0.0,23
0.04188243198770816,0.0,0.0,0.0,0.0,23
0.03468118893063591,0.0,0.0,0.0,0.0,23
0.033739450192044745,0.0,0.0,0.0,0.0,23
0.04203965127267345,0.0,0.0,0.0,0.0,23
0.048262747379539325,0.0,0.0,0.0,0.0,23
0.03531457906705954,0.0,0.0,0.0,0.0,23
0.05155023872987646,0.0,0.0,0.0,0.0,23
0.04382378197327252,0.0,0.0,0.0,0.0,23
0.05035561797684392,0.0,0.0,0.0,0.0,23
0.04959616258451935,0.0,0.0,0.0,0.0,23
0.1396214790864528,0.0,0.17655665596418466,0.0,0.0,23
0.12788210456800922,0.0,0.2777159168600096,0.0,0.0,23
0.2596354001274554,0.0,0.2940628224344896,0.0,0.0,23
0.24349856320680366,0.5138587642923853,0.0,0.0,0.0,23
0.2605510603997938,0.0,0.06835826015938257,0.0,0.0,23
0.23746442308218935,0.0,0.44749780359066355,0.0,0.0,23
0.25720134439258446,0.0,0.2625994015415217,0.0,0.0,23
0.2222524373737247,0.0,0.37842847491654696,0.0,0.0,23
0.14222616541418323,0.0,0.0,0.0,0.0,23
0.12382440674322813,0.0,0.0,0.0,0.0,23
0.1697371722307791,0.0,0.0,0.0,0.0,23
0.11842529787290663,0.0,0.0,0.0,0.0,23
0.12259008694966952,0.0,0.0,0.0,0.0,23
0.1292202366740521,0.0,0.08037450207170194,0.0,0.0,23
0.07298634212958072,0.0,0.0,0.0,0.0,23
0.09608174673487176,0.0,0.07303498007831234,0.0,0.0,23
0.048759639250427686,0.0,0.0,0.0,0.0,23
0.05744355215715652,0.0,0.0,0.0,0.0,23
0.04055252801659589,0.0,0.0,0.0,0.0,23
0.049395553881375204,0.0,0.0,0.0,0.0,23
0.04606457182648701,0.0,0.0,0.0,0.0,23
0.035501494196867676,0.0,0.0,0.0,0.0,23
0.0627651467278473,0.0,0.0,0.0,0.0,23
0.05810230381869052,0.0,0.0,0.0,0.0,23
0.11787689146558171,0.1539163035642257,0.0,0.0,0.0,23
0.1305754435799242,0.0,0.022726537455998813,0.0,0.0,23
0.14175938986407882,0.0,0.14842152636768197,0.0,0.0,23
0.19660473137462664,0.0,0.3887614728909675,0.0,0.0,23
0.17710062413135572,0.0,0.0,0.0,0.0,23
0.08753747254597848,0.0,0.04805122897574633,0.0,0.0,23
0.1267292269611262,0.0,0.0,0.0,0.0,23
0.09823034783974692,0.0,0.0,0.0,0.0,23
0.09483944031435274,0.0,0.0,0.0,0.0,23
0.13303164922324348,0.0,0.24465558195286943,0.0,0.0,23
0.13935719569849622,0.0,0.02331371062372442,0.0,0.0,23
0.10821309976961052,0.0,0.0,0.0,0.0,23
0.1299825112803879,0.0,0.0,0.0,0.0,23
0.09158695487659259,0.0,0.0,0.0,0.0,23
0.08954842023426812,0.0,0.0,0.0,0.0,23
0.05835084761748037,0.0,0.0,0.0,0.0,23
0.0491035914270531,0.0,0.0,0.0,0.0,23
0.03862040340994109,0.0,0.0,0.0,0.0,23
0.054899880554377216,0.0,0.0,0.0,0.0,23
0.040895642094464064,0.0,0.0,0.0,0.0,23
0.04178704883270981,0.0,0.0,0.0,0.0,23
0.0650499498110354,0.0,0.0,0.0,0.0,23
0.05005824089923212,0.0,0.0,0.0,0.0,23
0.054157754458725706,0.0,0.0,0.0,0.0,23
0.03897755180876696,0.0,0.0,0.0,0.0,23
0.042350566647054555,0.0,0.0,0.0,0.0,23
0.04382167258709386,0.0,0.0,0.0,0.0,23
0.0559302315783362,0.0,0.0,0.0,0.0,23
0.058524401801091926,0.0,0.0,0.0,0.0,23
0.04394458754280253,0.0,0.0,0.0,0.0,23
0.05966266998090482,0.0,0.0,0.0,0.0,23
0.08050903518004686,0.0,0.0,0.0,0.0,23
0.07282657643269703,0.0,0.15329978351049672,0.0,0.0,23
0.12212598728824957,0.0,0.4597021081531197,0.0,0.0,23
0.16724596317954088,0.015052918208072169,0.0,0.0,0.0,23
0.14052712507547394,0.0,0.0,0.0,0.0,23
0.11627257066619834,0.0,0.0,0.0,0.0,23
0.08203108770466278,0.0,0.0,0.0,0.0,23
0.05514054576694345,0.0,0.0,0.0,0.0,23
0.0566880167685972,0.0,0.0,0.0,0.0,23
0.04250565076502262,0.0,0.0,0.0,0.0,23
0.049877235720937906,0.0,0.0,0.0,0.0,23
0.04192635349985144,0.0,0.0,0.0,0.0,23
0.04581800966523044,0.0,0.0,0.0,0.0,23
0.049102479749284986,0.0,0.0,0.0,0.0,23
0.08059762262119502,0.0,0.059085340762530913,0.0,0.0,23
0.06913568754708688,0.0,0.0,0.0,0.0,23
0.11035816697096475,0.0,0.12656293290497783,0.0,0.0,23
0.04208659705966272,0.0,0.0,0.0,0.0,23
0.015562647252435191,0.0,0.0,0.0,0.0,23
0.06438254152314887,0.0,0.0,0.0,0.0,23
0.12721466453706845,0.0,0.0,0.0,0.0,23
0.1502039254783156,0.0,0.0014851949326370462,0.0,0.0,23
0.1590476229330029,0.0,0.0,0.0,0.0,23
0.1481629829838869,0.0,0.07254996015818443,0.0,0.0,23
0.15061063474466263,0.0,0.040595900273693836,0.0,0.0,23
0.14322768845251685,0.0,0.010002892620772169,0.0,0.0,23
0.14781728057874835,0.15705852416008506,0.0,0.0,0.0,23
0.14258005117454492,0.0,0.0780998200147639,0.0,0.0,23
0.15070675468648553,0.0,0.02058353498556617,0.0,0.0,23
0.11800016208575108,0.0,0.0,0.0,0.0,23
0.08022958752104947,0.0,0.0,0.0,0.0,23
0.06078803283110275,0.0,0.0,0.0,0.0,23
0.05280228948054236,0.0,0.0,0.0,0.0,23
0.04615220862760838,0.0,0.0,0.0,0.0,23
0.03837786739182356,0.0,0.0,0.0,0.0,23
0.049443306299847355,0.0,0.0,0.0,0.0,23
0.03289242999283878,0.0,0.0,0.0,0.0,23
0.04768549154806487,0.0,0.0,0.0,0.0,23
0.03703184447361941,0.0,0.0,0.0,0.0,23
0.04417135007834281,0.0,0.0,0.0,0.0,23
0.06664767659697304,0.0,0.0,0.0,0.0,23
0.09563929408484871,0.0,0.005861544073175323,0.0,0.0,23
0.09588296631022115,0.0,0.010114704172388786,0.0,0.0,23
0.06758269426900108,0.0,0.0,0.0,0.0,23
0.0397521316916534,0.0,0.0,0.0,0.0,23
0.06324674737974612,0.0,0.0,0.0,0.0,23
0.06844586535585184,0.0,0.0,0.0,0.0,23
0.08528676019165667,0.0,0.0,0.0,0.0,23
0.0962651601458038,0.0,0.0,0.0,0.0,23
0.1278083487186337,0.0,0.2519779000448069,0.0,0.0,23
0.14197803163980652,0.0,0.03021733402645546,0.0,0.0,23
0.1938524051179804,0.049862185570525325,0.0,0.0,0.0,23
0.13139671496417704,0.0,0.0,0.0,0.0,23
0.11360851857518703,0.0,0.15176502847624432,0.0,0.0,23
0.051910760356790035,0.0,0.0,0.0,0.0,23
0.04273204025915338,0.0,0.0,0.0,0.0,23
0.04468056943162239,0.0,0.0,0.0,0.0,23
0.04254128173720623,0.0,0.0,0.0,0.0,23
0.04397311950171267,0.0,0.0,0.0,0.0,23
0.03645277169318893,0.0,0.0,0.0,0.0,23
0.04337038907542436,0.0,0.0,0.0,0.0,23
0.034653732052010305,0.0,0.0,0.0,0.0,23
0.048523585756743544,0.0,0.0,0.0,0.0,23
0.05719109279694623,0.0,0.0,0.0,0.0,23
0.1305761804280531,0.0,0.0,0.0,0.0,23
0.09533084198647228,0.0,0.11962374911135502,0.0,0.0,23
0.18424100882370723,0.0,0.31566985944286796,0.0,0.0,23
0.22207533422939513,0.0,0.23615724593086035,0.0,0.0,23
0.22454857866620917,0.0,0.12751897704272439,0.0,0.0,23
0.13432964030885683,0.0,0.2055974198582359,0.0,0.0,23
0.09021826831674042,0.0,0.0,0.0,0.0,23
0.0645468670873209,0.0,0.0,0.0,0.0,23
0.05317391372467655,0.0,0.0,0.0,0.0,23
0.09565979268425147,0.0,0.8134833755695404,0.0,0.0,23
0.22259495531016643,0.5362472115810863,0.0,0.0,0.0,23
0.23937356773683402,0.0,0.11702476833326506,0.0,0.0,23
0.20371178826120773,0.0,0.14310011314282162,0.0,0.0,23
0.10641212714035539,0.0,0.0,0.0,0.0,23
0.07215094194037151,0.0,0.0,0.0,0.0,23
0.07282222691893407,0.0,0.0,0.0,0.0,23
0.07100748520063892,0.0,0.0,0.0,0.0,23
0.06138858296729983,0.0,0.0,0.0,0.0,23
0.057262535033955536,0.0,0.0,0.0,0.0,23
0.04029709440772253,0.0,0.0,0.0,0.0,23
0.06316070499447154,0.0,0.0,0.0,0.0,23
0.04369798925031186,0.0,0.0,0.0,0.0,23
0.052918674552668965,0.0,0.0,0.0,0.0,23
0.05469192536274848,0.0,0.0,0.0,0.0,23
0.12700480238927492,0.03897853189766079,0.0,0.0,0.0,23
0.12394293924185938,0.0,0.04165752755428202,0.0,0.0,23
0.16226096084313146,0.0,0.2616296518425782,0.0,0.0,23
0.18769095934046368,0.1800644070711153,0.0,0.0,0.0,23
0.15009745128966445,0.0,0.3559441597674182,0.0,0.0,23
0.23323676872401455,0.0,0.033946957020160595,0.0,0.0,23
0.14164967727049807,0.0,0.2658338193549157,0.0,0.0,23
0.1306551042043461,0.0,0.0,0.0,0.0,23
0.09099590059323891,0.0,0.0,0.0,0.0,23
0.16415393425772656,0.0,0.01774371788899934,0.0,0.0,23
0.1639375363351698,0.0,0.12086531575008033,0.0,0.0,23
0.170089239482451,0.0,0.5943124297142377,0.0,0.0,23
0.14380491698878306,0.0,0.09358282004808169,0.0,0.0,24
0.1295200451972094,0.0,0.13745583551643392,0.0,0.0,24
0.17510230667675142,0.08399117912363285,0.0,0.0,0.0,24
0.09724692389702409,0.0,0.0,0.0,0.0,24
0.07190353119606754,0.0,0.0,0.0,0.0,24
0.11136971917152826,0.0,0.0,0.0,0.0,24
0.13318022085742418,0.0,0.0,0.0,0.0,24
0.11493737605585061,0.0,0.0029414904000900216,0.0,0.0,24
0.08897946258496069,0.0,0.0,0.0,0.0,24
0.10772150279168709,0.0,0.3560569812088322,0.0,0.0,24
0.13284910683925757,0.0,0.0,0.0,0.0,24
0.0957492786684681,0.0,0.0,0.0,0.0,24
0.04540828431134872,0.0,0.0,0.0,0.0,24
0.0542894518627387,0.0,0.0,0.0,0.0,24
0.04648514608263261,0.0,0.0,0.0,0.0,24
0.044623309622388925,0.0,0.0,0.0,0.0,24
0.03794385490347448,0.0,0.0,0.0,0.0,24
0.04872868168622853,0.0,0.0,0.0,0.0,24
0.04949092346293563,0.0,0.0,0.0,0.0,24
0.034572963491899006,0.0,0.0,0.0,0.0,24
0.05295018182184157,0.0,0.0,0.0,0.0,24
0.04320410445034832,0.0,0.0,0.0,0.0,24
0.059559693802750203,0.0,0.0,0.0,0.0,24
0.09983438030287761,0.0,0.10574120830047609,0.0,0.0,24
0.15792842293757892,0.0,0.04504964755950658,0.0,0.0,24
0.1621410230853457,0.0,0.019158579913482687,0.0,0.0,24
0.029751535115261893,0.0,0.0,0.0,0.0,24
0.04254682414351128,0.0,0.0,0.0,0.0,24
0.05275405629816693,0.0,0.0,0.0,0.0,24
0.04975758404822253,0.0,0.0,0.0,0.0,24
0.03765754407450963,0.0,0.0,0.0,0.0,24
0.042988077216306785,0.0,0.0,0.0,0.0,24
0.05413759752277602,0.0,0.0,0.0,0.0,24
0.03276223069635142,0.0,0.0,0.0,0.0,24
0.049749821789232394,0.0,0.0,0.0,0.0,24
0.08346761678167018,0.0,0.0,0.0,0.0,24
0.051137799022621055,0.0,0.0,0.0,0.0,24
0.047163826926166726,0.0,0.0,0.0,0.0,24
0.047679186180336806,0.0,0.0,0.0,0.0,24
0.042095230431685796,0.0,0.0,0.0,0.0,24
0.055763154984975166,0.0,0.0,0.0,0.0,24
0.04889632458149323,0.0,0.0,0.0,0.0,24
0.04237743325397003,0.0,0.0,0.0,0.0,24
0.04191899939672588,0.0,0.0,0.0,0.0,24
0.06361928442212114,0.0,0.0,0.0,0.0,24
0.03627213320695761,0.0,0.0,0.0,0.0,24
0.046266856917986536,0.0,0.0,0.0,0.0,24
0.05886928857101875,0.0,0.0,0.0,0.0,24
0.07183892739193937,0.0,0.0,0.0,0.0,24
0.04527931334152925,0.0,0.0,0.0,0.0,24
0.05397719592287617,0.0,0.0,0.0,0.0,24
0.12449698103906717,0.0,0.04675782792892788,0.0,0.0,24
0.13654489968825867,0.0,0.10174759070714279,0.0,0.0,24
0.10990482951737447,0.0,0.0,0.0,0.0,24
0.07435410542053499,0.0,0.0,0.0,0.0,24
0.0860170910478248,0.0,0.0,0.0,0.0,24
0.16678862778348613,0.0,0.27307494385484693,0.0,0.0,24
0.15528670957689114,0.0,0.0027677089731755755,0.0,0.0,24
0.12200940109185995,0.0,0.0,0.0,0.0,24
0.10218018261104717,0.0,0.0,0.0,0.0,24
0.07920793828612743,0.0,0.0,0.0,0.0,24
0.06444724287082829,0.0,0.0,0.0,0.0,24
0.05251766585308787,0.0,0.0,0.0,0.0,24
0.03977064644840923,0.0,0.0,0.0,0.0,24
0.04122593273365461,0.0,0.0,0.0,0.0,24
0.04070356380473405,0.0,0.0,0.0,0.0,24
0.04311175688926311,0.0,0.0,0.0,0.0,24
0.03059583631804901,0.0,0.0,0.0,0.0,24
0.07928229975366714,0.0,0.0,0.0,0.0,24
0.06274337267127102,0.0,0.0,0.0,0.0,24
0.05045030987654317,0.0,0.0,0.0,0.0,24
0.042170975315361584,0.0,0.0,0.0,0.0,24
0.051339278218575035,0.0,0.0,0.0,0.0,24
0.04500149405017966,0.0,0.0,0.0,0.0,24
0.04581676947970834,0.0,0.0,0.0,0.0,24
0.05786442704665537,0.0,0.0,0.0,0.0,24
0.04369657317404395,0.0,0.0,0.0,0.0,24
0.04447420190504776,0.0,0.0,0.0,0.0,24
0.04376047261680571,0.0,0.0,0.0,0.0,24
0.05119511178651534,0.0,0.0,0.0,0.0,24
0.0850526260320814,0.0,0.05786861921763743,0.0,0.0,24
0.15277398242269244,0.0,0.0,0.0,0.0,24
0.12124472503849615,0.0,0.0,0.0,0.0,24
0.1123809663303515,0.003310684090016114,0.0,0.0,0.0,24
0.07213526467908325,0.0,0.0,0.0,0.0,24
0.05161643410553482,0.0,0.0,0.0,0.0,24
0.04809705136624469,0.0,0.0,0.0,0.0,24
0.039519632580463086,0.0,0.0,0.0,0.0,24
0.051195138485199014,0.0,0.0,0.0,0.0,24
0.043771076472455615,0.0,0.0,0.0,0.0,24
0.041204583117572954,0.0,0.0,0.0,0.0,24
0.03096197880325082,0.0,0.0,0.0,0.0,24
0.056116921125733764,0.0,0.0,0.0,0.0,24
0.10097418063352598,0.021553289719680763,0.0,0.0,0.0,24
0.09044789298052354,0.0,0.0,0.0,0.0,24
0.1257574811505254,0.09785855705534838,0.0,0.0,0.0,24
0.06762728757692525,0.0,0.0,0.0,0.0,24
0.06266741069297922,0.0,0.0,0.0,0.0,24
0.047172853765851244,0.0,0.0,0.0,0.0,24
0.0442386536313412,0.0,0.0,0.0,0.0,24
0.07816761503801666,0.0,0.0,0.0,0.0,24
0.09134738051872796,0.0,0.0,0.0,0.0,24
0.1016723288757042,0.0,0.0,0.0,0.0,24
0.07767576487284622,0.0,0.0,0.0,0.0,24
0.11546175837461446,0.0,0.0017291456503217978,0.0,0.0,24
0.09317280009680798,0.0,0.031697689232586826,0.0,0.0,24
0.10687068045571481,0.0,0.0,0.0,0.0,24
0.10619660562239867,0.0,0.0,0.0,0.0,24
0.06834243828503501,0.0,0.0,0.0,0.0,24
0.047181630788884,0.0,0.0,0.0,0.0,24
0.04551391429916108,0.0,0.0,0.0,0.0,24
0.05113429540020907,0.0,0.0,0.0,0.0,24
0.05021558207968242,0.0,0.0,0.0,0.0,24
0.059678324287711436,0.0,0.0,0.0,0.0,24
0.040128792249040854,0.0,0.0,0.0,0.0,24
0.044289953584005094,0.0,0.0,0.0,0.0,24
0.06479708780134963,0.0,0.0,0.0,0.0,24
0.037156415298997436,0.0,0.0,0.0,0.0,24
0.05656239659840437,0.0,0.0,0.0,0.0,24
0.04201968268814018,0.0,0.0,0.0,0.0,24
0.03795965805897372,0.0,0.0,0.0,0.0,24
0.054003226517480005,0.0,0.0,0.0,0.0,24
0.03640605953666261,0.0,0.0,0.0,0.0,24
0.04659410732989341,0.0,0.0,0.0,0.0,24
0.04828414491015553,0.0,0.0,0.0,0.0,24
0.050518265269426134,0.0,0.0,0.0,0.0,24
0.06951339856285929,0.0,0.0,0.0,0.0,24
0.08869221710200213,0.0,0.06159875195601362,0.0,0.0,24
0.12849467479690987,0.1762140515762409,0.0,0.0,0.0,24
0.11600371825758181,0.0,0.01613261563190839,0.0,0.0,24
0.13462024841872824,0.0,0.0,0.0,0.0,24
0.13622141668141932,0.0,0.0,0.0,0.0,24
0.07731211020145848,0.0,0.0,0.0,0.0,24
0.05125911307922489,0.0,0.0,0.0,0.0,24
0.05173859323915155,0.0,0.0,0.0,0.0,24
0.04364087354606749,0.0,0.0,0.0,0.0,24
0.040913189954017985,0.0,0.0,0.0,0.0,24
0.05366191571148594,0.0,0.0,0.0,0.0,24
0.059123916925305754,0.0,0.0,0.0,0.0,24
0.038401830063364194,0.0,0.0,0.0,0.0,24
0.04771098676443694,0.0,0.0,0.0,0.0,24
0.1292219133846381,0.0676232791875451,0.0,0.0,0.0,24
0.1370536163742091,0.0,0.14040766536454263,0.0,0.0,24
0.15930249322293064,0.0,0.39678836830785635,0.0,0.0,24
0.12282166741269186,0.0,0.0,0.0,0.0,24
0.08063888807494948,0.0,0.0,0.0,0.0,24
0.15207007488239338,0.0,0.4545629978238062,0.0,0.0,24
0.21020625002836826,0.3559234326399372,0.0,0.0,0.0,24
0.18217614508798038,0.17565890101791323,0.0,0.0,0.0,24
0.1657736379501302,0.0,0.45458354447327165,0.0,0.0,24
0.13568531572323803,0.0,0.19115234063903855,0.0,0.0,24
0.25359076344879894,0.0,0.45021519963454537,0.0,0.0,24
0.284419282279705,0.0,0.03168509329065772,0.0,0.0,24
0.1363177760287386,0.0,0.43650713644835704,0.0,0.0,24
0.24705151572453316,0.0,0.06823947306438394,0.0,0.0,24
0.1720099766710149,0.0,0.0,0.0,0.0,24
0.06317955239029788,0.0,0.0,0.0,0.0,24
0.047621770426207466,0.0,0.0,0.0,0.0,24
0.06194782720798051,0.0,0.0,0.0,0.0,24
0.05117167645833193,0.0,0.0,0.0,0.0,24
0.05723206171690634,0.0,0.0,0.0,0.0,24
0.057072339875490416,0.0,0.0,0.0,0.0,24
0.0517705734368192,0.0,0.0,0.0,0.0,24
0.05391232750460453,0.0,0.0,0.0,0.0,24
0.04181067178614647,0.0,0.0,0.0,0.0,24
0.06068230993165284,0.0,0.0,0.0,0.0,24
0.06162684356096821,0.0,0.07131544330772877,0.0,0.0,24
0.12613254956732947,0.05430492841329995,0.0,0.0,0.0,24
0.13832025792082717,0.0,0.0,0.0,0.0,24
0.09853544882787113,0.12516918041433583,0.0,0.0,0.0,24
0.09148697429831658,0.0,0.03692909993137615,0.0,0.0,24
0.13164490233917908,0.011579365091198363,0.0,0.0,0.0,24
0.1271933013000611,0.0,0.0056808993644224814,0.0,0.0,24
0.14561410385458862,0.0,0.0,0.0,0.0,24
0.14257937070868967,0.0,0.048716568604139726,0.0,0.0,24
0.1497689797734539,0.0,0.0,0.0,0.0,24
0.15020109151499783,0.0,0.20049490811359671,0.0,0.0,24
0.22185696272300856,0.0,0.0016304184306187297,0.0,0.0,24
0.10279742282432058,0.0,0.0,0.0,0.0,24
0.09997966968037202,0.0,0.0,0.0,0.0,24
0.06657702434600578,0.0,0.0,0.0,0.0,24
0.051820978242596655,0.0,0.0,0.0,0.0,24
0.03879610687251527,0.0,0.0,0.0,0.0,24
0.04399753626813587,0.0,0.0,0.0,0.0,24
0.051618299737400467,0.0,0.0,0.0,0.0,24
0.04431594136252471,0.0,0.0,0.0,0.0,24
0.019486444038860563,0.0,0.0,0.0,0.0,24
0.03903364916008173,0.0,0.0,0.0,0.0,24
0.053572289426912986,0.0,0.0,0.0,0.0,24
0.043281925105670124,0.0,0.0,0.0,0.0,24
0.10158602995867837,0.0,0.02154879670574579,0.0,0.0,24
0.1549624910216413,0.0,0.0,0.0,0.0,24
0.12823951422362095,0.0,0.0,0.0,0.0,24
0.1344060551231109,0.0,0.0,0.0,0.0,24
0.12291043063720397,0.0,0.008566712099038865,0.0,0.0,24
0.10768322537555391,0.0,0.0020548826041503487,0.0,0.0,24
0.16609799937341202,0.0,0.01928676352003983,0.0,0.0,24
0.1017930128240854,0.0,0.0,0.0,0.0,24
0.10319531136759864,0.0,0.003732600494762442,0.0,0.0,24
0.12219476647766765,0.0,0.09176764638230715,0.0,0.0,24
0.11789092105278935,0.19064940667604768,0.0,0.0,0.0,24
0.12476216759441683,0.0,0.0,0.0,0.0,24
0.10695709415308864,0.0,0.0,0.0,0.0,24
0.13787453883726766,0.0,0.2066459826507037,0.0,0.0,24
0.15929088391455637,0.0,0.1194376189176155,0.0,0.0,24
0.10531015720802127,0.0,0.0,0.0,0.0,24
0.07341897958518923,0.0,0.0,0.0,0.0,24
0.05844080681335537,0.0,0.0,0.0,0.0,24
0.04329937151277767,0.0,0.0,0.0,0.0,24
0.044111274615834674,0.0,0.0,0.0,0.0,24
0.04388884231195095,0.0,0.0,0.0,0.0,24
0.04039884146028359,0.0,0.0,0.0,0.0,24
0.04005382094689305,0.0,0.0,0.0,0.0,24
0.0377112557463536,0.0,0.0,0.0,0.0,24
0.06925480022916244,0.0,0.0,0.0,0.0,24
0.09836947045393094,0.013989904646376422,0.0,0.0,0.0,24
0.07360967189223347,0.0,0.0,0.0,0.0,24
0.1016152497541257,0.0,0.08551898023547047,0.0,0.0,24
0.08258830347380068,0.0,0.043159156124292566,0.0,0.0,24
0.16348682849995957,0.0,0.13678373113714845,0.0,0.0,24
0.2144675803845488,0.0,0.20639213849708896,0.0,0.0,24
0.10757121213899883,0.0,0.0,0.0,0.0,24
0.14690913361657634,0.0,0.0,0.0,0.0,24
0.10698938639252806,0.0,0.0,0.0,0.0,24
0.15905776289509996,0.0,0.20533572031589206,0.0,0.0,24
0.19590311106509314,0.0,0.029966770658938324,0.0,0.0,24
0.13989293218261667,0.0,0.0,0.0,0.0,24
0.10528636195476665,0.0,0.0,0.0,0.0,24
0.08170952546277234,0.0,0.0,0.0,0.0,24
0.03292415885865703,0.0,0.0,0.0,0.0,24
0.0644585196988106,0.0,0.0,0.0,0.0,24
0.0363299877994338,0.0,0.0,0.0,0.0,24
0.05706076494922041,0.0,0.0,0.0,0.0,24
0.040550134838309486,0.0,0.0,0.0,0.0,24
0.048042932417407626,0.0,0.0,0.0,0.0,24
0.04324505880203043,0.0,0.0,0.0,0.0,24
0.05257718772713914,0.0,0.0,0.0,0.0,24
0.048287815462090815,0.0,0.0,0.0,0.0,24
0.06010297107368111,0.0,0.0,0.0,0.0,24
0.05363911377246467,0.0,0.0,0.0,0.0,24
0.040194238834990695,0.0,0.0,0.0,0.0,24
0.04668291853226675,0.0,0.0,0.0,0.0,24
0.04386584064066954,0.0,0.0,0.0,0.0,24
0.04919973776643428,0.0,0.0,0.0,0.0,24
0.02395671617717689,0.0,0.0,0.0,0.0,24
0.036590642910564006,0.0,0.0,0.0,0.0,24
0.03894170281773627,0.0,0.0,0.0,0.0,24
0.0315443425606978,0.0,0.03438105228597593,0.0,0.0,24
0.12041628529477455,0.0,0.09536852010677135,0.0,0.0,24
0.13985373198536435,0.0,0.0,0.0,0.0,24
0.13502724545117753,0.0,0.04737647035365111,0.0,0.0,24
0.1529237396855785,0.0,0.0,0.0,0.0,24
0.07858105726227975,0.0,0.0,0.0,0.0,24
0.030506556837179316,0.0,0.0,0.0,0.0,24
0.04474624655837162,0.0,0.0,0.0,0.0,24
0.03583518114096356,0.0,0.0,0.0,0.0,24
0.036382907747044786,0.0,0.0,0.0,0.0,24
0.040551381446910575,0.0,0.0,0.0,0.0,24
0.04430736743283972,0.0,0.0,0.0,0.0,24
0.04321294120895903,0.0,0.0,0.0,0.0,24
0.057632726266898554,0.0,0.0,0.0,0.0,24
0.07255660288106847,0.0,0.0,0.0,0.0,24
0.04657961055643326,0.0,0.0,0.0,0.0,24
0.045785220223140875,0.0,0.0,0.0,0.0,24
0.07442202462588268,0.0,0.0,0.0,0.0,24
0.05716829721750778,0.0,0.0,0.0,0.0,24
0.07766174309393575,0.0,0.0,0.0,0.0,24
0.05472280944928526,0.0,0.0,0.0,0.0,24
0.08004199833550131,0.0,0.0,0.0,0.0,24
0.08994416256274558,0.0,0.0,0.0,0.0,24
0.10676039743970511,0.0,0.0,0.0,0.0,24
0.1320909928123197,0.0,0.0,0.0,0.0,24
0.14220861426793657,0.02448808766098093,0.0,0.0,0.0,24
0.11681467880711204,0.0,0.179258797095997,0.0,0.0,24
0.11968505633432248,0.0,0.09254195619491147,0.0,0.0,24
0.19849836308390714,0.0,0.129044153292481,0.0,0.0,24
0.0972478714421606,0.0,0.0,0.0,0.0,24
0.03350747192604267,0.0,0.0,0.0,0.0,24
0.05124596808538366,0.0,0.0,0.0,0.0,24
0.043245662939297255,0.0,0.0,0.0,0.0,24
0.04083715672513933,0.0,0.0,0.0,0.0,24
0.041695367686949134,0.0,0.0,0.0,0.0,24
0.041350804331369055,0.0,0.0,0.0,0.0,24
0.0495684504516329,0.0,0.0,0.0,0.0,24
0.05440151231689426,0.0,0.0,0.0,0.0,24
0.04676980422646217,0.0,0.0,0.0,0.0,24
0.0425568197518748,0.0,0.0,0.0,0.0,24
0.04876277995467951,0.0,0.0,0.0,0.0,24
0.015582320758982414,0.0,0.0,0.0,0.0,24
0.04411718109568066,0.0,0.0,0.0,0.0,24
0.041608547453468585,0.0,0.0,0.0,0.0,24
0.04227911281680198,0.0,0.0,0.0,0.0,24
0.03525647063275942,0.0,0.0,0.0,0.0,24
0.061138013454478314,0.0,0.0,0.0,0.0,24
0.08382878273677936,0.0,0.0,0.0,0.0,24
0.09381708024165396,0.0,0.010023937145865566,0.0,0.0,24
0.09381929441489453,0.0,0.18232546393023039,0.0,0.0,24
0.15793594057310542,0.0,0.010429250864671669,0.0,0.0,24
0.1404207271236993,0.0,0.0,0.0,0.0,24
0.09533014059902438,0.09393238825181226,0.0,0.0,0.0,24
0.05926122290922429,0.0,0.0,0.0,0.0,24
0.03415181295846789,0.0,0.0,0.0,0.0,24
0.04860645398811763,0.0,0.0,0.0,0.0,24
0.043538147595402116,0.0,0.0,0.0,0.0,24
0.03985978344153879,0.0,0.0,0.0,0.0,24
0.015916015218302444,0.0,0.0,0.0,0.0,24
0.05506611199730293,0.0,0.0,0.0,0.0,24
0.033576566234259954,0.0,0.0,0.0,0.0,24
0.05844501787778286,0.0,0.0,0.0,0.0,24
0.05865612685396175,0.0,0.0,0.0,0.0,24
0.08505969370732584,0.0,0.0,0.0,0.0,24
0.11393137241291848,0.0,0.05055169589241809,0.0,0.0,24
0.08421784095032638,0.0,0.0,0.0,0.0,24
0.09272510979391331,0.0,0.0,0.0,0.0,24
0.074848404014711,0.0,0.0,0.0,0.0,24
0.09121645377141063,0.0,0.0,0.0,0.0,24
0.0529836664487437,0.0,0.0,0.0,0.0,24
0.05678370432485014,0.0,0.0,0.0,0.0,24
0.03407333033495172,0.0,0.0,0.0,0.0,24
0.03544800843622664,0.0,0.0,0.0,0.0,24
0.07413032828589919,0.0,0.0,0.0,0.0,24
0.07898533891519129,0.0,0.0,0.0,0.0,24
0.06668461749227728,0.0011605949864130494,0.0,0.0,0.0,24
0.08014656005477319,0.0,0.0,0.0,0.0,24
0.06358957809738962,0.0,0.0,0.0,0.0,24
0.03790307724184368,0.0,0.0,0.0,0.0,24
0.029083828799416435,0.0,0.0,0.0,0.0,24
0.0400887736684215,0.0,0.0,0.0,0.0,24
0.03662841047209862,0.0,0.0,0.0,0.0,24
0.047840410147781114,0.0,0.0,0.0,0.0,24
0.03506481332101045,0.0,0.0,0.0,0.0,24
0.054707859251619154,0.0,0.0,0.0,0.0,24
0.03854498875148989,0.0,0.0,0.0,0.0,24
0.05784573285363137,0.0,0.0,0.0,0.0,24
0.05618676572783541,0.0,0.0,0.0,0.0,24
0.1378338246205194,0.0,0.1299619474142551,0.0,0.0,24
0.13092934622694935,0.0,0.29640835921214587,0.0,0.0,24
0.20865756075785682,0.0,0.4044483216643264,0.0,0.0,24
0.18582141884467257,0.5854500402914669,0.0,0.0,0.0,24
0.2630909976281436,0.0,0.09702865526216159,0.0,0.0,24
0.27456985520923277,0.0,0.3326390632073079,0.0,0.0,24
0.3077970869289922,0.0,0.0908787904170279,0.0,0.0,24
0.2832074415651149,0.0,0.3177379424996092,0.0,0.0,24
0.08975360273349968,0.0,0.0,0.0,0.0,24
0.13146587192636966,0.0,0.0,0.0,0.0,24
0.18832428310297455,0.0,0.0,0.0,0.0,24
0.13492553908031701,0.0,0.0,0.0,0.0,24
0.08966582780509746,0.0,0.0,0.0,0.0,24
0.1523111015954183,0.0,0.029788154302095138,0.0,0.0,24
0.08710573589415463,0.0,0.0,0.0,0.0,24
0.11233524733170931,0.0,0.10540992360658767,0.0,0.0,24
0.06529563784618818,0.0,0.0,0.0,0.0,24
0.04794178056490041,0.0,0.0,0.0,0.0,24
0.048841054687470374,0.0,0.0,0.0,0.0,24
0.03486115064305251,0.0,0.0,0.0,0.0,24
0.042991446241694466,0.0,0.0,0.0,0.0,24
0.03292701106112008,0.0,0.0,0.0,0.0,24
0.05609883182250901,0.0,0.0,0.0,0.0,24
0.0536949500635716,0.0,0.0,0.0,0.0,24
0.09226957802452507,0.2175775940297378,0.0,0.0,0.0,24
0.1574008191842659,0.0,0.0008110571532106425,0.0,0.0,24
0.1410876194685785,0.0,0.16641634978673675,0.0,0.0,24
0.12681712883994878,0.0,0.41604777248454505,0.0,0.0,24
0.15352446553287785,0.0,0.0,0.0,0.0,24
0.13847817307591795,0.0,0.0,0.0,0.0,24
0.12962214482720827,0.0,0.0,0.0,0.0,24
0.1280718519037138,0.0,0.0,0.0,0.0,24
0.07038189348044406,0.0,0.049620362738701476,0.0,0.0,24
0.1306242393743889,0.0,0.26897871398717255,0.0,0.0,24
0.18052732143507055,0.0,0.0,0.0,0.0,24
0.12125494201937896,0.0,0.0,0.0,0.0,24
0.1320051362498791,0.0,0.030934212721572207,0.0,0.0,24
0.09082542435751698,0.0,0.0,0.0,0.0,24
0.08116475517585907,0.0,0.0,0.0,0.0,24
0.05134499536162362,0.0,0.0,0.0,0.0,24
0.059212588652720485,0.0,0.0,0.0,0.0,24
0.039227467554300274,0.0,0.0,0.0,0.0,24
0.055500672342740344,0.0,0.0,0.0,0.0,24
0.04033340355866714,0.0,0.0,0.0,0.0,24
0.0364030156199681,0.0,0.0,0.0,0.0,24
0.05703477100002532,0.0,0.0,0.0,0.0,24
0.04472940501000979,0.0,0.0,0.0,0.0,24
0.047692374422696804,0.0,0.0,0.0,0.0,24
0.039510339185934336,0.0,0.0,0.0,0.0,24
0.04240407108269746,0.0,0.0,0.0,0.0,24
0.041222562180687844,0.0,0.0,0.0,0.0,24
0.058939748913764356,0.0,0.0,0.0,0.0,24
0.06663545718644141,0.0,0.0,0.0,0.0,24
0.04926500041138764,0.0,0.0,0.0,0.0,24
0.05234252237520339,0.0,0.0,0.0,0.0,24
0.08303123641260185,0.0,0.0,0.0,0.0,24
0.10561339309362949,0.0,0.12245168759285757,0.0,0.0,24
0.1443344761352274,0.0,0.5046446969770125,0.0,0.0,24
0.1692924247871634,0.0,0.0,0.0,0.0,24
0.1450822380567009,0.0,0.015398361205925748,0.0,0.0,24
0.12435758436255445,0.0,0.0,0.0,0.0,24
0.07178920849790682,0.0,0.0,0.0,0.0,24
0.04697849405736721,0.0,0.0,0.0,0.0,24
0.0533372076071556,0.0,0.0,0.0,0.0,24
0.0298102544245136,0.0,0.0,0.0,0.0,24
0.050377959940110455,0.0,0.0,0.0,0.0,24
0.041693735836724886,0.0,0.0,0.0,0.0,24
0.04881473620124169,0.0,0.0,0.0,0.0,24
0.04369156596229496,0.0,0.0,0.0,0.0,24
0.13571733299025976,0.0,0.0,0.0,0.0,24
0.07809727893716671,0.0,0.0,0.0,0.0,24
0.14695850895261167,0.0,0.06414860214610124,0.0,0.0,24
0.05456201258666199,0.0,0.0,0.0,0.0,24
0.018518683385129433,0.0,0.0,0.0,0.0,24
0.0627647706727059,0.0,0.0,0.0,0.0,24
0.10244755148728935,0.0,0.01120434507060869,0.0,0.0,24
0.13445766361615982,0.0,0.03151563469748425,0.0,0.0,24
0.10922110628409548,0.0,0.04428062635589461,0.0,0.0,24
0.15441195924537013,0.0,0.0326038207717573,0.0,0.0,24
0.1452604479584169,0.0,0.04121468632854722,0.0,0.0,24
0.036453377882262245,0.0,0.1473898340456018,0.0,0.0,24
0.13030220830400382,0.16531975528240786,0.0,0.0,0.0,24
0.17540243478189838,0.0,0.007750791791383521,0.0,0.0,24
0.17178781976907156,0.0,0.0,0.0,0.0,24
0.11818418983595279,0.0,0.0,0.0,0.0,24
0.08668389099639184,0.0,0.0,0.0,0.0,24
0.05890142962642016,0.0,0.0,0.0,0.0,24
0.050715977193610755,0.0,0.0,0.0,0.0,24
0.046050532046106415,0.0,0.0,0.0,0.0,24
0.03127583423008218,0.0,0.0,0.0,0.0,24
0.047097882812237535,0.0,0.0,0.0,0.0,24
0.03251497283429217,0.0,0.0,0.0,0.0,24
0.046525849486835934,0.0,0.0,0.0,0.0,24
0.04306052609915221,0.0,0.0,0.0,0.0,24
0.048500688242704225,0.0,0.0,0.0,0.0,24
0.06780383115453886,0.0,0.0,0.0,0.0,24
0.08170342903572271,0.0,0.0,0.0,0.0,24
0.1086981058337363,0.0,0.0,0.0,0.0,24
0.0751646832175536,0.0,0.0,0.0,0.0,24
0.03914816270663391,0.0,0.0,0.0,0.0,24
0.05205049956494996,0.0,0.0,0.0,0.0,24
0.06870413331980603,0.0,0.0,0.0,0.0,24
0.0738437076361078,0.0,0.0,0.0,0.0,24
0.08825928768867226,0.0,0.0,0.0,0.0,24
0.1200647413347074,0.0,0.18991338285555537,0.0,0.0,24
0.09960125519224418,0.0,0.0325505656111086,0.0,0.0,24
0.09245381648032888,0.13292523676070592,0.0,0.0,0.0,24
0.1471726698389824,0.023039735802044936,0.0,0.0,0.0,24
0.19372290238496168,0.0,0.09600808710502004,0.0,0.0,24
0.04186012621034894,0.0,0.0,0.0,0.0,24
0.04251386853075093,0.0,0.0,0.0,0.0,24
0.046036915058035345,0.0,0.0,0.0,0.0,24
0.042515558870741293,0.0,0.0,0.0,0.0,24
0.04747370778152116,0.0,0.0,0.0,0.0,24
0.03572287655741235,0.0,0.0,0.0,0.0,24
0.046971313136780046,0.0,0.0,0.0,0.0,24
0.034892248161737,0.0,0.0,0.0,0.0,24
0.05184029714218471,0.0,0.0,0.0,0.0,24
0.061351053733928226,0.0,0.0,0.0,0.0,24
0.11670332378093361,0.0,0.0,0.0,0.0,24
0.07671236856473887,0.0,0.1612544379892081,0.0,0.0,24
0.11815725624583338,0.0,0.24890617498312007,0.0,0.0,24
0.17148214948059173,0.0,0.2295812176600763,0.0,0.0,24
0.21383136934507838,0.0,0.10667906212979869,0.0,0.0,24
0.21105136898776905,0.0,0.08455335656458007,0.0,0.0,24
0.06947167545684242,0.0,0.0,0.0,0.0,24
0.06444324905609773,0.0,0.0,0.0,0.0,24
0.06103305202646231,0.0,0.0,0.0,0.0,24
0.19025622393807848,0.0,0.6080365178557718,0.0,0.0,24
0.21320702645151554,0.4551191264569111,0.0,0.0,0.0,24
0.2621457614291415,0.0,0.05410925753005086,0.0,0.0,24
0.2663194698030997,0.0,0.0007534157774920502,0.0,0.0,24
0.1154393630404867,0.0,0.0,0.0,0.0,24
0.06460304800891564,0.0,0.0,0.0,0.0,24
0.06675834036570726,0.0,0.0,0.0,0.0,24
0.06271974181498897,0.0,0.0,0.0,0.0,24
0.05703025678261189,0.0,0.0,0.0,0.0,24
0.052960274357947285,0.0,0.0,0.0,0.0,24
0.03717142402344456,0.0,0.0,0.0,0.0,24
0.05926287789560576,0.0,0.0,0.0,0.0,24
0.06214580767985283,0.0,0.0,0.0,0.0,24
0.051760630647999864,0.0,0.0,0.0,0.0,24
0.059740860309664266,0.0,0.0,0.0,0.0,24
0.13461032966527156,0.006772884033259041,0.0,0.0,0.0,24
0.1557866816414616,0.0,0.0087928792991597,0.0,0.0,24
0.12613740719202088,0.0,0.273392753547154,0.0,0.0,24
0.1757723699416116,0.2582468047599779,0.0,0.0,0.0,24
0.1790248425407127,0.0,0.18567622822395594,0.0,0.0,24
0.17137369464343138,0.0,0.09415843126889917,0.0,0.0,24
0.20823881446175627,0.0,0.26054866245338104,0.0,0.0,24
0.13140784817971807,0.0,0.0,0.0,0.0,24
0.08678162785861374,0.0,0.0,0.0,0.0,24
0.15446601373226487,0.0,0.0,0.0,0.0,24
0.15583256800441297,0.0,0.12402190050592588,0.0,0.0,24
0.189612716580195,0.0,0.5728009689487403,0.0,0.0,24
0.1356103469469153,0.0,0.05945809059831467,0.0,0.0,25
0.10940562163047864,0.0,0.17426148229632404,0.0,0.0,25
0.218179562813578,0.0,0.0,0.0,0.0,25
0.09605916538720716,0.0,0.0,0.0,0.0,25
0.08479382325790634,0.0,0.0,0.0,0.0,25
0.12290180182878967,0.0,0.0015876085430092668,0.0,0.0,25
0.14778440739773968,0.0,0.0,0.0,0.0,25
0.11289451663526627,0.0,0.0,0.0,0.0,25
0.09542379074362392,0.0,0.0,0.0,0.0,25
0.1599500240916838,0.0,0.3171612603610258,0.0,0.0,25
0.17962184240775564,0.0,0.0,0.0,0.0,25
0.082867953668123,0.0,0.0,0.0,0.0,25
0.04823012291415862,0.0,0.0,0.0,0.0,25
0.04628051633038763,0.0,0.0,0.0,0.0,25
0.047782309751995315,0.0,0.0,0.0,0.0,25
0.045217736565673225,0.0,0.0,0.0,0.0,25
0.03296409456983533,0.0,0.0,0.0,0.0,25
0.03991148721082583,0.0,0.0,0.0,0.0,25
0.04614665567074854,0.0,0.0,0.0,0.0,25
0.039547436666713856,0.0,0.0,0.0,0.0,25
0.04487462743457768,0.0,0.0,0.0,0.0,25
0.03412236603514955,0.0,0.0,0.0,0.0,25
0.0567582235496237,0.0,0.0,0.0,0.0,25
0.08766985937298308,0.0,0.18723572769334548,0.0,0.0,25
0.09428408960691162,0.0,0.13774200853050098,0.0,0.0,25
0.158772222251755,0.0,0.04232546033309148,0.0,0.0,25
0.03352393677080556,0.0,0.0,0.0,0.0,25
0.04557481531993283,0.0,0.0,0.0,0.0,25
0.05249717316277237,0.0,0.0,0.0,0.0,25
0.04451972202556052,0.0,0.0,0.0,0.0,25
0.03614470315074378,0.0,0.0,0.0,0.0,25
0.03811286789215433,0.0,0.0,0.0,0.0,25
0.042467644455130855,0.0,0.0,0.0,0.0,25
0.04206090320526139,0.0,0.0,0.0,0.0,25
0.05551053657546231,0.0,0.0,0.0,0.0,25
0.0807844055008461,0.0,0.0,0.0,0.0,25
0.057396975567122144,0.0,0.0,0.0,0.0,25
0.06059638129183165,0.0,0.0,0.0,0.0,25
0.04027235111501313,0.0,0.0,0.0,0.0,25
0.04815340618460832,0.0,0.0,0.0,0.0,25
0.05623169158836636,0.0,0.0,0.0,0.0,25
0.052620553425648406,0.0,0.0,0.0,0.0,25
0.03943507478863551,0.0,0.0,0.0,0.0,25
0.042014215700252704,0.0,0.0,0.0,0.0,25
0.05624114106930091,0.0,0.0,0.0,0.0,25
0.04933807036276311,0.0,0.0,0.0,0.0,25
0.05858114585632323,0.0,0.0,0.0,0.0,25
0.06187237148036035,0.0,0.0,0.0,0.0,25
0.061733213699893326,0.0,0.0,0.0,0.0,25
0.0514382771056836,0.0,0.0,0.0,0.0,25
0.054775307917315844,0.0,0.0,0.0,0.0,25
0.13854984359842407,0.0,0.030062457459417186,0.0,0.0,25
0.11238610973503965,0.0,0.12932811297176125,0.0,0.0,25
0.08404543586970671,0.0,0.013391223254909934,0.0,0.0,25
0.06679671867622121,0.0,0.0,0.0,0.0,25
0.09673929321678286,0.0,0.0,0.0,0.0,25
0.10303292533723707,0.0,0.2894178073987111,0.0,0.0,25
0.13295949449757608,0.0,0.0,0.0,0.0,25
0.1490539244232953,0.0,0.0,0.0,0.0,25
0.10396973987512516,0.0,0.0,0.0,0.0,25
0.06782117765715391,0.0,0.0,0.0,0.0,25
0.0799517902566226,0.0,0.0,0.0,0.0,25
0.05063703326314012,0.0,0.0,0.0,0.0,25
0.03840808729213256,0.0,0.0,0.0,0.0,25
0.046170922603178885,0.0,0.0,0.0,0.0,25
0.047451776412520505,0.0,0.0,0.0,0.0,25
0.04675382190688319,0.0,0.0,0.0,0.0,25
0.028603953165961295,0.0,0.0,0.0,0.0,25
0.07342113635282356,0.0,0.0,0.0,0.0,25
0.0700811899518501,0.0,0.0,0.0,0.0,25
0.058035413814192506,0.0,0.0,0.0,0.0,25
0.04701622870333589,0.0,0.0,0.0,0.0,25
0.04813875691843386,0.0,0.0,0.0,0.0,25
0.04580759257316551,0.0,0.0,0.0,0.0,25
0.04473705803819291,0.0,0.0,0.0,0.0,25
0.05822676824847584,0.0,0.0,0.0,0.0,25
0.04380635736633248,0.0,0.0,0.0,0.0,25
0.041757201176620046,0.0,0.0,0.0,0.0,25
0.05661995014363277,0.0,0.0,0.0,0.0,25
0.047863520165419414,0.0,0.0,0.0,0.0,25
0.14960553143190372,0.0,0.0,0.0,0.0,25
0.12866346709745408,0.0,0.005885527861865331,0.0,0.0,25
0.1173814637805222,0.0,0.02371275142315482,0.0,0.0,25
0.13387114932848065,0.0,0.0,0.0,0.0,25
0.05340702556179028,0.0,0.0,0.0,0.0,25
0.0561656876008351,0.0,0.0,0.0,0.0,25
0.042766972647975715,0.0,0.0,0.0,0.0,25
0.041915116215186995,0.0,0.0,0.0,0.0,25
0.048532962533809,0.0,0.0,0.0,0.0,25
0.05300238423427421,0.0,0.0,0.0,0.0,25
0.04208890591525251,0.0,0.0,0.0,0.0,25
0.044297192640990274,0.0,0.0,0.0,0.0,25
0.0632545940895581,0.0,0.0,0.0,0.0,25
0.12604290027832957,0.013614928546837185,0.0,0.0,0.0,25
0.08493987822567836,0.0,0.0,0.0,0.0,25
0.1165735654009793,0.15185635160072702,0.0,0.0,0.0,25
0.06848415788544426,0.0,0.0,0.0,0.0,25
0.0615780331104501,0.0,0.0,0.0,0.0,25
0.04891864782857802,0.0,0.0,0.0,0.0,25
0.05415650336242222,0.0,0.0,0.0,0.0,25
0.08049209171841704,0.0,0.0,0.0,0.0,25
0.0799475446747411,0.0,0.0,0.0,0.0,25
0.08856979558958655,0.0,0.0,0.0,0.0,25
0.08023195321751535,0.0,0.0,0.0,0.0,25
0.105340924122632,0.0,0.0,0.0,0.0,25
0.1165084840884565,0.0,0.0,0.0,0.0,25
0.12160152135446535,0.0,0.0,0.0,0.0,25
0.10270345694413809,0.0,0.0,0.0,0.0,25
0.05197950516478118,0.0,0.0,0.0,0.0,25
0.04089143577621089,0.0,0.0,0.0,0.0,25
0.05809126417890629,0.0,0.0,0.0,0.0,25
0.053054790003364785,0.0,0.0,0.0,0.0,25
0.049274223827707825,0.0,0.0,0.0,0.0,25
0.05181211646433692,0.0,0.0,0.0,0.0,25
0.0356090409267022,0.0,0.0,0.0,0.0,25
0.04800840320926192,0.0,0.0,0.0,0.0,25
0.05759464384661609,0.0,0.0,0.0,0.0,25
0.037807942177339265,0.0,0.0,0.0,0.0,25
0.044413831130480086,0.0,0.0,0.0,0.0,25
0.03612540007338059,0.0,0.0,0.0,0.0,25
0.030259513050907558,0.0,0.0,0.0,0.0,25
0.05613681745460116,0.0,0.0,0.0,0.0,25
0.03697934368939751,0.0,0.0,0.0,0.0,25
0.041763780318598474,0.0,0.0,0.0,0.0,25
0.04776843180527137,0.0,0.0,0.0,0.0,25
0.04576416843197326,0.0,0.0,0.0,0.0,25
0.05907217779793429,0.0,0.0,0.0,0.0,25
0.133730795950965,0.0,0.04099878355880612,0.0,0.0,25
0.13840128093278595,0.16730875384923002,0.0,0.0,0.0,25
0.14914904305424154,0.0,0.0,0.0,0.0,25
0.10543862081146753,0.0,0.03462448507102707,0.0,0.0,25
0.1297942067701674,0.0,0.0,0.0,0.0,25
0.06393530672943439,0.0,0.0,0.0,0.0,25
0.0679489244610591,0.0,0.0,0.0,0.0,25
0.04040207216462329,0.0,0.0,0.0,0.0,25
0.054234523299344646,0.0,0.0,0.0,0.0,25
0.04301800046172993,0.0,0.0,0.0,0.0,25
0.05077891757134632,0.0,0.0,0.0,0.0,25
0.05477245505416355,0.0,0.0,0.0,0.0,25
0.03385221017251517,0.0,0.0,0.0,0.0,25
0.055785043970226884,0.0,0.0,0.0,0.0,25
0.14252476155881819,0.07901031577809972,0.0,0.0,0.0,25
0.11994817881016377,0.0,0.1361036058542508,0.0,0.0,25
0.14798773872537946,0.0,0.3998599205887438,0.0,0.0,25
0.133694299731424,0.0,0.0,0.0,0.0,25
0.08263844503056497,0.0,0.0,0.0,0.0,25
0.1289375597705868,0.0,0.3902255786363639,0.0,0.0,25
0.229658730948322,0.2769755736796614,0.0,0.0,0.0,25
0.14341966008100013,0.24811412270936264,0.0,0.0,0.0,25
0.18070793886519826,0.0,0.2827145008134132,0.0,0.0,25
0.2219811479853499,0.0,0.09218992973591761,0.0,0.0,25
0.2148946151818656,0.0,0.2863077539852672,0.0,0.0,25
0.22611459587470809,0.0,0.1260865717271927,0.0,0.0,25
0.22340039846755824,0.0,0.3654962817509706,0.0,0.0,25
0.2098308409710164,0.0,0.15978085355724747,0.0,0.0,25
0.16813459618608947,0.0,0.0,0.0,0.0,25
0.051474326014444176,0.0,0.0,0.0,0.0,25
0.039936606613547934,0.0,0.0,0.0,0.0,25
0.06739278605085625,0.0,0.0,0.0,0.0,25
0.04844351535222635,0.0,0.0,0.0,0.0,25
0.05119374188750906,0.0,0.0,0.0,0.0,25
0.04911189271004484,0.0,0.0,0.0,0.0,25
0.05893347154709918,0.0,0.0,0.0,0.0,25
0.055213781106508236,0.0,0.0,0.0,0.0,25
0.05201284043783597,0.0,0.0,0.0,0.0,25
0.06014565378456619,0.0,0.0,0.0,0.0,25
0.12342974485173584,0.0,0.006959476489391117,0.0,0.0,25
0.14811767926183378,0.0005614180217919373,0.0,0.0,0.0,25
0.08990572596226788,0.0,0.052316192304237744,0.0,0.0,25
0.1745412519111581,0.05232595408722657,0.0,0.0,0.0,25
0.10387194750822881,0.0,0.0,0.0,0.0,25
0.16726833546241,0.0,0.0,0.0,0.0,25
0.12824174214716894,0.0,0.003653812350744856,0.0,0.0,25
0.11274636839943833,0.0,0.0,0.0,0.0,25
0.17529894946195934,0.0,0.0,0.0,0.0,25
0.14250805454034243,0.012100024855993818,0.0,0.0,0.0,25
0.10001345089986474,0.0,0.322701429658235,0.0,0.0,25
0.20006345893324454,0.0,0.0,0.0,0.0,25
0.12145877270257352,0.0,0.0,0.0,0.0,25
0.10243869416419962,0.0,0.0,0.0,0.0,25
0.07546318344721095,0.0,0.0,0.0,0.0,25
0.06138398077527104,0.0,0.0,0.0,0.0,25
0.03915650140105076,0.0,0.0,0.0,0.0,25
0.035866084892373855,0.0,0.0,0.0,0.0,25
0.04399571398332467,0.0,0.0,0.0,0.0,25
0.038038665389363346,0.0,0.0,0.0,0.0,25
0.021374114521443992,0.0,0.0,0.0,0.0,25
0.04610356889048672,0.0,0.0,0.0,0.0,25
0.049209137245770196,0.0,0.0,0.0,0.0,25
0.039054415587868374,0.0,0.0,0.0,0.0,25
0.11706007873509484,0.0,0.0,0.0,0.0,25
0.12036228760800495,0.0,0.031171686893421355,0.0,0.0,25
0.09900568518116519,0.0,0.0,0.0,0.0,25
0.13767609126500535,0.0073863522929401015,0.0,0.0,0.0,25
0.12040197301423787,0.0,0.02481098533398625,0.0,0.0,25
0.10983317836261902,0.0,0.02063278421059575,0.0,0.0,25
0.10612334418386395,0.0,0.05906642457943857,0.0,0.0,25
0.10972922641560108,0.0,0.0,0.0,0.0,25
0.11511018170596951,0.0,0.014136350741153908,0.0,0.0,25
0.13197279172921456,0.0,0.11647909641545975,0.0,0.0,25
0.18264998803031415,0.1937484409979728,0.0,0.0,0.0,25
0.13256383343571412,0.0,0.0,0.0,0.0,25
0.10612137422771405,0.0,0.0,0.0,0.0,25
0.14203006557147296,0.0,0.1921178148486718,0.0,0.0,25
0.2170260445999073,0.0,0.11448827533737269,0.0,0.0,25
0.08009885738977093,0.0,0.0,0.0,0.0,25
0.09630071849497016,0.0,0.0,0.0,0.0,25
0.065693096819909,0.0,0.0,0.0,0.0,25
0.04617494274389241,0.0,0.0,0.0,0.0,25
0.052299763259120176,0.0,0.0,0.0,0.0,25
0.04289021328008788,0.0,0.0,0.0,0.0,25
0.04409247296788507,0.0,0.0,0.0,0.0,25
0.048898523774367326,0.0,0.0,0.0,0.0,25
0.04842088191680603,0.0,0.0,0.0,0.0,25
0.062334809577877986,0.0,0.0,0.0,0.0,25
0.10373633898730152,0.0,0.0,0.0,0.0,25
0.06764282022004259,0.0,0.0,0.0,0.0,25
0.09837845505174074,0.0,0.13085538748813758,0.0,0.0,25
0.12534202373153036,0.0,0.0,0.0,0.0,25
0.16303656618219398,0.0,0.14685469617331676,0.0,0.0,25
0.10270426508524408,0.0,0.33351529436020233,0.0,0.0,25
0.0686302787821136,0.0,0.0369848972883418,0.0,0.0,25
0.16567842599164678,0.0,0.0002697705882856172,0.0,0.0,25
0.08979356395368421,0.0,0.0,0.0,0.0,25
0.18468734428491304,0.0,0.18849841282919497,0.0,0.0,25
0.1562965135310963,0.0,0.10878765670451535,0.0,0.0,25
0.16282952562532885,0.0,0.0,0.0,0.0,25
0.11549459294919881,0.0,0.0,0.0,0.0,25
0.07447462911540545,0.0,0.0,0.0,0.0,25
0.031458299981244095,0.0,0.0,0.0,0.0,25
0.06260375347642176,0.0,0.0,0.0,0.0,25
0.040424219197906466,0.0,0.0,0.0,0.0,25
0.04199302545744898,0.0,0.0,0.0,0.0,25
0.04118881344887898,0.0,0.0,0.0,0.0,25
0.044907871075736204,0.0,0.0,0.0,0.0,25
0.045121159191610666,0.0,0.0,0.0,0.0,25
0.053372843993087025,0.0,0.0,0.0,0.0,25
0.05160938445372768,0.0,0.0,0.0,0.0,25
0.0658674009667719,0.0,0.0,0.0,0.0,25
0.04532753015748201,0.0,0.0,0.0,0.0,25
0.03839349371268727,0.0,0.0,0.0,0.0,25
0.042007905831896286,0.0,0.0,0.0,0.0,25
0.04061420563273212,0.0,0.0,0.0,0.0,25
0.04202198185668323,0.0,0.0,0.0,0.0,25
0.02552386305556402,0.0,0.0,0.0,0.0,25
0.038964966304253806,0.0,0.0,0.0,0.0,25
0.03325149494141823,0.0,0.0,0.0,0.0,25
0.07909121275026493,0.0,0.0,0.0,0.0,25
0.11602838488759298,0.0,0.08187025493314207,0.0,0.0,25
0.09896749630291422,0.0,0.03819233598364856,0.0,0.0,25
0.11973294440221448,0.0,0.054028434648386206,0.0,0.0,25
0.14303385574415214,0.0,0.0,0.0,0.0,25
0.06237777044442396,0.0,0.0,0.0,0.0,25
0.03071796190861902,0.0,0.0,0.0,0.0,25
0.04761553834719707,0.0,0.0,0.0,0.0,25
0.037142535667291504,0.0,0.0,0.0,0.0,25
0.04234260381444211,0.0,0.0,0.0,0.0,25
0.04580573664337585,0.0,0.0,0.0,0.0,25
0.04466249967028569,0.0,0.0,0.0,0.0,25
0.03857598336669043,0.0,0.0,0.0,0.0,25
0.05705046956353865,0.0,0.0,0.0,0.0,25
0.06792590291992509,0.0,0.0,0.0,0.0,25
0.04468547292768775,0.0,0.0,0.0,0.0,25
0.047289715539009555,0.0,0.0,0.0,0.0,25
0.07078762371943056,0.0,0.0,0.0,0.0,25
0.05182578568247061,0.0,0.0,0.0,0.0,25
0.07495126441953108,0.0,0.0,0.0,0.0,25
0.04992130215136993,0.0,0.0,0.0,0.0,25
0.09386273795943892,0.0,0.0,0.0,0.0,25
0.08200276648101656,0.0,0.0,0.0,0.0,25
0.08818511353708731,0.0,0.0,0.0,0.0,25
0.1122766231557325,0.0,0.0,0.0,0.0,25
0.1264248936983678,0.034151441690043804,0.0,0.0,0.0,25
0.1442587602695748,0.0,0.11015278393527628,0.0,0.0,25
0.1678539533642169,0.0,0.0,0.0,0.0,25
0.17179089194607883,0.0,0.1436886358278408,0.0,0.0,25
0.09795066921987665,0.0,0.0,0.0,0.0,25
0.045431703197095996,0.0,0.0,0.0,0.0,25
0.042578728441943506,0.0,0.0,0.0,0.0,25
0.04892512975904422,0.0,0.0,0.0,0.0,25
0.03637017799297838,0.0,0.0,0.0,0.0,25
0.03098795312270083,0.0,0.0,0.0,0.0,25
0.047300114653540004,0.0,0.0,0.0,0.0,25
0.04376603008758262,0.0,0.0,0.0,0.0,25
0.05298313770969608,0.0,0.0,0.0,0.0,25
0.04828502224330046,0.0,0.0,0.0,0.0,25
0.03626138927101676,0.0,0.0,0.0,0.0,25
0.037477961844066376,0.0,0.0,0.0,0.0,25
0.01620321660300877,0.0,0.0,0.0,0.0,25
0.051218723798759025,0.0,0.0,0.0,0.0,25
0.03757274491727161,0.0,0.0,0.0,0.0,25
0.04563270427391272,0.0,0.0,0.0,0.0,25
0.03982965503397822,0.0,0.0,0.0,0.0,25
0.05750008615504509,0.0,0.0,0.0,0.0,25
0.10449858146186176,0.0,0.0,0.0,0.0,25
0.10519640765300133,0.0,0.0,0.0,0.0,25
0.11495297552784098,0.0,0.17927004851670955,0.0,0.0,25
0.13302990812094084,0.0,0.0,0.0,0.0,25
0.1050758762889805,0.0,0.0,0.0,0.0,25
0.11488166276614381,0.04942340969554618,0.0,0.0,0.0,25
0.06764807571613941,0.0,0.0,0.0,0.0,25
0.04040351220050227,0.0,0.0,0.0,0.0,25
0.04610102811007985,0.0,0.0,0.0,0.0,25
0.03362693958756235,0.0,0.0,0.0,0.0,25
0.038233227935987296,0.0,0.0,0.0,0.0,25
0.017295868073026282,0.0,0.0,0.0,0.0,25
0.04673366923767766,0.0,0.0,0.0,0.0,25
0.04008333783403163,0.0,0.0,0.0,0.0,25
0.04360017682958461,0.0,0.0,0.0,0.0,25
0.0626560056069816,0.0,0.0,0.0,0.0,25
0.08539310524877036,0.0,0.0,0.0,0.0,25
0.09820318582655156,0.0,0.07696317582215821,0.0,0.0,25
0.07511937262906711,0.0,0.0,0.0,0.0,25
0.07799003606544576,0.0,0.0,0.0,0.0,25
0.07243519648830993,0.0,0.0,0.0,0.0,25
0.07318870706854207,0.0,0.0,0.0,0.0,25
0.05174616342509431,0.0,0.0,0.0,0.0,25
0.049952183430662586,0.0,0.0,0.0,0.0,25
0.03478649678553459,0.0,0.0,0.0,0.0,25
0.0323280084007539,0.0,0.0,0.0,0.0,25
0.0839996385008226,0.0,0.0,0.0,0.0,25
0.08468138067587794,0.0,0.0,0.0,0.0,25
0.05544275184845569,0.0,0.0,0.0,0.0,25
0.06944708882344529,0.0,0.0,0.0,0.0,25
0.06505795522868023,0.0,0.0,0.0,0.0,25
0.05058957725265344,0.0,0.0,0.0,0.0,25
0.026516540077469654,0.0,0.0,0.0,0.0,25
0.034188804086136136,0.0,0.0,0.0,0.0,25
0.04388711666089891,0.0,0.0,0.0,0.0,25
0.05500830506728719,0.0,0.0,0.0,0.0,25
0.032245127275837074,0.0,0.0,0.0,0.0,25
0.048089517556710634,0.0,0.0,0.0,0.0,25
0.04470625024887869,0.0,0.0,0.0,0.0,25
0.057390107403075055,0.0,0.0,0.0,0.0,25
0.05389900793761986,0.0,0.0,0.0,0.0,25
0.141128679082853,0.0,0.205570646109258,0.0,0.0,25
0.10678230725907019,0.0,0.4057404117031928,0.0,0.0,25
0.16344714753431908,0.0,0.4574078509324483,0.0,0.0,25
0.2408795561434243,0.40786300060708613,0.0,0.0,0.0,25
0.20563307784176632,0.0,0.13077336636853137,0.0,0.0,25
0.2034760396670512,0.0,0.3299677304120189,0.0,0.0,25
0.21002599493590782,0.0,0.32096087129109774,0.0,0.0,25
0.27346794658576423,0.0,0.3113792832368345,0.0,0.0,25
0.12585914721079638,0.0,0.0,0.0,0.0,25
0.10351683068802547,0.0,0.0,0.0,0.0,25
0.18674136654644588,0.0,0.0,0.0,0.0,25
0.12734712109770358,0.0,0.0,0.0,0.0,25
0.11166984457431242,0.0,0.0,0.0,0.0,25
0.15193703251950713,0.0,0.056052070575549034,0.0,0.0,25
0.08446506184873456,0.0,0.0,0.0,0.0,25
0.13344280855884932,0.0,0.05587214539693458,0.0,0.0,25
0.048707569118625636,0.0,0.0,0.0,0.0,25
0.04785533994598648,0.0,0.0,0.0,0.0,25
0.03791099850362575,0.0,0.0,0.0,0.0,25
0.03677840944712932,0.0,0.0,0.0,0.0,25
0.042513588581994104,0.0,0.0,0.0,0.0,25
0.027090626965459632,0.0,0.0,0.0,0.0,25
0.0563998723931227,0.0,0.0,0.0,0.0,25
0.06542004985374572,0.0,0.0,0.0,0.0,25
0.0834766290423965,0.23455213787514,0.0,0.0,0.0,25
0.15172851577668756,0.0,0.0,0.0,0.0,25
0.17157691928265087,0.0,0.11387616172321216,0.0,0.0,25
0.13680889228744605,0.0,0.46187594202924276,0.0,0.0,25
0.12735187576863405,0.0,0.03029574993866127,0.0,0.0,25
0.11215699618533463,0.0,0.0,0.0,0.0,25
0.13306904824525054,0.0,0.0,0.0,0.0,25
0.12265890063589685,0.0,0.0,0.0,0.0,25
0.09504868928740975,0.0,0.0,0.0,0.0,25
0.1556364133485177,0.0,0.20966645659189465,0.0,0.0,25
0.15061700297694072,0.0,0.0008409315123062422,0.0,0.0,25
0.12266903554921742,0.0,0.0,0.0,0.0,25
0.15008397785703118,0.0,0.0,0.0,0.0,25
0.13072239035436506,0.0,0.0,0.0,0.0,25
0.08503388324998137,0.0,0.0,0.0,0.0,25
0.05869605282017612,0.0,0.0,0.0,0.0,25
0.044230599114711576,0.0,0.0,0.0,0.0,25
0.042590950287119324,0.0,0.0,0.0,0.0,25
0.04933267497869877,0.0,0.0,0.0,0.0,25
0.04019279414717366,0.0,0.0,0.0,0.0,25
0.04365759910370299,0.0,0.0,0.0,0.0,25
0.06363158513048213,0.0,0.0,0.0,0.0,25
0.04745623589141784,0.0,0.0,0.0,0.0,25
0.04322248619553643,0.0,0.0,0.0,0.0,25
0.040925434058512455,0.0,0.0,0.0,0.0,25
0.046522587079989415,0.0,0.0,0.0,0.0,25
0.040540050089884566,0.0,0.0,0.0,0.0,25
0.04257070728906444,0.0,0.0,0.0,0.0,25
0.06911695486257687,0.0,0.0,0.0,0.0,25
0.05600479214077562,0.0,0.0,0.0,0.0,25
0.05239822816471578,0.0,0.0,0.0,0.0,25
0.06578434827007373,0.0,0.0,0.0,0.0,25
0.1335148222454768,0.0,0.12280788773594267,0.0,0.0,25
0.17153443920336076,0.0,0.5037154226156557,0.0,0.0,25
0.1654771327237104,0.0,0.0,0.0,0.0,25
0.17699203701696084,0.0,0.0,0.0,0.0,25
0.1256497647837852,0.0,0.0,0.0,0.0,25
0.0623430387756914,0.0,0.0,0.0,0.0,25
0.06129446484951634,0.0,0.0,0.0,0.0,25
0.04369271470849494,0.0,0.0,0.0,0.0,25
0.03320927849227767,0.0,0.0,0.0,0.0,25
0.05150743222665673,0.0,0.0,0.0,0.0,25
0.04708037992756742,0.0,0.0,0.0,0.0,25
0.03714801063318528,0.0,0.0,0.0,0.0,25
0.04134053487361591,0.0,0.0,0.0,0.0,25
0.10879445518837401,0.0,0.00819138532168412,0.0,0.0,25
0.0710624140124233,0.0,0.0,0.0,0.0,25
0.129640234522075,0.0,0.08650049604788954,0.0,0.0,25
0.053697672850236244,0.0,0.0,0.0,0.0,25
0.01697104075153708,0.0,0.0,0.0,0.0,25
0.06448422975450965,0.0,0.0,0.0,0.0,25
0.12147496542402739,0.0,0.0,0.0,0.0,25
0.1256660505347152,0.0,0.01708183451005907,0.0,0.0,25
0.13637481374445046,0.0,0.01726695108822618,0.0,0.0,25
0.11663560586880677,0.0,0.10326281545109424,0.0,0.0,25
0.19992771562442518,0.0,0.0,0.0,0.0,25
0.1282508457616539,0.0,0.08068526936251669,0.0,0.0,25
0.218745872650714,0.10534481718910371,0.0,0.0,0.0,25
0.1439434730907037,0.0,0.08389436883206103,0.0,0.0,25
0.14530517763873452,0.0,0.0,0.0,0.0,25
0.12058149177473032,0.0,0.0,0.0,0.0,25
0.08622321256396599,0.0,0.0,0.0,0.0,25
0.055633348242876524,0.0,0.0,0.0,0.0,25
0.04845261050891015,0.0,0.0,0.0,0.0,25
0.04525332792175766,0.0,0.0,0.0,0.0,25
0.044839637005464734,0.0,0.0,0.0,0.0,25
0.04370623044481492,0.0,0.0,0.0,0.0,25
0.028284148912091033,0.0,0.0,0.0,0.0,25
0.04371677732341816,0.0,0.0,0.0,0.0,25
0.04288076554672699,0.0,0.0,0.0,0.0,25
0.04874817741881153,0.0,0.0,0.0,0.0,25
0.05737713347018669,0.0,0.0,0.0,0.0,25
0.09030598733669921,0.0,0.00283731093612323,0.0,0.0,25
0.0881736550763624,0.0,0.0,0.0,0.0,25
0.07283199725231171,0.0,0.0,0.0,0.0,25
0.03448180314343056,0.0,0.0,0.0,0.0,25
0.05322985823415396,0.0,0.0,0.0,0.0,25
0.06858757439522277,0.0,0.0,0.0,0.0,25
0.09035195008028465,0.0,0.0,0.0,0.0,25
0.07392552107753368,0.0,0.0,0.0,0.0,25
0.12593369628912257,0.0,0.21710258287409598,0.0,0.0,25
0.09522531279368256,0.0,0.05678995077938452,0.0,0.0,25
0.12130062887368581,0.06792802646401264,0.0,0.0,0.0,25
0.15871636076187817,0.0,0.0,0.0,0.0,25
0.16199414240647825,0.0,0.05628301099000976,0.0,0.0,25
0.04550331075901526,0.0,0.0,0.0,0.0,25
0.04649779848361501,0.0,0.0,0.0,0.0,25
0.0335126820976569,0.0,0.0,0.0,0.0,25
0.045995746465673976,0.0,0.0,0.0,0.0,25
0.04061634929302218,0.0,0.0,0.0,0.0,25
0.0351506264964259,0.0,0.0,0.0,0.0,25
0.05572169986188337,0.0,0.0,0.0,0.0,25
0.03501432978733136,0.0,0.0,0.0,0.0,25
0.0567339198567215,0.0,0.0,0.0,0.0,25
0.055716857477301825,0.0,0.0,0.0,0.0,25
0.12251769498150918,0.0,0.0,0.0,0.0,25
0.15493477074936882,0.0,0.08496579538466076,0.0,0.0,25
0.12685283121709523,0.0,0.32460290783100254,0.0,0.0,25
0.1526561763335068,0.0,0.26167751171047043,0.0,0.0,25
0.21489318882972225,0.0,0.13862152533757305,0.0,0.0,25
0.15761537157308053,0.0,0.12402242668720376,0.0,0.0,25
0.06837323369040829,0.0,0.0,0.0,0.0,25
0.07802181791720122,0.0,0.0,0.0,0.0,25
0.06723815062377066,0.0,0.0,0.0,0.0,25
0.11115283755053407,0.0,0.7038706690449832,0.0,0.0,25
0.21039928514296338,0.37347954224083024,0.0,0.0,0.0,25
0.15407177677672984,0.0,0.1429124659000418,0.0,0.0,25
0.2710256542534804,0.0,0.03754859151352907,0.0,0.0,25
0.10312655253641592,0.0,0.0,0.0,0.0,25
0.07596084401899933,0.0,0.0,0.0,0.0,25
0.07557898589091873,0.0,0.0,0.0,0.0,25
0.06478237190550348,0.0,0.0,0.0,0.0,25
0.06322448146395598,0.0,0.0,0.0,0.0,25
0.04971127744931996,0.0,0.0,0.0,0.0,25
0.03810412740836618,0.0,0.0,0.0,0.0,25
0.055557562083694445,0.0,0.0,0.0,0.0,25
0.057008648419858844,0.0,0.0,0.0,0.0,25
0.04533669952574695,0.0,0.0,0.0,0.0,25
0.06278784972646306,0.0,0.0,0.0,0.0,25
0.11478606822331112,0.030999251746027093,0.0,0.0,0.0,25
0.12380999963521198,0.0,0.056784987795938976,0.0,0.0,25
0.13480002305390032,0.0,0.25255380775670416,0.0,0.0,25
0.18930370415242417,0.26170918373911256,0.0,0.0,0.0,25
0.1745644444673396,0.0,0.2678057484206905,0.0,0.0,25
0.24202197705259268,0.0,0.002431940606885369,0.0,0.0,25
0.2862141557290792,0.0,0.08833235469437956,0.0,0.0,25
0.12276760241356649,0.0,0.0,0.0,0.0,25
0.08577764452368121,0.0,0.0,0.0,0.0,25
0.15450831206385235,0.0,0.021010914400358904,0.0,0.0,25
0.14654713654865886,0.0,0.14126159568361402,0.0,0.0,25
0.17396593500234164,0.0,0.5183202501306907,0.0,0.0,25
