timestamp,load_t,renewable_available_t,grid_cap_t,grid_price_t,production_proxy_t,temperature_t,tariff_t,hour,weekday,month,day_of_year,is_weekend,context_index_t,renewable_dispatch_baseline_t,grid_dispatch_baseline_t,total_energy_supplied_t,served_load_t,shed_load_t,shiftable_load_cap_t,productive_energy_t,production_output_t,net_load_t,renewable_ratio_t,grid_ratio_t,grid_cost_t,grid_carbon_t,stability_penalty_t,renewable_dispatch_upper_bound_t,grid_dispatch_upper_bound_t,served_load_upper_bound_t,shift_upper_bound_t,shed_upper_bound_t,production_minimum_t
2020-01-01 00:00:00,95.18205921127367,27.741755188549696,175.4169210288331,0.17486394542098257,0.45081063124162724,31.37692261302039,0.17486394542098257,0,2,1,1,0,0,27.741755188549696,67.44030402272398,95.18205921127367,95.18205921127367,0.0,28.5546177633821,95.18205921127367,85.6638532901463,67.44030402272398,0.2914599181655851,0.708540081834415,11.792877641804077,30.348136810225792,0.0,27.741755188549696,175.4169210288331,95.18205921127367,28.5546177633821,19.036411842254733,0.09016212624832545
2020-01-01 01:00:00,91.4243496192119,45.693412048001925,175.4169210288331,0.10155893100022023,0.41311840155376073,18.610920251184503,0.10155893100022023,1,2,1,1,0,1,45.693412048001925,45.73093757120997,91.4243496192119,91.4243496192119,0.0,27.42730488576357,91.4243496192119,82.28191465729071,45.73093757120997,0.4997947728183775,0.5002052271816225,4.644385133369893,20.57892190704449,793.5585757256401,45.693412048001925,175.4169210288331,91.4243496192119,27.42730488576357,18.28486992384238,0.08262368031075215
2020-01-01 02:00:00,52.213958846944074,54.112159828744936,175.4169210288331,0.26416294236407933,0.019813113071258787,34.36931556171111,0.26416294236407933,2,2,1,1,0,2,52.213958846944074,0.0,52.213958846944074,52.213958846944074,0.0,15.664187654083221,52.213958846944074,46.992562962249664,0.0,1.0,0.0,0.0,0.0,2133.8361816990982,54.112159828744936,175.4169210288331,52.213958846944074,15.664187654083221,10.442791769388815,0.003962622614251758
2020-01-01 03:00:00,72.73691614172856,70.29666401174634,175.4169210288331,0.17813678868865906,0.2256714960243861,12.012116494392611,0.17813678868865906,3,2,1,1,0,3,70.29666401174634,2.4402521299822126,72.73691614172856,72.73691614172856,0.0,21.821074842518566,72.73691614172856,65.46322452755571,2.4402521299822126,0.9664509817102039,0.03354901828979605,0.4346986780256916,1.0981134584919958,332.9390565350494,70.29666401174634,175.4169210288331,72.73691614172856,21.821074842518566,14.547383228345712,0.04513429920487722
2020-01-01 04:00:00,145.34445237211506,74.44298557928276,175.4169210288331,0.10230065204696628,0.9539715058088645,32.48346725376496,0.10230065204696628,4,2,1,1,0,4,74.44298557928276,70.9014667928323,145.34445237211506,145.34445237211506,0.0,43.603335711634514,145.34445237211506,130.81000713490354,70.9014667928323,0.5121831921640303,0.48781680783596965,7.253266283993071,31.905660056774533,4704.129895654257,74.44298557928276,175.4169210288331,145.34445237211506,43.603335711634514,29.068890474423014,0.1907943011617729
2020-01-01 05:00:00,93.19174912084631,19.934251433892598,175.4169210288331,0.10941364911329976,0.43084654853631504,28.65066325869505,0.10941364911329976,5,2,1,1,0,5,19.934251433892598,73.25749768695371,93.19174912084631,93.19174912084631,0.0,27.95752473625389,93.19174912084631,83.87257420876168,73.25749768695371,0.21390575476851365,0.7860942452314863,8.015370146838722,32.96587395912917,2976.7529797068782,19.934251433892598,175.4169210288331,93.19174912084631,27.95752473625389,18.638349824169264,0.08616930970726301
2020-01-01 06:00:00,76.46747995350667,38.58747442827888,175.4169210288331,0.11499493843877118,0.26309143618044056,11.72993792773003,0.11499493843877118,6,2,1,1,0,6,38.58747442827888,37.88000552522779,76.46747995350667,76.46747995350667,0.0,22.940243986052,76.46747995350667,68.820731958156,37.88000552522779,0.5046259462419923,0.4953740537580077,4.356008903433882,17.046002486352506,1599.5096797312804,38.58747442827888,175.4169210288331,76.46747995350667,22.940243986052,15.293495990701334,0.052618287236088114
2020-01-01 07:00:00,95.36922436765971,31.775129268014908,175.4169210288331,0.1181742233326125,0.4526880174236173,24.49779688441657,0.1181742233326125,7,2,1,1,0,7,31.775129268014908,63.594095099644804,95.36922436765971,95.36922436765971,0.0,28.610767310297913,95.36922436765971,85.83230193089375,63.594095099644804,0.33318011631842576,0.6668198836815742,7.515182796940823,28.617342794840162,707.6224492237138,31.775129268014908,175.4169210288331,95.36922436765971,28.610767310297913,19.073844873531943,0.09053760348472346
2020-01-01 08:00:00,138.39693136777106,21.23155241023309,175.4169210288331,0.197054163519782,0.8842834282601868,24.07462826833193,0.197054163519782,8,2,1,1,0,8,21.23155241023309,117.16537895753797,138.39693136777106,138.39693136777106,0.0,41.519079410331315,138.39693136777106,124.55723823099396,117.16537895753797,0.1534105720437769,0.846589427956223,23.08792574395591,52.72442053089209,2981.049467138917,21.23155241023309,175.4169210288331,138.39693136777106,41.519079410331315,27.679386273554215,0.17685668565203738
2020-01-01 09:00:00,95.75296924910243,26.26322974149664,175.4169210288331,0.1619728709600605,0.4565372239305379,18.11993687932269,0.1619728709600605,9,2,1,1,0,9,26.26322974149664,69.48973950760579,95.75296924910243,95.75296924910243,0.0,28.72589077473073,95.75296924910243,86.17767232419219,69.48973950760579,0.2742811000792315,0.7257188999207684,11.25545261031365,31.270382778422608,2298.2843737258804,26.26322974149664,175.4169210288331,95.75296924910243,28.72589077473073,19.15059384982049,0.09130744478610758
2020-01-01 10:00:00,88.91881855635205,58.457779375413,175.4169210288331,0.15949542044401235,0.38798632309008657,25.5422781115813,0.15949542044401235,10,2,1,1,0,10,58.457779375413,30.461039180939053,88.91881855635205,88.91881855635205,0.0,26.675645566905615,88.91881855635205,80.02693670071685,30.461039180939053,0.6574286559865339,0.3425713440134661,4.858396251325408,13.707467631422574,2559.72847531946,58.457779375413,175.4169210288331,88.91881855635205,26.675645566905615,17.78376371127041,0.07759726461801732
2020-01-01 11:00:00,105.67681243031929,62.00083764888073,175.4169210288331,0.12834516186726982,0.556079715815218,20.300478353182946,0.12834516186726982,11,2,1,1,0,11,62.00083764888073,43.675974781438555,105.67681243031929,105.67681243031929,0.0,31.703043729095786,105.67681243031929,95.10913118728736,43.675974781438555,0.5867023826987834,0.41329761730121667,5.605600053034526,19.65418865164735,187.18778485453728,62.00083764888073,175.4169210288331,105.67681243031929,31.703043729095786,21.13536248606386,0.1112159431630436
2020-01-01 12:00:00,54.74697537305205,17.65957685475036,175.4169210288331,0.23295227321975848,0.04522088830405387,32.945852371681404,0.23295227321975848,12,2,1,1,0,12,17.65957685475036,37.0873985183017,54.74697537305205,54.74697537305205,0.0,16.424092611915615,54.74697537305205,49.27227783574685,37.0873985183017,0.3225671689516364,0.6774328310483637,8.639593792645483,16.689329333235765,2009.5567459882543,17.65957685475036,175.4169210288331,54.74697537305205,16.424092611915615,10.949395074610411,0.009044177660810775
2020-01-01 13:00:00,76.8174832561287,28.24555658773125,175.4169210288331,0.10298709489850898,0.26660219307922023,25.618904817899484,0.10298709489850898,13,2,1,1,0,13,28.24555658773125,48.571926668397445,76.8174832561287,76.8174832561287,0.0,23.045244976838607,76.8174832561287,69.13573493051582,48.571926668397445,0.36769697978197885,0.6323030202180212,5.002281621201667,21.85736700077885,243.95735373742386,28.24555658773125,175.4169210288331,76.8174832561287,23.045244976838607,15.36349665122574,0.05332043861584405
2020-01-01 14:00:00,101.19274447494072,68.53614883581618,175.4169210288331,0.22088030996841662,0.5111016473484112,27.717688684411257,0.22088030996841662,14,2,1,1,0,14,68.53614883581618,32.656595639124546,101.19274447494072,101.19274447494072,0.0,30.357823342482217,101.19274447494072,91.07347002744666,32.656595639124546,0.6772832300520163,0.3227167699479837,7.2131989672830725,14.695468037606046,1876.629585472778,68.53614883581618,175.4169210288331,101.19274447494072,30.357823342482217,20.238548894988146,0.10222032946968225
2020-01-01 15:00:00,66.56875245409047,60.30560852027828,175.4169210288331,0.27948631725149775,0.1638008706418511,23.328311566036298,0.27948631725149775,15,2,1,1,0,15,60.30560852027828,6.263143933812195,66.56875245409047,66.56875245409047,0.0,19.97062573622714,66.56875245409047,59.911877208681425,6.263143933812195,0.9059146566081194,0.09408534339188059,1.7504630324772288,2.818414770215488,764.3560868063502,60.30560852027828,175.4169210288331,66.56875245409047,19.97062573622714,13.313750490818094,0.03276017412837022
2020-01-01 16:00:00,85.82695635628357,76.26282475539446,175.4169210288331,0.20047557805742264,0.3569729684512916,34.40275809579486,0.20047557805742264,16,2,1,1,0,16,76.26282475539446,9.564131600889112,85.82695635628357,85.82695635628357,0.0,25.74808690688507,85.82695635628357,77.24426072065522,9.564131600889112,0.8885649450134684,0.11143505498653165,1.9173748113055078,4.303859220400101,265.5292695524495,76.26282475539446,175.4169210288331,85.82695635628357,25.74808690688507,17.165391271256716,0.07139459369025833
2020-01-01 17:00:00,68.9414260730272,63.797871022021795,175.4169210288331,0.13013715043219612,0.18760030400099892,27.58330048421281,0.13013715043219612,17,2,1,1,0,17,63.797871022021795,5.143555051005407,68.9414260730272,68.9414260730272,0.0,20.68242782190816,68.9414260730272,62.04728346572448,5.143555051005407,0.9253923896851651,0.07460761031483483,0.6693675974289729,2.3145997729524335,174.9165686085029,63.797871022021795,175.4169210288331,68.9414260730272,20.68242782190816,13.788285214605441,0.03752006080019979
2020-01-01 18:00:00,146.41314325116204,78.09470167492448,175.4169210288331,0.14565080751537055,0.9646911585897664,11.094865653124428,0.14565080751537055,18,2,1,1,0,18,78.09470167492448,68.31844157623756,146.41314325116204,146.41314325116204,0.0,43.92394297534861,146.41314325116204,131.77182892604583,68.31844157623756,0.5333858691972633,0.4666141308027368,9.950636183770666,30.743298709306902,4195.465654193737,78.09470167492448,175.4169210288331,146.41314325116204,43.92394297534861,29.28262865023241,0.1929382317179533
2020-01-01 19:00:00,145.17430955591334,13.770682226562943,175.4169210288331,0.26362203790135985,0.9522648645821015,20.837407753687657,0.26362203790135985,19,2,1,1,0,19,13.770682226562943,131.4036273293504,145.17430955591334,145.17430955591334,0.0,43.552292866774,145.17430955591334,130.65687860032202,131.4036273293504,0.09485619231589469,0.9051438076841053,34.64089202419417,59.131632298207684,8117.320139497945,13.770682226562943,175.4169210288331,145.17430955591334,43.552292866774,29.03486191118267,0.1904529729164203
2020-01-01 20:00:00,138.83506690992658,47.83029596147743,175.4169210288331,0.1044801067213034,0.8886782078685499,29.28743268569039,0.1044801067213034,20,2,1,1,0,20,47.83029596147743,91.00477094844915,138.83506690992658,138.83506690992658,0.0,41.650520072977976,138.83506690992658,124.95156021893392,91.00477094844915,0.3445116354682119,0.6554883645317882,9.508188180841739,40.952146926802115,2792.1248846562617,47.83029596147743,175.4169210288331,138.83506690992658,41.650520072977976,27.76701338198532,0.17773564157371
2020-01-01 21:00:00,134.24340962593925,58.373191674051725,175.4169210288331,0.14702881067077156,0.8426209496489077,31.74597370666853,0.14702881067077156,21,2,1,1,0,21,58.373191674051725,75.87021795188753,134.24340962593925,134.24340962593925,0.0,40.27302288778177,134.24340962593925,120.81906866334533,75.87021795188753,0.4348309673950097,0.5651690326049903,11.155107910798245,34.14159807834939,340.2073444119498,58.373191674051725,175.4169210288331,134.24340962593925,40.27302288778177,26.84868192518785,0.16852418992978155
2020-01-01 22:00:00,64.16877062455804,61.63463486074425,175.4169210288331,0.12068185668632588,0.13972751847101214,10.18781363358329,0.12068185668632588,22,2,1,1,0,22,61.63463486074425,2.5341357638137865,64.16877062455804,64.16877062455804,0.0,19.25063118736741,64.16877062455804,57.75189356210223,2.5341357638137865,0.9605082700019197,0.039491729998080205,0.3058242090722683,1.1403610937162039,5388.817962355928,61.63463486074425,175.4169210288331,64.16877062455804,19.25063118736741,12.833754124911607,0.027945503694202428
2020-01-01 23:00:00,98.93902395859375,18.0414196505044,175.4169210288331,0.23728946904559087,0.48849538966052053,21.2247135584888,0.23728946904559087,23,2,1,1,0,23,18.0414196505044,80.89760430808934,98.93902395859374,98.93902395859374,1.4210854715202004e-14,29.681707187578123,98.93902395859374,89.04512156273437,80.89760430808934,0.18234887437392538,0.8176511256260747,19.196149573326824,36.4039219386402,8041.20161465595,18.0414196505044,175.4169210288331,98.93902395859375,29.681707187578123,19.787804791718752,0.09769907793210411
2020-01-02 00:00:00,103.56597108424049,35.17217547670032,175.4169210288331,0.20748221465742572,0.534906627554453,16.269369273047605,0.20748221465742572,0,3,1,2,0,24,35.17217547670032,68.39379560754017,103.56597108424049,103.56597108424049,0.0,31.069791325272146,103.56597108424049,93.20937397581645,68.39379560754017,0.3396113135277928,0.6603886864722072,14.19049618147975,30.777208023393076,449.8080271966745,35.17217547670032,175.4169210288331,103.56597108424049,31.069791325272146,20.7131942168481,0.1069813255108906
2020-01-02 01:00:00,96.94699375325843,40.47170105535628,175.4169210288331,0.19320756651877358,0.4685140531029315,30.737750503936077,0.19320756651877358,1,3,1,2,0,25,40.47170105535628,56.47529269790215,96.94699375325843,96.94699375325843,0.0,29.084098125977526,96.94699375325843,87.25229437793259,56.47529269790215,0.41746215626202443,0.5825378437379756,10.911453870597137,25.413881714055968,170.1356829658788,40.47170105535628,175.4169210288331,96.94699375325843,29.084098125977526,19.389398750651686,0.0937028106205863
2020-01-02 02:00:00,134.53593707642563,45.25963308602751,175.4169210288331,0.1844495720139383,0.8455551870037663,17.47142588329079,0.1844495720139383,2,3,1,2,0,26,45.25963308602751,89.2763039903981,134.53593707642563,134.53593707642563,0.0,40.36078112292768,134.53593707642563,121.08234336878307,89.2763039903981,0.33641296199034865,0.6635870380096512,16.46697606201518,40.174336795679146,1098.8306349407749,45.25963308602751,175.4169210288331,134.53593707642563,40.36078112292768,26.907187415285126,0.16911103740075328
2020-01-02 03:00:00,134.14843869913972,17.871079514533008,175.4169210288331,0.25306705621764003,0.8416683305337531,16.84551693414486,0.25306705621764003,3,3,1,2,0,27,17.871079514533008,116.27735918460671,134.14843869913972,134.14843869913972,0.0,40.24453160974191,134.14843869913972,120.73359482922575,116.27735918460671,0.13321869182997517,0.8667813081700249,29.425968993609587,52.32481163307302,1479.1898483393238,17.871079514533008,175.4169210288331,134.14843869913972,40.24453160974191,26.829687739827946,0.16833366610675063
2020-01-02 04:00:00,104.43245447478506,34.99567623374614,175.4169210288331,0.1344201462785222,0.5435980099449712,22.36618035902135,0.1344201462785222,4,3,1,2,0,28,34.99567623374614,69.43677824103892,104.43245447478506,104.43245447478506,0.0,31.329736342435517,104.43245447478506,93.98920902730656,69.43677824103892,0.335103454282938,0.664896545717062,9.33370188826976,31.246550208467514,2487.291835926611,34.99567623374614,175.4169210288331,104.43245447478506,31.329736342435517,20.886490894957014,0.10871960198899425
2020-01-02 05:00:00,141.25966161544795,34.68115788474092,175.4169210288331,0.22717973735270244,0.9129984429217207,34.53647564053732,0.22717973735270244,5,3,1,2,0,29,34.68115788474092,106.57850373070704,141.25966161544795,141.25966161544795,0.0,42.377898484634386,141.25966161544795,127.13369545390316,106.57850373070704,0.2455135279819206,0.7544864720180794,24.212476484986045,47.96032667881817,1379.6066941417234,34.68115788474092,175.4169210288331,141.25966161544795,42.377898484634386,28.25193232308959,0.18259968858434417
2020-01-02 06:00:00,137.7437726721776,65.52346869004018,175.4169210288331,0.29405180446963153,0.8777318289484828,24.530406215182094,0.29405180446963153,6,3,1,2,0,30,65.52346869004018,72.22030398213744,137.7437726721776,137.7437726721776,0.0,41.32313180165328,137.7437726721776,123.96939540495985,72.22030398213744,0.4756909689556879,0.524309031044312,21.23651070529283,32.499136791961845,2131.7340257732876,65.52346869004018,175.4169210288331,137.7437726721776,41.32313180165328,27.548754534435524,0.17554636578969657
2020-01-02 07:00:00,72.73711486623051,77.57923608933169,175.4169210288331,0.11930535439237787,0.2256734893581946,19.607960063735206,0.11930535439237787,7,3,1,2,0,31,72.73711486623051,0.0,72.73711486623051,72.73711486623051,0.0,21.821134459869153,72.73711486623051,65.46340337960747,0.0,1.0,0.0,0.0,0.0,5267.808998427602,77.57923608933169,175.4169210288331,72.73711486623051,21.821134459869153,14.547422973246103,0.04513469787163892
2020-01-02 08:00:00,93.56477283079533,63.98411204054263,175.4169210288331,0.20820462721862693,0.4345882148386075,14.629987489408414,0.20820462721862693,8,3,1,2,0,32,63.98411204054263,29.580660790252708,93.56477283079533,93.56477283079533,0.0,28.0694318492386,93.56477283079533,84.2082955477158,29.580660790252708,0.6838483128287283,0.3161516871712717,6.158830452715219,13.31129735561372,951.6305512544941,63.98411204054263,175.4169210288331,93.56477283079533,28.0694318492386,18.712954566159066,0.0869176429677215
2020-01-02 09:00:00,146.13724878605018,35.10928585088724,175.4169210288331,0.2578356024413615,0.9619237607124596,31.982545872496903,0.2578356024413615,9,3,1,2,0,33,35.10928585088724,111.02796293516295,146.13724878605018,146.13724878605018,0.0,43.84117463581505,146.13724878605018,131.52352390744517,111.02796293516295,0.24024871237509343,0.7597512876249066,28.626961711224894,49.96258332082333,7467.418614167109,35.10928585088724,175.4169210288331,146.13724878605018,43.84117463581505,29.22744975721004,0.19238475214249193
2020-01-02 10:00:00,96.65738491200855,11.9798597216442,175.4169210288331,0.219679988324181,0.4656090912647183,18.338885674408708,0.219679988324181,10,3,1,2,0,34,11.9798597216442,84.67752519036435,96.65738491200855,96.65738491200855,0.0,28.997215473602566,96.65738491200855,86.9916464208077,84.67752519036435,0.12394148395955457,0.8760585160404454,18.601957745139785,38.104886335663956,1229.315922410617,11.9798597216442,175.4169210288331,96.65738491200855,28.997215473602566,19.33147698240171,0.09312181825294366
2020-01-02 11:00:00,136.9330507079892,45.57144561362785,175.4169210288331,0.18881867889356213,0.8695997693152044,25.274272102562662,0.18881867889356213,11,3,1,2,0,35,45.57144561362785,91.36160509436135,136.9330507079892,136.9330507079892,0.0,41.079915212396756,136.9330507079892,123.23974563719028,91.36160509436135,0.3328009226261183,0.6671990773738817,17.250777575512647,41.11272229246261,1173.071566901532,45.57144561362785,175.4169210288331,136.9330507079892,41.079915212396756,27.386610141597842,0.1739199538630409
2020-01-02 12:00:00,63.28632900555134,16.25643456779644,175.4169210288331,0.23978141993003674,0.13087606484617692,14.986531996739568,0.23978141993003674,12,3,1,2,0,36,16.25643456779644,47.0298944377549,63.28632900555134,63.28632900555134,0.0,18.985898701665402,63.28632900555134,56.9576961049962,47.0298944377549,0.25687118882137183,0.7431288111786282,11.276894867444605,21.163452496989706,2824.670442358292,16.25643456779644,175.4169210288331,63.28632900555134,18.985898701665402,12.657265801110269,0.026175212969235386
2020-01-02 13:00:00,58.00272265305612,13.51029195663606,175.4169210288331,0.15665588978694592,0.07787811507399915,27.867230403560768,0.15665588978694592,13,3,1,2,0,37,13.51029195663606,44.49243069642006,58.00272265305612,58.00272265305612,0.0,17.400816795916835,58.00272265305612,52.20245038775051,44.49243069642006,0.232925134177718,0.767074865822282,6.97000131953171,20.02159381338903,13.98002147941975,13.51029195663606,175.4169210288331,58.00272265305612,17.400816795916835,11.600544530611224,0.015575623014799832
2020-01-02 14:00:00,112.4272062880151,19.116075312289837,175.4169210288331,0.13789093620900905,0.6237904820504101,12.541392571222847,0.13789093620900905,14,3,1,2,0,38,19.116075312289837,93.31113097572526,112.4272062880151,112.4272062880151,0.0,33.72816188640453,112.4272062880151,101.18448565921359,93.31113097572526,0.17003068868685067,0.8299693113131493,12.86675920896422,41.99000893907637,2414.690303991159,19.116075312289837,175.4169210288331,112.4272062880151,33.72816188640453,22.48544125760302,0.12475809641008202
2020-01-02 15:00:00,63.18809782691459,20.271588405598152,175.4169210288331,0.23520736999401134,0.12989074332066367,24.937252781152694,0.23520736999401134,15,3,1,2,0,39,20.271588405598152,42.91650942131644,63.18809782691459,63.18809782691459,0.0,18.956429348074376,63.18809782691459,56.86928804422313,42.91650942131644,0.320813398452447,0.679186601547553,10.09427931031105,19.312429239592397,2540.9530921208934,20.271588405598152,175.4169210288331,63.18809782691459,18.956429348074376,12.63761956538292,0.025978148664132734
2020-01-02 16:00:00,104.10190871654338,59.06939845797709,175.4169210288331,0.10730797126769304,0.5402824246564446,29.168810943904713,0.10730797126769304,16,3,1,2,0,40,59.06939845797709,45.03251025856629,104.10190871654338,104.10190871654338,0.0,31.230572614963013,104.10190871654338,93.69171784488904,45.03251025856629,0.5674189761382354,0.4325810238617646,4.832347316938323,20.26462961635483,1509.747524403718,59.06939845797709,175.4169210288331,104.10190871654338,31.230572614963013,20.820381743308676,0.10805648493128893
2020-01-02 17:00:00,66.29689816334866,77.87131252738949,175.4169210288331,0.2304461652489556,0.16107399829654825,28.576434945337787,0.2304461652489556,17,3,1,2,0,41,66.29689816334866,0.0,66.29689816334866,66.29689816334866,0.0,19.889069449004598,66.29689816334866,59.66720834701379,0.0,1.0,0.0,0.0,0.0,2080.1637321790245,77.87131252738949,175.4169210288331,66.29689816334866,19.889069449004598,13.259379632669733,0.03221479965930965
2020-01-02 18:00:00,76.11383705299605,11.234693597804512,175.4169210288331,0.2735312988165278,0.2595441717878732,18.88223080468614,0.2735312988165278,18,3,1,2,0,42,11.234693597804512,64.87914345519154,76.11383705299605,76.11383705299605,0.0,22.834151115898813,76.11383705299605,68.50245334769645,64.87914345519154,0.14760382648928988,0.8523961735107102,17.746476375402374,29.195614554836194,7241.149627097154,11.234693597804512,175.4169210288331,76.11383705299605,22.834151115898813,15.22276741059921,0.051908834357574644
2020-01-02 19:00:00,143.56704276555286,12.853221243803983,175.4169210288331,0.18544973000460652,0.9361429510739563,34.84362021628529,0.18544973000460652,19,3,1,2,0,43,12.853221243803983,130.71382152174888,143.56704276555286,143.56704276555286,0.0,43.07011282966585,143.56704276555286,129.21033848899756,130.71382152174888,0.0895276589683155,0.9104723410316846,24.240842909078655,58.821219684786996,4336.824467868111,12.853221243803983,175.4169210288331,143.56704276555286,43.07011282966585,28.713408553110572,0.18722859021479127
2020-01-02 20:00:00,146.9565708063101,18.913688041216496,175.4169210288331,0.2076960819875721,0.9701420844065533,27.963497250154507,0.2076960819875721,20,3,1,2,0,44,18.913688041216496,128.04288276509362,146.9565708063101,146.9565708063101,0.0,44.08697124189303,146.9565708063101,132.2609137256791,128.04288276509362,0.12870256795897123,0.8712974320410288,26.59400507670397,57.619297244292135,43.86317164434263,18.913688041216496,175.4169210288331,146.9565708063101,44.08697124189303,29.391314161262024,0.19402841688131067
2020-01-02 21:00:00,69.12499584485298,52.4316326544776,175.4169210288331,0.20215483589557287,0.18944162617715193,29.726398446917994,0.20215483589557287,21,3,1,2,0,45,52.4316326544776,16.693363190375372,69.12499584485298,69.12499584485298,0.0,20.737498753455892,69.12499584485298,62.21249626036768,16.693363190375372,0.7585046771237043,0.24149532287629577,3.37464409629553,7.512013435668917,13522.1681206182,52.4316326544776,175.4169210288331,69.12499584485298,20.737498753455892,13.824999168970596,0.03788832523543039
2020-01-02 22:00:00,75.71601393162805,60.79633715828565,175.4169210288331,0.17154136433453335,0.2555537515336249,24.96827817087113,0.17154136433453335,22,3,1,2,0,46,60.79633715828565,14.919676773342402,75.71601393162805,75.71601393162805,0.0,22.714804179488414,75.71601393162805,68.14441253846525,14.919676773342402,0.802952162975524,0.19704783702447604,2.559341709129404,6.713854548004082,73.11424494199392,60.79633715828565,175.4169210288331,75.71601393162805,22.714804179488414,15.143202786325611,0.05111075030672499
2020-01-02 23:00:00,76.7502002388448,15.71381008128106,175.4169210288331,0.26095455472552687,0.265927301398683,17.639584136761364,0.26095455472552687,23,3,1,2,0,47,15.71381008128106,61.03639015756374,76.7502002388448,76.7502002388448,0.0,23.02506007165344,76.7502002388448,69.07518021496033,61.03639015756374,0.20473966233807936,0.7952603376619206,15.927724015620576,27.466375570903683,4159.185501011271,15.71381008128106,175.4169210288331,76.7502002388448,23.02506007165344,15.35004004776896,0.0531854602797366
2020-01-03 00:00:00,63.1703117209361,39.18709241296489,175.4169210288331,0.18236148511105654,0.12971233730620998,29.606900740328136,0.18236148511105654,0,4,1,3,0,48,39.18709241296489,23.98321930797121,63.1703117209361,63.1703117209361,0.0,18.951093516280828,63.1703117209361,56.85328054884249,23.98321930797121,0.620340336233886,0.37965966376611404,4.373615490745796,10.792448688587045,1923.9324534320333,39.18709241296489,175.4169210288331,63.1703117209361,18.951093516280828,12.634062344187221,0.025942467461242
2020-01-03 01:00:00,127.95123502478708,36.88867998619409,175.4169210288331,0.1014619079243174,0.7795064155178495,26.883431106636024,0.1014619079243174,1,4,1,3,0,49,36.88867998619409,91.06255503859299,127.95123502478708,127.95123502478708,0.0,38.38537050743612,127.95123502478708,115.15611152230838,91.06255503859299,0.288302648888445,0.7116973511115551,9.239380574678808,40.978149767366844,4504.919981745006,36.88867998619409,175.4169210288331,127.95123502478708,38.38537050743612,25.59024700495742,0.1559012831035699
2020-01-03 02:00:00,120.5961095796321,24.718684426423565,175.4169210288331,0.2877360629311823,0.7057298048272552,21.726596205253216,0.2877360629311823,2,4,1,3,0,50,24.718684426423565,95.87742515320853,120.5961095796321,120.5961095796321,0.0,36.178832873889625,120.5961095796321,108.5364986216689,95.87742515320853,0.20497082793621388,0.7950291720637861,27.587392837563332,43.14484131894384,171.29176614545224,24.718684426423565,175.4169210288331,120.5961095796321,36.178832873889625,24.11922191592642,0.14114596096545104
2020-01-03 03:00:00,100.26253334214019,42.79970042675938,175.4169210288331,0.11362438670424453,0.5017710349589396,20.716129652260992,0.11362438670424453,3,4,1,3,0,51,42.79970042675938,57.46283291538081,100.26253334214019,100.26253334214019,0.0,30.078760002642056,100.26253334214019,90.23628000792617,57.46283291538081,0.4268763116198933,0.5731236883801066,6.529179148298621,25.858274811921365,1802.6040364029739,42.79970042675938,175.4169210288331,100.26253334214019,30.078760002642056,20.052506668428038,0.10035420699178793
2020-01-03 04:00:00,124.79796722203098,34.480258917220624,175.4169210288331,0.10842675881589664,0.747877123424624,23.134618977361608,0.10842675881589664,4,4,1,3,0,52,34.480258917220624,90.31770830481035,124.79796722203098,124.79796722203098,0.0,37.43939016660929,124.79796722203098,112.31817049982789,90.31770830481035,0.276288626207156,0.723711373792844,9.792856375170176,40.64296873716466,1148.6559438855797,34.480258917220624,175.4169210288331,124.79796722203098,37.43939016660929,24.959593444406195,0.1495754246849248
2020-01-03 05:00:00,93.15360951183956,61.12957620922835,175.4169210288331,0.12217888047051582,0.4304639838735415,16.77077094050526,0.12217888047051582,5,4,1,3,0,53,61.12957620922835,32.024033302611215,93.15360951183956,93.15360951183956,0.0,27.946082853551868,93.15360951183956,83.83824856065561,32.024033302611215,0.6562233769530846,0.3437766230469153,3.912660537063554,14.410814986175048,4108.338657392119,61.12957620922835,175.4169210288331,93.15360951183956,27.946082853551868,18.630721902367913,0.08609279677470831
2020-01-03 06:00:00,133.14675089891503,66.55158354701419,175.4169210288331,0.2153488039409691,0.8316207614716408,17.724095570203055,0.2153488039409691,6,4,1,3,0,54,66.55158354701419,66.59516735190084,133.14675089891503,133.14675089891503,0.0,39.944025269674505,133.14675089891503,119.83207580902354,66.59516735190084,0.4998363316994504,0.5001636683005496,14.341189637480522,29.96782530835538,1224.561473024956,66.55158354701419,175.4169210288331,133.14675089891503,39.944025269674505,26.629350179783007,0.16632415229432818
2020-01-03 07:00:00,88.81217633590475,33.680039510599116,175.4169210288331,0.20813179203674087,0.38691663343764104,22.9716367073421,0.20813179203674087,7,4,1,3,0,55,33.680039510599116,55.132136825305636,88.81217633590475,88.81217633590475,0.0,26.643652900771425,88.81217633590475,79.93095870231429,55.132136825305636,0.37922772417168027,0.6207722758283197,11.474750436265655,24.809461571387537,1211.9394761916287,33.680039510599116,175.4169210288331,88.81217633590475,26.643652900771425,17.76243526718095,0.07738332668752822
2020-01-03 08:00:00,65.38099486662247,17.051851947109444,175.4169210288331,0.11550408596760825,0.15188690265057103,34.55369582469363,0.11550408596760825,8,4,1,3,0,56,17.051851947109444,48.32914291951303,65.38099486662247,65.38099486662247,0.0,19.614298459986742,65.38099486662247,58.842895379960225,48.32914291951303,0.26080747137444604,0.739192528625554,5.582213478516259,21.748114313780864,322.7773477288439,17.051851947109444,175.4169210288331,65.38099486662247,19.614298459986742,13.076198973324495,0.03037738053011421
2020-01-03 09:00:00,54.9794801257805,22.11263868367873,175.4169210288331,0.22209611779635363,0.04755305962508264,30.88528384234317,0.22209611779635363,9,4,1,3,0,57,22.11263868367873,32.86684144210177,54.9794801257805,54.9794801257805,0.0,16.49384403773415,54.9794801257805,49.48153211320245,32.86684144210177,0.4021980315763274,0.5978019684236727,7.299597888519113,14.790078648945798,264.69432937139,22.11263868367873,175.4169210288331,54.9794801257805,16.49384403773415,10.9958960251561,0.009510611925016529
2020-01-03 10:00:00,132.82655090666995,47.53788042072641,175.4169210288331,0.16989933793263526,0.8284089508305921,31.865497668294882,0.16989933793263526,10,4,1,3,0,58,47.53788042072641,85.28867048594354,132.82655090666995,132.82655090666995,0.0,39.847965272000984,132.82655090666995,119.54389581600296,85.28867048594354,0.35789441264742855,0.6421055873525715,14.490488648716497,38.379901718674596,3394.491077689084,47.53788042072641,175.4169210288331,132.82655090666995,39.847965272000984,26.56531018133399,0.16568179016611842
2020-01-03 11:00:00,104.07173959769472,46.88631513096515,175.4169210288331,0.17168009043074065,0.5399798091058639,17.612790507304275,0.17168009043074065,11,4,1,3,0,59,46.88631513096515,57.185424466729565,104.07173959769472,104.07173959769472,0.0,31.221521879308412,104.07173959769472,93.66456563792525,57.185424466729565,0.45051918332691854,0.5494808166730815,9.81759884376842,25.733441010028304,790.2169741432879,46.88631513096515,175.4169210288331,104.07173959769472,31.221521879308412,20.814347919538946,0.10799596182117277
2020-01-03 12:00:00,69.4324130369699,51.4740961143535,175.4169210288331,0.20700558450244622,0.1925252171602733,19.81452056683173,0.20700558450244622,12,4,1,3,0,60,51.4740961143535,17.958316922616405,69.4324130369699,69.4324130369699,0.0,20.82972391109097,69.4324130369699,62.48917173327292,17.958316922616405,0.7413554255552902,0.25864457444470984,3.71747189124638,8.081242615177382,1559.8137006289594,51.4740961143535,175.4169210288331,69.4324130369699,20.82972391109097,13.886482607393981,0.03850504343205466
2020-01-03 13:00:00,89.9718543004364,78.31870054635645,175.4169210288331,0.246676399579579,0.3985489448582534,31.1363776067402,0.246676399579579,13,4,1,3,0,61,78.31870054635645,11.653153754079952,89.9718543004364,89.9718543004364,0.0,26.99155629013092,89.9718543004364,80.97466887039276,11.653153754079952,0.8704800090574166,0.12951999094258335,2.874558011803697,5.243919189335979,760.3878696925813,78.31870054635645,175.4169210288331,89.9718543004364,26.99155629013092,17.994370860087283,0.07970978897165068
2020-01-03 14:00:00,95.01122164743757,32.596103564924405,175.4169210288331,0.2381455986433321,0.44909702125190665,29.0478627770854,0.2381455986433321,14,4,1,3,0,62,32.596103564924405,62.41511808251316,95.01122164743757,95.01122164743757,0.0,28.50336649423127,95.01122164743757,85.51009948269382,62.41511808251316,0.34307635455820407,0.6569236454417959,14.86388566015436,28.08680313713092,4667.332897207585,32.596103564924405,175.4169210288331,95.01122164743757,28.50336649423127,19.002244329487514,0.08981940425038133
2020-01-03 15:00:00,132.316067164299,34.65854227171406,175.4169210288331,0.16476066109742418,0.8232884725184801,24.34200813542977,0.16476066109742418,15,4,1,3,0,63,34.65854227171406,97.65752489258495,132.316067164299,132.316067164299,0.0,39.6948201492897,132.316067164299,119.0844604478691,97.65752489258495,0.2619375183565424,0.7380624816434577,16.090118362440453,43.94588620166323,1246.280891185858,34.65854227171406,175.4169210288331,132.316067164299,39.6948201492897,26.463213432859803,0.16465769450369605
2020-01-03 16:00:00,142.49918403724274,60.921968370954055,175.4169210288331,0.28762749368165497,0.925431645296978,13.941722549051674,0.28762749368165497,16,4,1,3,0,64,60.921968370954055,81.57721566628868,142.49918403724274,142.49918403724274,0.0,42.74975521117282,142.49918403724274,128.24926563351846,81.57721566628868,0.4275250330909393,0.5724749669090606,23.46385008362245,36.70974704982991,948.3438952835492,60.921968370954055,175.4169210288331,142.49918403724274,42.74975521117282,28.49983680744855,0.1850863290593956
2020-01-03 17:00:00,62.906504837752124,69.54450561126345,175.4169210288331,0.1419071801886655,0.1270661856037963,24.59652620773241,0.1419071801886655,17,4,1,3,0,65,62.906504837752124,0.0,62.906504837752124,62.906504837752124,0.0,18.871951451325636,62.906504837752124,56.615854353976914,0.0,1.0,0.0,0.0,0.0,6658.780500852226,69.54450561126345,175.4169210288331,62.906504837752124,18.871951451325636,12.581300967550426,0.02541323712075926
2020-01-03 18:00:00,123.01603723909258,58.47721434050025,175.4169210288331,0.12891683133398496,0.7300032264245745,26.682891124215534,0.12891683133398496,18,4,1,3,0,66,58.47721434050025,64.53882289859234,123.01603723909258,123.01603723909258,0.0,36.90481117172777,123.01603723909258,110.71443351518333,64.53882289859234,0.475362527138186,0.5246374728618141,8.320140546111755,29.042470304366557,4184.878275444913,58.47721434050025,175.4169210288331,123.01603723909258,36.90481117172777,24.60320744781852,0.1460006452849149
2020-01-03 19:00:00,83.81622819107528,31.137495482518343,175.4169210288331,0.2932942025012084,0.33680407940169643,27.420601555872224,0.2932942025012084,19,4,1,3,0,67,31.137495482518343,52.678732708556936,83.81622819107528,83.81622819107528,0.0,25.144868457322584,83.81622819107528,75.43460537196776,52.678732708556936,0.37149721664323054,0.6285027833567693,15.450366898530529,23.70542971885062,888.1219665492654,31.137495482518343,175.4169210288331,83.81622819107528,25.144868457322584,16.763245638215057,0.06736081588033929
2020-01-03 20:00:00,142.0383351052515,71.18271475484947,175.4169210288331,0.20300971339749507,0.92080903586683,11.749255577762224,0.20300971339749507,20,4,1,3,0,68,71.18271475484947,70.85562035040202,142.0383351052515,142.0383351052515,0.0,42.611500531575444,142.0383351052515,127.83450159472635,70.85562035040202,0.5011514300143165,0.49884856998568355,14.384379179936834,31.88502915768091,1934.0188309133407,71.18271475484947,175.4169210288331,142.0383351052515,42.611500531575444,28.4076670210503,0.18416180717336603
2020-01-03 21:00:00,50.238699605105154,74.15687668523994,175.4169210288331,0.1300561422487811,0.0,29.63623877961462,0.1300561422487811,21,4,1,3,0,69,50.238699605105154,0.0,50.238699605105154,50.238699605105154,0.0,15.071609881531545,50.238699605105154,45.21482964459464,0.0,1.0,0.0,0.0,0.0,5459.170705833025,74.15687668523994,175.4169210288331,50.238699605105154,15.071609881531545,10.047739921021032,2e-07
2020-01-03 22:00:00,67.3382093509953,79.49195209966538,175.4169210288331,0.23040948183121607,0.17151901526758753,32.56949847260033,0.23040948183121607,22,4,1,3,0,70,67.3382093509953,0.0,67.3382093509953,67.3382093509953,0.0,20.20146280529859,67.3382093509953,60.60438841589577,0.0,1.0,0.0,0.0,0.0,292.39323354979206,79.49195209966538,175.4169210288331,67.3382093509953,20.20146280529859,13.46764187019906,0.03430380305351751
2020-01-03 23:00:00,119.80435217720512,52.62883775826767,175.4169210288331,0.2808246669168568,0.6977879718733755,18.49307341191891,0.2808246669168568,23,4,1,3,0,71,52.62883775826767,67.17551441893744,119.80435217720512,119.80435217720512,0.0,35.941305653161535,119.80435217720512,107.8239169594846,67.17551441893744,0.43928986553362653,0.5607101344663734,18.86454146166662,30.22898148852185,4728.915350101814,52.62883775826767,175.4169210288331,119.80435217720512,35.941305653161535,23.960870435441024,0.1395575943746751
2020-01-04 00:00:00,117.70559491576236,33.693083715637,175.4169210288331,0.1652354964391793,0.6767360947074303,11.578622060584053,0.1652354964391793,0,5,1,4,1,72,33.693083715637,84.01251120012536,117.70559491576236,117.70559491576236,0.0,35.31167847472871,117.70559491576236,105.93503542418613,84.01251120012536,0.2862487865572569,0.7137512134427431,13.881848995254826,37.805630040056414,642.0472417727362,33.693083715637,175.4169210288331,117.70559491576236,35.31167847472871,23.541118983152472,0.13534721894148607
2020-01-04 01:00:00,75.59118640759678,74.73631079935734,175.4169210288331,0.2995832997311497,0.254301651659517,27.406785863622538,0.2995832997311497,1,5,1,4,1,73,74.73631079935734,0.8548756082394391,75.59118640759678,75.59118640759678,0.0,22.677355922279034,75.59118640759678,68.0320677668371,0.8548756082394391,0.9886908031363624,0.011309196863637605,0.25610645557604483,0.3846940237077476,8599.738846678727,74.73631079935734,175.4169210288331,75.59118640759678,22.677355922279034,15.118237281519356,0.0508603303319034
2020-01-04 02:00:00,120.44549650945443,19.409060846146325,175.4169210288331,0.26622833586895656,0.7042190594393934,29.95633266083933,0.26622833586895656,2,5,1,4,1,74,19.409060846146325,101.03643566330811,120.44549650945444,120.44549650945444,0.0,36.133648952836324,120.44549650945443,108.40094685850899,101.03643566330811,0.1611439315593074,0.8388560684406925,26.898762128773413,45.466396048488654,13097.44956245242,19.409060846146325,175.4169210288331,120.44549650945443,36.133648952836324,24.089099301890887,0.1408438118878787
2020-01-04 03:00:00,113.93789433297052,74.86775664437701,175.4169210288331,0.141065846149586,0.6389436489948336,33.23931875323241,0.141065846149586,3,5,1,4,1,75,74.86775664437701,39.070137688593505,113.93789433297052,113.93789433297052,0.0,34.181368299891155,113.93789433297052,102.54410489967347,39.070137688593505,0.657092682664334,0.34290731733566604,5.511462032222273,17.581561959867077,6915.48902433181,74.86775664437701,175.4169210288331,113.93789433297052,34.181368299891155,22.787578866594103,0.12778872979896672
2020-01-04 04:00:00,123.32146839157386,18.50707091846462,175.4169210288331,0.25518391442162147,0.7330668961603822,31.997912788137512,0.25518391442162147,4,5,1,4,1,76,18.50707091846462,104.81439747310924,123.32146839157386,123.32146839157386,0.0,36.99644051747216,123.32146839157386,110.98932155241647,104.81439747310924,0.15007176901024596,0.849928230989754,26.746948234931725,47.16647886289916,7498.834590108958,18.50707091846462,175.4169210288331,123.32146839157386,36.99644051747216,24.664293678314774,0.14661337923207646
2020-01-04 05:00:00,142.85345702545814,62.854682691744365,175.4169210288331,0.24058726788305862,0.9289852298720689,30.61952289320148,0.24058726788305862,5,5,1,4,1,77,62.854682691744365,79.99877433371378,142.85345702545814,142.85345702545814,0.0,42.85603710763744,142.85345702545814,128.56811132291233,79.99877433371378,0.43999413105237584,0.5600058689476243,19.24668655094155,35.9994484501712,2582.5258217900396,62.854682691744365,175.4169210288331,142.85345702545814,42.85603710763744,28.57069140509163,0.1857970459744138
2020-01-04 06:00:00,128.5751972893899,25.839188596376324,175.4169210288331,0.2776019883228527,0.7857651559600737,10.360243529148205,0.2776019883228527,6,5,1,4,1,78,25.839188596376324,102.73600869301359,128.5751972893899,128.5751972893899,0.0,38.57255918681697,128.5751972893899,115.71767756045092,102.73600869301359,0.20096557610733365,0.7990344238926664,28.519720285534454,46.23120391185611,1887.12862943395,25.839188596376324,175.4169210288331,128.5751972893899,38.57255918681697,25.71503945787798,0.15715303119201474
2020-01-04 07:00:00,141.2177411020683,77.39652731186844,175.4169210288331,0.26944737435240296,0.9125779533707779,34.67675526946347,0.26944737435240296,7,5,1,4,1,79,77.39652731186844,63.82121379019985,141.2177411020683,141.2177411020683,0.0,42.36532233062049,141.2177411020683,127.09596699186146,63.82121379019985,0.5480651843590131,0.45193481564098686,17.19645848375272,28.719546205589932,4172.52043775204,77.39652731186844,175.4169210288331,141.2177411020683,42.36532233062049,28.243548220413658,0.18251559067415557
2020-01-04 08:00:00,88.01108481303338,58.94372919396756,175.4169210288331,0.29068991946037215,0.3788811732879643,21.10697966561713,0.29068991946037215,8,5,1,4,1,80,58.94372919396756,29.067355619065815,88.01108481303338,88.01108481303338,0.0,26.403325443910013,88.01108481303338,79.20997633173005,29.067355619065815,0.6697307426579829,0.3302692573420171,8.449587263832237,13.080310028579618,1548.3364161593058,58.94372919396756,175.4169210288331,88.01108481303338,26.403325443910013,17.602216962606676,0.07577623465759287
2020-01-04 09:00:00,148.43308283068365,31.241042005531245,175.4169210288331,0.28424820169170883,0.9849524440142121,28.995578022269445,0.28424820169170883,9,5,1,4,1,81,31.241042005531245,117.1920408251524,148.43308283068365,148.43308283068365,0.0,44.529924849205095,148.43308283068365,133.5897745476153,117.1920408251524,0.2104722303798516,0.7895277696201484,33.311626857130896,52.736418371318585,8533.399020132209,31.241042005531245,175.4169210288331,148.43308283068365,44.529924849205095,29.68661656613673,0.19699048880284242
2020-01-04 10:00:00,67.07675993718048,13.901858317949017,175.4169210288331,0.1876805098010148,0.16889651049018692,26.61998937350263,0.1876805098010148,10,5,1,4,1,82,13.901858317949017,53.17490161923146,67.07675993718048,67.07675993718048,0.0,20.123027981154145,67.07675993718048,60.369083943462435,53.17490161923146,0.2072529789895718,0.7927470210104282,9.979892644516168,23.92870572865416,4398.841403061978,13.901858317949017,175.4169210288331,67.07675993718048,20.123027981154145,13.415351987436097,0.03377930209803739
2020-01-04 11:00:00,51.304053436012445,36.18497319717635,175.4169210288331,0.166215696290098,0.01068618005452988,29.38454593824071,0.166215696290098,11,5,1,4,1,83,36.18497319717635,15.119080238836098,51.304053436012445,51.304053436012445,0.0,15.391216030803733,51.304053436012445,46.1736480924112,15.119080238836098,0.7053043721449233,0.2946956278550768,2.513028449164003,6.803586107476244,1944.7827496573996,36.18497319717635,175.4169210288331,51.304053436012445,15.391216030803733,10.26081068720249,0.002137236010905976
2020-01-04 12:00:00,100.50005162609312,76.02313752431394,175.4169210288331,0.22847156085089354,0.5041534952035349,14.027191649563544,0.22847156085089354,12,5,1,4,1,84,76.02313752431394,24.476914101779187,100.50005162609312,100.50005162609312,0.0,30.150015487827936,100.50005162609312,90.45004646348382,24.476914101779187,0.7564487410131422,0.2435512589868578,5.592278769646738,11.014611345800635,1674.6483915624624,76.02313752431394,175.4169210288331,100.50005162609312,30.150015487827936,20.100010325218626,0.10083069904070699
2020-01-04 13:00:00,88.05575310254022,50.08738549730018,175.4169210288331,0.21719246165297187,0.3793292247902445,10.760921589929332,0.21719246165297187,13,5,1,4,1,85,50.08738549730018,37.96836760524004,88.05575310254022,88.05575310254022,0.0,26.416725930762066,88.05575310254022,79.25017779228621,37.96836760524004,0.5688144582554853,0.43118554174451473,8.246443225127036,17.08576542235802,854.6825508427943,50.08738549730018,175.4169210288331,88.05575310254022,26.416725930762066,17.611150620508045,0.0758658449580489
2020-01-04 14:00:00,99.87573104850686,55.82013425221242,175.4169210288331,0.28891720620679584,0.4978911606530006,22.682835402122777,0.28891720620679584,14,5,1,4,1,86,55.82013425221242,44.055596796294445,99.87573104850686,99.87573104850686,0.0,29.962719314552057,99.87573104850686,89.88815794365618,44.055596796294445,0.5588958765678734,0.4411041234321265,12.728419944158457,19.825018558332502,69.91876751137266,55.82013425221242,175.4169210288331,99.87573104850686,29.962719314552057,19.975146209701375,0.09957823213060013
2020-01-04 15:00:00,56.42058648497738,55.54158297665989,175.4169210288331,0.26193540464738574,0.06200827777452204,14.936950457146306,0.26193540464738574,15,5,1,4,1,87,55.54158297665989,0.8790035083174885,56.42058648497738,56.42058648497738,0.0,16.926175945493213,56.42058648497738,50.77852783647964,0.8790035083174885,0.9844205180576857,0.015579481942314321,0.23024213963761306,0.39555157874286984,1864.2957987684888,55.54158297665989,175.4169210288331,56.42058648497738,16.926175945493213,11.284117296995475,0.012401655554904408
2020-01-04 16:00:00,96.78030546162444,41.876382162530376,175.4169210288331,0.16128862136116068,0.4668420629662219,23.727558234048775,0.16128862136116068,16,5,1,4,1,88,41.876382162530376,54.90392329909406,96.78030546162444,96.78030546162444,0.0,29.03409163848733,96.78030546162444,87.10227491546199,54.90392329909406,0.43269528818686465,0.5673047118131354,8.85537809622979,24.706765484592328,3105.4296716903277,41.876382162530376,175.4169210288331,96.78030546162444,29.03409163848733,19.35606109232489,0.09336841259324438
2020-01-04 17:00:00,61.38780162033396,70.43639991485139,175.4169210288331,0.1481533445477899,0.1118326213550968,16.692007192267894,0.1481533445477899,17,5,1,4,1,89,61.38780162033396,0.0,61.38780162033396,61.38780162033396,0.0,18.416340486100186,61.38780162033396,55.24902145830057,0.0,1.0,0.0,0.0,0.0,3395.1362828911597,70.43639991485139,175.4169210288331,61.38780162033396,18.416340486100186,12.277560324066792,0.022366524271019362
2020-01-04 18:00:00,88.4421019964337,77.74988186297617,175.4169210288331,0.23755802576931015,0.3832045512069132,26.288632885884336,0.23755802576931015,18,5,1,4,1,90,77.74988186297617,10.692220133457539,88.4421019964337,88.4421019964337,0.0,26.532630598930112,88.4421019964337,79.59789179679034,10.692220133457539,0.8791048619141969,0.12089513808580314,2.540022705995043,4.811499060055893,382.04124124897726,77.74988186297617,175.4169210288331,88.4421019964337,26.532630598930112,17.68842039928674,0.07664091024138264
2020-01-04 19:00:00,62.61493344018309,34.048190673290605,175.4169210288331,0.22662638953530634,0.12414153807094785,29.144480431631823,0.22662638953530634,19,5,1,4,1,91,34.048190673290605,28.56674276689248,62.61493344018309,62.61493344018309,0.0,18.784480032054926,62.61493344018309,56.35344009616478,28.56674276689248,0.5437710910579713,0.4562289089420288,6.473977774044671,12.855034245101617,2229.336372211819,34.048190673290605,175.4169210288331,62.61493344018309,18.784480032054926,12.522986688036617,0.02482830761418957
2020-01-04 20:00:00,148.99663412568114,77.650891491351,175.4169210288331,0.19986318326020452,0.9906052238077366,24.601121303614786,0.19986318326020452,20,5,1,4,1,92,77.650891491351,71.34574263433014,148.99663412568114,148.99663412568114,0.0,44.69899023770434,148.99663412568114,134.09697071311302,71.34574263433014,0.5211586956108766,0.4788413043891234,14.259387234960512,32.10558418544856,3731.2383482875157,77.650891491351,175.4169210288331,148.99663412568114,44.69899023770434,29.79932682513623,0.19812104476154735
2020-01-04 21:00:00,52.54200256088737,59.476459970939246,175.4169210288331,0.19747035874801594,0.02310360125579867,10.436403369238574,0.19747035874801594,21,5,1,4,1,93,52.54200256088737,0.0,52.54200256088737,52.54200256088737,0.0,15.76260076826621,52.54200256088737,47.28780230479863,0.0,1.0,0.0,0.0,0.0,5720.671295366432,59.476459970939246,175.4169210288331,52.54200256088737,15.76260076826621,10.508400512177474,0.004620720251159734
2020-01-04 22:00:00,124.68665537766603,24.11923390982021,175.4169210288331,0.1715526724281753,0.7467605944587754,15.595239544477993,0.1715526724281753,22,5,1,4,1,94,24.11923390982021,100.56742146784582,124.68665537766603,124.68665537766603,0.0,37.405996613299806,124.68665537766603,112.21798983989943,100.56742146784582,0.19343877527843661,0.8065612247215633,17.252609912019597,45.255339660530616,10921.660038483422,24.11923390982021,175.4169210288331,124.68665537766603,37.405996613299806,24.93733107553321,0.1493521188917551
2020-01-04 23:00:00,55.28663423868141,41.22068933944131,175.4169210288331,0.16068145288170113,0.05063401175546847,26.278054690800005,0.16068145288170113,23,5,1,4,1,95,41.22068933944131,14.065944899240101,55.28663423868141,55.28663423868141,0.0,16.585990271604423,55.28663423868141,49.75797081481327,14.065944899240101,0.7455814575632308,0.25441854243676915,2.2601364625638527,6.329675204658046,7774.965226360359,41.22068933944131,175.4169210288331,55.28663423868141,16.585990271604423,11.057326847736283,0.010126802351093695
2020-01-05 00:00:00,138.5813083833335,27.60283221906783,175.4169210288331,0.21620918970877498,0.8861328476071272,23.566313281229636,0.21620918970877498,0,6,1,5,1,96,27.60283221906783,110.97847616426566,138.5813083833335,138.5813083833335,0.0,41.57439251500005,138.5813083833335,124.72317754500014,110.97847616426566,0.19918149526135873,0.8008185047386412,23.994566406590476,49.94031427391955,9577.484748745464,27.60283221906783,175.4169210288331,138.5813083833335,41.57439251500005,27.7162616766667,0.17722656952142546
2020-01-05 01:00:00,69.24248684849715,28.380860789986325,175.4169210288331,0.29670938504819067,0.1906201360611966,28.252699762055098,0.29670938504819067,1,6,1,5,1,97,28.380860789986325,40.86162605851082,69.24248684849715,69.24248684849715,0.0,20.772746054549145,69.24248684849715,62.318238163647436,40.86162605851082,0.40987639355131433,0.5901236064486857,12.124027939889869,18.38773172632987,4916.977997210057,28.380860789986325,175.4169210288331,69.24248684849715,20.772746054549145,13.84849736969943,0.03812402721223932
2020-01-05 02:00:00,79.05940367190692,62.17813873325606,175.4169210288331,0.20077442573687598,0.28909008821405024,33.102477515992376,0.20077442573687598,2,6,1,5,1,98,62.17813873325606,16.881264938650858,79.05940367190692,79.05940367190692,0.0,23.717821101572074,79.05940367190692,71.15346330471623,16.881264938650858,0.7864736621502058,0.21352633784979422,3.389326273769685,7.596569222392886,1717.3137158135182,62.17813873325606,175.4169210288331,79.05940367190692,23.717821101572074,15.811880734381385,0.057818017642810055
2020-01-05 03:00:00,125.42184297429573,72.81906139576296,175.4169210288331,0.19766187954211428,0.7541349960927859,15.187622751913937,0.19766187954211428,3,6,1,5,1,99,72.81906139576296,52.60278157853277,125.42184297429573,125.42184297429573,0.0,37.626552892288714,125.42184297429573,112.87965867686616,52.60278157853277,0.5805931380763292,0.4194068619236708,10.397564675956092,23.671251710339746,1389.2559861628133,72.81906139576296,175.4169210288331,125.42184297429573,37.626552892288714,25.084368594859146,0.1508269992185572
2020-01-05 04:00:00,116.04952373395517,43.49446203696463,175.4169210288331,0.2175200454331308,0.6601246419501448,29.842255033972613,0.2175200454331308,4,6,1,5,1,100,43.49446203696463,72.55506169699055,116.04952373395517,116.04952373395517,0.0,34.81485712018655,116.04952373395517,104.44457136055965,72.55506169699055,0.3747922493561987,0.6252077506438013,15.782180316732992,32.64977776364575,1258.025609479441,43.49446203696463,175.4169210288331,116.04952373395517,34.81485712018655,23.209904746791036,0.13202492839002897
2020-01-05 05:00:00,112.89412915580843,67.549763748873,175.4169210288331,0.20364447269169084,0.6284740169400042,31.317362221700815,0.20364447269169084,5,6,1,5,1,101,67.549763748873,45.344365406935424,112.89412915580843,112.89412915580843,0.0,33.86823874674253,112.89412915580843,101.60471624022759,45.344365406935424,0.5983461164366274,0.40165388356337256,9.23412938283471,20.40496443312094,1319.079533040562,67.549763748873,175.4169210288331,112.89412915580843,33.86823874674253,22.578825831161687,0.12569480338800085
2020-01-05 06:00:00,140.20926027937122,30.653948432305757,175.4169210288331,0.1887879608359605,0.9024622459501705,16.1962584321462,0.1887879608359605,6,6,1,5,1,102,30.653948432305757,109.55531184706547,140.20926027937122,140.20926027937122,0.0,42.06277808381137,140.20926027937122,126.1883342514341,109.55531184706547,0.21862998471874703,0.7813700152812529,20.682723922355233,49.29989033117946,5484.346830611488,30.653948432305757,175.4169210288331,140.20926027937122,42.06277808381137,28.041852055874244,0.18049244919003413
2020-01-05 07:00:00,146.92040394430356,36.1378891065853,175.4169210288331,0.12513732527126695,0.9697793076574611,22.22829760612494,0.12513732527126695,7,6,1,5,1,103,36.1378891065853,110.78251483771825,146.92040394430356,146.92040394430356,0.0,44.076121183291065,146.92040394430356,132.2283635498732,110.78251483771825,0.24596916518337988,0.75403083481662,13.863027593616506,49.852131676973215,31.57963249928469,36.1378891065853,175.4169210288331,146.92040394430356,44.076121183291065,29.384080788860715,0.19395586153149225
2020-01-05 08:00:00,107.85447099841062,12.29736726266701,175.4169210288331,0.17835080782762391,0.5779230235321438,30.025541629510364,0.17835080782762391,8,6,1,5,1,104,12.29736726266701,95.55710373574361,107.85447099841062,107.85447099841062,0.0,32.35634129952319,107.85447099841062,97.06902389856955,95.55710373574361,0.11401815009456796,0.885981849905432,17.04268664493793,43.00069668108463,800.1836250144779,12.29736726266701,175.4169210288331,107.85447099841062,32.35634129952319,21.570894199682126,0.11558460470642876
2020-01-05 09:00:00,149.18878733645022,53.983597219638945,175.4169210288331,0.15578613464342234,0.9925326433642849,17.831302957173573,0.15578613464342234,9,6,1,5,1,105,53.983597219638945,95.20519011681128,149.18878733645022,149.18878733645022,0.0,44.75663620093506,149.18878733645022,134.2699086028052,95.20519011681128,0.3618475502310724,0.6381524497689277,14.831648566290184,42.842335552565075,1737.8656112207345,53.983597219638945,175.4169210288331,149.18878733645022,44.75663620093506,29.837757467290047,0.198506528672857
2020-01-05 10:00:00,115.5328480352872,17.487175654771672,175.4169210288331,0.25307630092873934,0.6549420543575665,27.129227563679663,0.25307630092873934,10,6,1,5,1,106,17.487175654771672,98.04567238051553,115.5328480352872,115.5328480352872,0.0,34.659854410586156,115.5328480352872,103.97956323175849,98.04567238051553,0.15136107135029306,0.8486389286497069,24.813036088131934,44.12055257123199,1340.0571265309275,17.487175654771672,175.4169210288331,115.5328480352872,34.659854410586156,23.10656960705744,0.1309884108715133
2020-01-05 11:00:00,57.74234517999099,51.03764947881295,175.4169210288331,0.13303176624384697,0.07526636254765978,23.55703242941179,0.13303176624384697,11,6,1,5,1,107,51.03764947881295,6.704695701178039,57.74234517999099,57.74234517999099,0.0,17.322703553997297,57.74234517999099,51.96811066199189,6.704695701178039,0.8838859821110736,0.11611401788892643,0.8919375112552426,3.017113065530118,9468.808314552953,51.03764947881295,175.4169210288331,57.74234517999099,17.322703553997297,11.548469035998199,0.015053272509531958
2020-01-05 12:00:00,149.93324203944184,41.56393670376583,175.4169210288331,0.28016641210795523,1.0,25.278439433429313,0.28016641210795523,12,6,1,5,1,108,41.56393670376583,108.369305335676,149.93324203944184,149.93324203944184,0.0,44.97997261183255,149.93324203944184,134.93991783549765,108.369305335676,0.27721628731827136,0.7227837126817286,30.361439458527833,48.766187401054204,10425.444085878948,41.56393670376583,175.4169210288331,149.93324203944184,44.97997261183255,29.986648407888367,0.2
2020-01-05 13:00:00,107.49823229867732,43.78017854033355,175.4169210288331,0.2813347748011523,0.5743497216137571,15.796900750953576,0.2813347748011523,13,6,1,5,1,109,43.78017854033355,63.71805375834377,107.49823229867732,107.49823229867732,0.0,32.249469689603195,107.49823229867732,96.7484090688096,63.71805375834377,0.40726417173719637,0.5927358282628036,17.926104304871362,28.673124191254697,1998.645995300367,43.78017854033355,175.4169210288331,107.49823229867732,32.249469689603195,21.499646459735466,0.11486994432275142
2020-01-05 14:00:00,88.28380593121051,17.732033856136997,175.4169210288331,0.12762469591960507,0.3816167404666467,26.157974303862275,0.12762469591960507,14,6,1,5,1,110,17.732033856136997,70.55177207507352,88.28380593121051,88.28380593121051,0.0,26.48514177936315,88.28380593121051,79.45542533808946,70.55177207507352,0.20085262148704314,0.7991473785129569,9.004148457670542,31.748297433783083,725.2055475212447,17.732033856136997,175.4169210288331,88.28380593121051,26.48514177936315,17.656761186242104,0.07632334809332934
2020-01-05 15:00:00,136.63599783126477,67.21714786550112,175.4169210288331,0.1937326290629053,0.8666201390418615,28.361706403778708,0.1937326290629053,15,6,1,5,1,111,67.21714786550112,69.41884996576366,136.63599783126477,136.63599783126477,0.0,40.99079934937943,136.63599783126477,122.9723980481383,69.41884996576366,0.4919431843174246,0.5080568156825753,13.448696310390767,31.238482484593646,2450.060021025529,67.21714786550112,175.4169210288331,136.63599783126477,40.99079934937943,27.327199566252958,0.1733240278083723
2020-01-05 16:00:00,137.233050168147,16.002290056742865,175.4169210288331,0.1144958641280117,0.8726089557042729,32.083777421045184,0.1144958641280117,16,6,1,5,1,112,16.002290056742865,121.23076011140414,137.233050168147,137.233050168147,0.0,41.1699150504441,137.233050168147,123.50974515133231,121.23076011140414,0.11660667774370534,0.8833933222562946,13.880420637850909,54.55384205013186,5307.435693311249,16.002290056742865,175.4169210288331,137.233050168147,41.1699150504441,27.4466100336294,0.1745217911408546
2020-01-05 17:00:00,107.19267928579552,77.41994063811818,175.4169210288331,0.14695818706846078,0.5712848295402211,33.604899887226736,0.14695818706846078,17,6,1,5,1,113,77.41994063811818,29.772738647677343,107.19267928579552,107.19267928579552,0.0,32.15780378573866,107.19267928579552,96.47341135721597,29.772738647677343,0.7222502614353196,0.27774973856468044,4.375347695725759,13.397732391454804,12136.697492995421,77.41994063811818,175.4169210288331,107.19267928579552,32.15780378573866,21.438535857159106,0.11425696590804423
2020-01-05 18:00:00,82.51817871900111,31.36328672078131,175.4169210288331,0.15345026897684277,0.32378381329305644,29.817627232944478,0.15345026897684277,18,6,1,5,1,114,31.36328672078131,51.1548919982198,82.51817871900111,82.51817871900111,0.0,24.755453615700333,82.51817871900111,74.266360847101,51.1548919982198,0.38007730184621025,0.6199226981537898,7.849731936608171,23.01970139919891,2578.4118519674553,31.36328672078131,175.4169210288331,82.51817871900111,24.755453615700333,16.503635743800224,0.06475676265861129
2020-01-05 19:00:00,137.48704547761577,10.723513364940128,175.4169210288331,0.16332300887279566,0.875156691049325,28.414717855370064,0.16332300887279566,19,6,1,5,1,115,10.723513364940128,126.76353211267563,137.48704547761577,137.48704547761577,0.0,41.24611364328473,137.48704547761577,123.73834092985419,126.76353211267563,0.07799653652958904,0.922003463470411,20.70340147998544,57.04358945070403,6142.6667041377905,10.723513364940128,175.4169210288331,137.48704547761577,41.24611364328473,27.497409095523153,0.17503133820986502
2020-01-05 20:00:00,65.9382841824199,29.157985203967556,175.4169210288331,0.2831291031950062,0.1574768707891428,10.704959272097364,0.2831291031950062,20,6,1,5,1,116,29.157985203967556,36.78029897845235,65.9382841824199,65.9382841824199,0.0,19.781485254725972,65.9382841824199,59.344455764177916,36.78029897845235,0.44220115166025953,0.5577988483397405,10.413573065013418,16.551134540303558,8436.811997271874,29.157985203967556,175.4169210288331,65.9382841824199,19.781485254725972,13.187656836483981,0.03149537415782856
2020-01-05 21:00:00,91.30674891101447,70.32877845345513,175.4169210288331,0.1297471338561305,0.4119387912629077,30.776009301856373,0.1297471338561305,21,6,1,5,1,117,70.32877845345513,20.977970457559337,91.30674891101447,91.30674891101447,0.0,27.392024673304338,91.30674891101447,82.17607401991302,20.977970457559337,0.7702473178844206,0.22975268211557945,2.7218315409869023,9.440086705901702,1944.7478034742803,70.32877845345513,175.4169210288331,91.30674891101447,27.392024673304338,18.261349782202895,0.08238775825258154
2020-01-05 22:00:00,81.30356916566062,31.168564558608974,175.4169210288331,0.1856214278712956,0.3116005029163576,31.40414950004966,0.1856214278712956,22,6,1,5,1,118,31.168564558608974,50.13500460705164,81.30356916566062,81.30356916566062,0.0,24.391070749698184,81.30356916566062,73.17321224909456,50.13500460705164,0.3833603478723211,0.6166396521276789,9.306131141494909,22.56075207317324,2383.654992684762,31.168564558608974,175.4169210288331,81.30356916566062,24.391070749698184,16.260713833132126,0.062320100583271525
2020-01-05 23:00:00,50.40073602804851,14.12133312361026,175.4169210288331,0.21656652299626922,0.001625328919585378,22.61451679128159,0.21656652299626922,23,6,1,5,1,119,14.12133312361026,36.27940290443826,50.40073602804851,50.40073602804851,0.0,15.120220808414553,50.40073602804851,45.36066242524366,36.27940290443826,0.2801810893347192,0.7198189106652809,7.856904143394944,16.325731306997216,482.58579813987126,14.12133312361026,175.4169210288331,50.40073602804851,15.120220808414553,10.080147205609704,0.0003250657839170756
2020-01-06 00:00:00,101.76969342586558,18.527951805911734,175.4169210288331,0.2068469573847675,0.5168888141966353,18.984318298899403,0.2068469573847675,0,0,1,6,0,120,18.527951805911734,83.24174161995384,101.76969342586557,101.76969342586557,1.4210854715202004e-14,30.530908027759672,101.76969342586557,91.59272408327901,83.24174161995384,0.182057655694998,0.8179423443050021,17.21830098149642,37.45878372897923,2224.8795458420223,18.527951805911734,175.4169210288331,101.76969342586558,30.530908027759672,20.35393868517312,0.10337776283932708
2020-01-06 01:00:00,119.79539556699427,40.75944164299699,175.4169210288331,0.24865309208029365,0.6976981313465809,24.656633261312706,0.24865309208029365,1,0,1,6,0,121,40.75944164299699,79.03595392399728,119.79539556699427,119.79539556699427,0.0,35.93861867009828,119.79539556699427,107.81585601029485,79.03595392399728,0.34024213910794854,0.6597578608920515,19.652534328717543,35.56617926579878,511.92779051988464,40.75944164299699,175.4169210288331,119.79539556699427,35.93861867009828,23.959079113398857,0.13953962626931618
2020-01-06 02:00:00,67.72425043655976,67.0658050365529,175.4169210288331,0.17634958571018877,0.17539125416991982,13.131693098531752,0.17634958571018877,2,0,1,6,0,122,67.0658050365529,0.6584454000068547,67.72425043655976,67.72425043655976,0.0,20.317275130967925,67.72425043655976,60.951825392903785,0.6584454000068547,0.9902775535238496,0.009722446476150358,0.11611657350398835,0.29630043000308465,6835.058597422011,67.0658050365529,175.4169210288331,67.72425043655976,20.317275130967925,13.544850087311952,0.035078250833983964
2020-01-06 03:00:00,141.72235039243662,18.579704928624153,175.4169210288331,0.19658785865385617,0.9176395071734917,14.878646652101963,0.19658785865385617,3,0,1,6,0,123,18.579704928624153,123.14264546381247,141.72235039243662,141.72235039243662,0.0,42.516705117730986,141.72235039243662,127.55011535319296,123.14264546381247,0.13109932820882503,0.8689006717911749,24.20834898070189,55.414190458715616,17353.281168946447,18.579704928624153,175.4169210288331,141.72235039243662,42.516705117730986,28.344470078487326,0.18352790143469835
2020-01-06 04:00:00,50.960461342696796,36.4895512068026,175.4169210288331,0.19601904127881126,0.007239731684079162,13.887901660182482,0.19601904127881126,4,0,1,6,0,124,36.4895512068026,14.470910135894194,50.960461342696796,50.960461342696796,0.0,15.288138402809038,50.960461342696796,45.86441520842712,14.470910135894194,0.7160365162595209,0.2839634837404791,2.836573931269812,6.511909561152387,12130.308652889104,36.4895512068026,175.4169210288331,50.960461342696796,15.288138402809038,10.19209226853936,0.0014479463368158325
2020-01-06 05:00:00,115.27318504630531,33.85426175169511,175.4169210288331,0.21180254645439128,0.652337468563385,16.488460281592012,0.21180254645439128,5,0,1,6,0,125,33.85426175169511,81.41892329461021,115.27318504630531,115.27318504630531,0.0,34.58195551389159,115.27318504630531,103.74586654167479,81.41892329461021,0.29368722429328065,0.7063127757067195,17.2447352833732,36.6385154825746,4488.981216411813,33.85426175169511,175.4169210288331,115.27318504630531,34.58195551389159,23.054637009261064,0.13046749371267702
2020-01-06 06:00:00,131.9775722940962,69.18670565714476,175.4169210288331,0.2081243505347697,0.8198931525547445,12.685135351357566,0.2081243505347697,6,0,1,6,0,126,69.18670565714476,62.79086663695145,131.9775722940962,131.9775722940962,0.0,39.59327168822886,131.9775722940962,118.77981506468659,62.79086663695145,0.5242307799310816,0.4757692200689184,13.068308338330858,28.25588998662815,1595.3860871726906,69.18670565714476,175.4169210288331,131.9775722940962,39.59327168822886,26.395514458819243,0.1639786305109489
2020-01-06 07:00:00,102.54873640195416,43.12962338172936,175.4169210288331,0.20491261617346498,0.5247031133254135,32.63089004774804,0.20491261617346498,7,0,1,6,0,127,43.12962338172936,59.4191130202248,102.54873640195416,102.54873640195416,0.0,30.764620920586246,102.54873640195416,92.29386276175875,59.4191130202248,0.42057683882789887,0.5794231611721011,12.17572589968106,26.73860085910116,690.3402591596764,43.12962338172936,175.4169210288331,102.54873640195416,30.764620920586246,20.509747280390833,0.10494062266508271
2020-01-06 08:00:00,83.15652243270799,71.60547299888937,175.4169210288331,0.24137152327786301,0.33018680886452734,14.56690824416425,0.24137152327786301,8,0,1,6,0,128,71.60547299888937,11.55104943381862,83.15652243270799,83.15652243270799,0.0,24.946956729812396,83.15652243270799,74.8408701894372,11.55104943381862,0.861092682860013,0.13890731713998708,2.788094397298697,5.197972245218379,3102.2255229313373,71.60547299888937,175.4169210288331,83.15652243270799,24.946956729812396,16.631304486541598,0.06603736177290546
2020-01-06 09:00:00,69.41308982512089,19.14597600249949,175.4169210288331,0.22207907509836072,0.19233139299119464,25.577199544935464,0.22207907509836072,9,0,1,6,0,129,19.14597600249949,50.2671138226214,69.41308982512089,69.41308982512089,0.0,20.82392694753627,69.41308982512089,62.4717808426088,50.2671138226214,0.27582659194016285,0.7241734080598371,11.163274145591783,22.62020122017963,4250.932466872161,19.14597600249949,175.4169210288331,69.41308982512089,20.82392694753627,13.88261796502418,0.03846627859823893
2020-01-06 10:00:00,141.83979441056118,73.91265562029363,175.4169210288331,0.1341569028865829,0.9188175457627346,20.52330084780603,0.1341569028865829,10,0,1,6,0,130,73.91265562029363,67.92713879026755,141.83979441056118,141.83979441056118,0.0,42.55193832316835,141.83979441056118,127.65581496950507,67.92713879026755,0.5210995681955826,0.47890043180441744,9.112894562049362,30.567212455620396,3311.265678215994,73.91265562029363,175.4169210288331,141.83979441056118,42.55193832316835,28.367958882112237,0.1837635091525469
2020-01-06 11:00:00,132.79164682499925,12.794710704966533,175.4169210288331,0.25089012575763336,0.8280588405756232,30.199112741894684,0.25089012575763336,11,0,1,6,0,131,12.794710704966533,119.99693612003271,132.79164682499925,132.79164682499925,0.0,39.837494047499774,132.79164682499925,119.51248214249932,119.99693612003271,0.09635177370627963,0.9036482262937203,30.106046393685705,53.99862125401472,6446.666984635777,12.794710704966533,175.4169210288331,132.79164682499925,39.837494047499774,26.55832936499985,0.16561176811512465
2020-01-06 12:00:00,67.09450765264047,16.805018457634198,175.4169210288331,0.15491078581312195,0.16907453142319515,30.286406271873187,0.15491078581312195,12,0,1,6,0,132,16.805018457634198,50.289489195006276,67.09450765264047,67.09450765264047,0.0,20.12835229579214,67.09450765264047,60.38505688737643,50.289489195006276,0.25046787055412345,0.7495321294458765,7.790384289338928,22.630270137752824,4875.210725076484,16.805018457634198,175.4169210288331,67.09450765264047,20.12835229579214,13.418901530528096,0.03381490628463903
2020-01-06 13:00:00,137.68161394142965,44.22623305425476,175.4169210288331,0.14241665784062796,0.877108337138097,30.815389315090847,0.14241665784062796,13,0,1,6,0,133,44.22623305425476,93.45538088717488,137.68161394142965,137.68161394142965,0.0,41.304484182428894,137.68161394142965,123.91345254728668,93.45538088717488,0.32122105332865136,0.6787789466713486,13.309603003174347,42.0549213992287,2615.2172155339476,44.22623305425476,175.4169210288331,137.68161394142965,41.304484182428894,27.53632278828593,0.17542166742761942
2020-01-06 14:00:00,60.576049084273166,45.50402788206044,175.4169210288331,0.27235225707578625,0.1036902244270458,16.633819595909824,0.27235225707578625,14,0,1,6,0,134,45.50402788206044,15.072021202212724,60.576049084273166,60.576049084273166,0.0,18.17281472528195,60.576049084273166,54.51844417584585,15.072021202212724,0.7511884411404153,0.2488115588595847,4.104898993116741,6.782409540995726,6145.583835124118,45.50402788206044,175.4169210288331,60.576049084273166,18.17281472528195,12.115209816854634,0.02073804488540916
2020-01-06 15:00:00,51.63193582324911,41.98896507022687,175.4169210288331,0.1687264676695785,0.013975050029058536,28.07658706726059,0.1687264676695785,15,0,1,6,0,135,41.98896507022687,9.64297075302224,51.63193582324911,51.63193582324911,0.0,15.489580746974731,51.63193582324911,46.4687422409242,9.64297075302224,0.8132363119982003,0.18676368800179968,1.627024392998498,4.339336838860008,41.83025535099074,41.98896507022687,175.4169210288331,51.63193582324911,15.489580746974731,10.326387164649823,0.0027950100058117076
2020-01-06 16:00:00,77.8453987343351,20.14542709367507,175.4169210288331,0.20644007257531333,0.2769128425200704,23.57624137733793,0.20644007257531333,16,0,1,6,0,136,20.14542709367507,57.69997164066004,77.8453987343351,77.8453987343351,0.0,23.35361962030053,77.8453987343351,70.0608588609016,57.69997164066004,0.2587876409038107,0.7412123590961893,11.911586333091378,25.964987238297017,2786.615485647481,20.14542709367507,175.4169210288331,77.8453987343351,23.35361962030053,15.569079746867022,0.05538256850401409
2020-01-06 17:00:00,144.609518795361,25.181368283366215,175.4169210288331,0.12669036692035246,0.9465996521566135,19.8113080241044,0.12669036692035246,17,0,1,6,0,137,25.181368283366215,119.42815051199479,144.609518795361,144.609518795361,0.0,43.3828556386083,144.609518795361,130.14856691582492,119.42815051199479,0.17413354593206778,0.8258664540679322,15.130396208983699,53.742667730397656,3835.7287704375253,25.181368283366215,175.4169210288331,144.609518795361,43.3828556386083,28.9219037590722,0.1893199304313227
2020-01-06 18:00:00,86.87464458161284,45.01552309145963,175.4169210288331,0.17277996045457483,0.36748195118742605,32.55887043700821,0.17277996045457483,18,0,1,6,0,138,45.01552309145963,41.859121490153214,86.87464458161284,86.87464458161284,0.0,26.06239337448385,86.87464458161284,78.18718012345155,41.859121490153214,0.5181664144728741,0.4818335855271259,7.232417355731916,18.836604670568946,6410.347960342715,45.01552309145963,175.4169210288331,86.87464458161284,26.06239337448385,17.37492891632257,0.0734963902374852
2020-01-06 19:00:00,94.6029424083518,72.34574165630548,175.4169210288331,0.23577418808656192,0.44500171945186395,30.916882390423517,0.23577418808656192,19,0,1,6,0,139,72.34574165630548,22.257200752046316,94.6029424083518,94.6029424083518,0.0,28.380882722505536,94.6029424083518,85.14264816751661,22.257200752046316,0.7647303542000466,0.23526964579995338,5.2476734363933355,10.015740338420843,1131.17614342527,72.34574165630548,175.4169210288331,94.6029424083518,28.380882722505536,18.92058848167036,0.0890003438903728
2020-01-06 20:00:00,91.34082074568741,47.85631031534808,175.4169210288331,0.20876013584171765,0.4122805535483947,17.02819997631984,0.20876013584171765,20,0,1,6,0,140,47.85631031534808,43.48451043033933,91.34082074568741,91.34082074568741,0.0,27.40224622370622,91.34082074568741,82.20673867111867,43.48451043033933,0.5239312491902213,0.47606875080977873,9.077832304448226,19.568029693652697,1050.3309235816184,47.85631031534808,175.4169210288331,91.34082074568741,27.40224622370622,18.268164149137483,0.08245611070967895
2020-01-06 21:00:00,64.82701186564651,68.27427289616821,175.4169210288331,0.1774699060314054,0.14633009896354032,11.419264304462148,0.1774699060314054,21,0,1,6,0,141,64.82701186564651,0.0,64.82701186564651,64.82701186564651,0.0,19.44810355969395,64.82701186564651,58.344310679081865,0.0,1.0,0.0,0.0,0.0,2178.9073584755915,68.27427289616821,175.4169210288331,64.82701186564651,19.44810355969395,12.965402373129303,0.029266019792708067
2020-01-06 22:00:00,90.01909055150679,12.153492510011635,175.4169210288331,0.2933817894384791,0.39902275465683384,17.880573931854016,0.2933817894384791,22,0,1,6,0,142,12.153492510011635,77.86559804149516,90.01909055150679,90.01909055150679,0.0,27.005727165452036,90.01909055150679,81.01718149635612,77.86559804149516,0.13501016768279495,0.864989832317205,22.844348489111184,35.03951911867282,8837.550999668138,12.153492510011635,175.4169210288331,90.01909055150679,27.005727165452036,18.00381811030136,0.07980455093136678
2020-01-06 23:00:00,68.17509960867427,18.85851859137234,175.4169210288331,0.1945743382973928,0.17991355961518998,30.507712731618565,0.1945743382973928,23,0,1,6,0,143,18.85851859137234,49.31658101730193,68.17509960867427,68.17509960867427,0.0,20.45252988260228,68.17509960867427,61.35758964780685,49.31658101730193,0.27661886377314326,0.7233811362268567,9.595741118531285,22.192461457785868,860.0037477994024,18.85851859137234,175.4169210288331,68.17509960867427,20.45252988260228,13.635019921734855,0.035982711923038
2020-01-07 00:00:00,110.7001792241432,59.18627290715419,175.4169210288331,0.2478306040493665,0.6064672964306015,28.92879279934694,0.2478306040493665,0,1,1,7,0,144,59.18627290715419,51.51390631698901,110.7001792241432,110.7001792241432,0.0,33.21005376724296,110.7001792241432,99.63016130172888,51.51390631698901,0.5346538128661488,0.46534618713385123,12.766722519481862,23.181257842645053,1631.1560066267061,59.18627290715419,175.4169210288331,110.7001792241432,33.21005376724296,22.140035844828642,0.1212934592861203
2020-01-07 01:00:00,76.49448296207581,15.794869772920379,175.4169210288331,0.2646541751888497,0.2633622936206753,22.79539347476932,0.2646541751888497,1,1,1,7,0,145,15.794869772920379,60.69961318915543,76.49448296207581,76.49448296207581,0.0,22.948344888622742,76.49448296207581,68.84503466586823,60.69961318915543,0.206483777147054,0.793516222852946,16.064406062858154,27.314825935119945,1967.1910766989613,15.794869772920379,175.4169210288331,76.49448296207581,22.948344888622742,15.298896592415161,0.05267245872413506
2020-01-07 02:00:00,101.28125690256667,49.20823962780131,175.4169210288331,0.22510225734310327,0.5119894835876341,16.03811789293376,0.22510225734310327,2,1,1,7,0,146,49.20823962780131,52.073017274765355,101.28125690256667,101.28125690256667,0.0,30.38437707077,101.28125690256667,91.15313121231,52.073017274765355,0.48585731588165426,0.5141426841183457,11.721753735216094,23.43285777364441,1190.8714421292373,49.20823962780131,175.4169210288331,101.28125690256667,30.38437707077,20.256251380513334,0.10239789671752682
2020-01-07 03:00:00,75.65220090425856,65.07333192421211,175.4169210288331,0.2721714712794109,0.254913666070456,26.965531282091987,0.2721714712794109,3,1,1,7,0,147,65.07333192421211,10.578868980046451,75.65220090425856,75.65220090425856,0.0,22.695660271277568,75.65220090425856,68.08698081383271,10.578868980046451,0.8601644254417065,0.13983557455829354,2.8792663347713634,4.760491041020903,1973.465496277757,65.07333192421211,175.4169210288331,75.65220090425856,22.695660271277568,15.130440180851714,0.050982733214091205
2020-01-07 04:00:00,71.86508379310506,67.96308375295462,175.4169210288331,0.24620431287128053,0.21692646016449713,23.30882382642455,0.24620431287128053,4,1,1,7,0,148,67.96308375295462,3.9020000401504404,71.86508379310506,71.86508379310506,0.0,21.559525137931516,71.86508379310506,64.67857541379455,3.9020000401504404,0.9457038128365084,0.05429618716349162,0.9606892387089482,1.7559000180676982,52.93124447226873,67.96308375295462,175.4169210288331,71.86508379310506,21.559525137931516,14.373016758621013,0.043385292032899425
2020-01-07 05:00:00,129.3334019617261,49.47041169833929,175.4169210288331,0.25837399006061657,0.7933704335793135,29.945541465079508,0.25837399006061657,5,1,1,7,0,149,49.47041169833929,79.86299026338682,129.3334019617261,129.3334019617261,0.0,38.80002058851783,129.3334019617261,116.4000617655535,79.86299026338682,0.38250298026629787,0.6174970197337022,20.634519452523424,35.93834561852407,6112.050955414164,49.47041169833929,175.4169210288331,129.3334019617261,38.80002058851783,25.866680392345224,0.1586740867158627
2020-01-07 06:00:00,126.29375716389985,20.316700028554465,175.4169210288331,0.28553351373875957,0.7628808528700354,12.698389110489781,0.28553351373875957,6,1,1,7,0,150,20.316700028554465,105.97705713534539,126.29375716389985,126.29375716389985,0.0,37.888127149169954,126.29375716389985,113.66438144750987,105.97705713534539,0.160868600988631,0.839131399011369,30.26000149954845,47.689675710905426,1531.8833927180722,20.316700028554465,175.4169210288331,126.29375716389985,37.888127149169954,25.258751432779974,0.15257617057400708
2020-01-07 07:00:00,73.82799667853637,46.27356645064577,175.4169210288331,0.1796777657036291,0.23661573138738448,26.264958896249542,0.1796777657036291,7,1,1,7,0,151,46.27356645064577,27.5544302278906,73.82799667853637,73.82799667853637,0.0,22.148399003560908,73.82799667853637,66.44519701068273,27.5544302278906,0.6267753228105489,0.37322467718945107,4.950918458583922,12.39949360255077,6823.867325520144,46.27356645064577,175.4169210288331,73.82799667853637,22.148399003560908,14.765599335707273,0.0473231462774769
2020-01-07 08:00:00,113.72028618876038,66.00836151862899,175.4169210288331,0.18414073615956694,0.636760900181342,29.110595381709548,0.18414073615956694,8,1,1,7,0,152,66.00836151862899,47.711924670131395,113.72028618876038,113.72028618876038,0.0,34.11608585662811,113.72028618876038,102.34825756988435,47.711924670131395,0.5804449120807169,0.4195550879192831,8.785708932347799,21.47036610155913,795.7867185642635,66.00836151862899,175.4169210288331,113.72028618876038,34.11608585662811,22.744057237752077,0.12735218003626841
2020-01-07 09:00:00,122.97802232252802,44.12256570093377,175.4169210288331,0.2964813576253952,0.7296219125067178,30.01920029283536,0.2964813576253952,9,1,1,7,0,153,44.12256570093377,78.85545662159424,122.978022322528,122.978022322528,1.4210854715202004e-14,36.893406696758404,122.978022322528,110.68022009027521,78.85545662159424,0.35878415401099745,0.6412158459890026,23.379172835340718,35.484955479717414,1448.9076409856327,44.12256570093377,175.4169210288331,122.97802232252802,36.893406696758404,24.595604464505605,0.14592438250134357
2020-01-07 10:00:00,81.40238347405602,60.03873724685731,175.4169210288331,0.2757893739328997,0.31259167360617235,17.93109658020619,0.2757893739328997,10,1,1,7,0,154,60.03873724685731,21.363646227198714,81.40238347405602,81.40238347405602,0.0,24.420715042216806,81.40238347405602,73.26214512665042,21.363646227198714,0.7375550282995389,0.2624449717004611,5.891866617923088,9.613640802239422,3558.632779104392,60.03873724685731,175.4169210288331,81.40238347405602,24.420715042216806,16.280476694811206,0.06251833472123447
2020-01-07 11:00:00,65.52693544127679,78.04691326223828,175.4169210288331,0.24937014087923334,0.15335077992098872,32.28104683919773,0.24937014087923334,11,1,1,7,0,155,65.52693544127679,0.0,65.52693544127679,65.52693544127679,0.0,19.658080632383037,65.52693544127679,58.97424189714911,0.0,1.0,0.0,0.0,0.0,486.5256995421311,78.04691326223828,175.4169210288331,65.52693544127679,19.658080632383037,13.105387088255359,0.030670155984197745
2020-01-07 12:00:00,93.07830144984624,21.70884791375188,175.4169210288331,0.10568456548832372,0.42970859586378235,13.28578043221199,0.10568456548832372,12,1,1,7,0,156,21.70884791375188,71.36945353609435,93.07830144984624,93.07830144984624,0.0,27.92349043495387,93.07830144984624,83.77047130486162,71.36945353609435,0.2332321021720551,0.7667678978279449,7.542649686101241,32.11625409124246,7013.623692610565,21.70884791375188,175.4169210288331,93.07830144984624,27.92349043495387,18.61566028996925,0.08594171917275648
2020-01-07 13:00:00,69.623200947576,63.75518384977787,175.4169210288331,0.20537171608736468,0.19443894188328661,14.377153137710636,0.20537171608736468,13,1,1,7,0,157,63.75518384977787,5.868017097798123,69.623200947576,69.623200947576,0.0,20.8869602842728,69.623200947576,62.660880852818394,5.868017097798123,0.9157175048269247,0.08428249517307528,1.2051247414047979,2.6406076940091556,6058.332541125312,63.75518384977787,175.4169210288331,69.623200947576,20.8869602842728,13.9246401895152,0.03888778837665732
2020-01-07 14:00:00,105.80746630800007,39.91800029144825,175.4169210288331,0.23621003661009757,0.5573902577414909,19.147807934264574,0.23621003661009757,14,1,1,7,0,158,39.91800029144825,65.88946601655182,105.80746630800007,105.80746630800007,0.0,31.742239892400022,105.80746630800007,95.22671967720007,65.88946601655182,0.37727016518143447,0.6227298348185655,15.563753179989485,29.65025970744832,4170.785650300059,39.91800029144825,175.4169210288331,105.80746630800007,31.742239892400022,21.161493261600015,0.11147805154829818
2020-01-07 15:00:00,81.75286827502774,32.614069899037034,175.4169210288331,0.14110368565685602,0.31610726024124375,14.238663284412622,0.14110368565685602,15,1,1,7,0,159,32.614069899037034,49.1387983759907,81.75286827502774,81.75286827502774,0.0,24.52586048250832,81.75286827502774,73.57758144752496,49.1387983759907,0.39893487026435426,0.6010651297356457,6.933665559601419,22.112459269195817,333.93226558172967,32.614069899037034,175.4169210288331,81.75286827502774,24.52586048250832,16.350573655005547,0.06322145204824875
2020-01-07 16:00:00,124.26144743125708,18.809356666475864,175.4169210288331,0.11446872869037361,0.742495486900967,19.594190929262496,0.11446872869037361,16,1,1,7,0,160,18.809356666475864,105.45209076478122,124.26144743125708,124.26144743125708,0.0,37.278434229377126,124.26144743125708,111.83530268813138,105.45209076478122,0.15136920626070627,0.8486307937392937,12.070966767586395,47.45344084415155,3361.7570070986612,18.809356666475864,175.4169210288331,124.26144743125708,37.278434229377126,24.85228948625142,0.1484990973801934
2020-01-07 17:00:00,144.95857730498395,10.144265142648148,175.4169210288331,0.10956466324323735,0.950100932177562,14.199207398678507,0.10956466324323735,17,1,1,7,0,161,10.144265142648148,134.8143121623358,144.95857730498395,144.95857730498395,0.0,43.48757319149518,144.95857730498395,130.46271957448556,134.8143121623358,0.06998044083521347,0.9300195591647865,14.770884712434999,60.66644047305111,937.2238565153228,10.144265142648148,175.4169210288331,144.95857730498395,43.48757319149518,28.99171546099679,0.1900201864355124
2020-01-07 18:00:00,102.55449032107536,76.86860812157279,175.4169210288331,0.10742729306706676,0.5247608288129487,11.75590482785441,0.10742729306706676,18,1,1,7,0,162,76.86860812157279,25.685882199502572,102.55449032107536,102.55449032107536,0.0,30.766347096322608,102.55449032107536,92.29904128896783,25.685882199502572,0.7495391755242918,0.2504608244757082,2.7593647947321163,11.558646989776157,16361.152172122165,76.86860812157279,175.4169210288331,102.55449032107536,30.766347096322608,20.510898064215073,0.10495216576258976
2020-01-07 19:00:00,143.1585990343451,73.22439913003078,175.4169210288331,0.2710787447426093,0.9320459993127624,28.555786871244454,0.2710787447426093,19,1,1,7,0,163,73.22439913003078,69.93419990431431,143.1585990343451,143.1585990343451,0.0,42.94757971030352,143.1585990343451,128.8427391309106,69.93419990431431,0.5114914481138751,0.48850855188612485,18.95767512464023,31.470389956941442,1971.1938788799916,73.22439913003078,175.4169210288331,143.1585990343451,42.94757971030352,28.631719806869018,0.1864091998625525
2020-01-07 20:00:00,57.55540326909158,58.82102219882941,175.4169210288331,0.10672892819835467,0.07339121566063192,32.08886945112053,0.10672892819835467,20,1,1,7,0,164,57.55540326909158,0.0,57.55540326909158,57.55540326909158,0.0,17.266620980727474,57.55540326909158,51.79986294218242,0.0,1.0,0.0,0.0,0.0,5136.309747546726,58.82102219882941,175.4169210288331,57.55540326909158,17.266620980727474,11.511080653818317,0.014678243132126385
2020-01-07 21:00:00,65.21723101908124,51.86608373607796,175.4169210288331,0.27545912959155494,0.15024424655784566,24.06565936305343,0.27545912959155494,21,1,1,7,0,165,51.86608373607796,13.351147283003279,65.21723101908124,65.21723101908124,0.0,19.56516930572437,65.21723101908124,58.69550791717312,13.351147283003279,0.7952819051901022,0.20471809480989778,3.6776954096247367,6.008016277351476,210.6214905211761,51.86608373607796,175.4169210288331,65.21723101908124,19.56516930572437,13.043446203816249,0.030048849311569134
2020-01-07 22:00:00,121.22158238913617,13.305457313503943,175.4169210288331,0.2379829558886471,0.7120036970006011,18.16024300117097,0.2379829558886471,22,1,1,7,0,166,13.305457313503943,107.91612507563224,121.22158238913619,121.22158238913619,0.0,36.36647471674085,121.22158238913617,109.09942415022256,107.91612507563224,0.10976145543779316,0.8902385445622067,25.68219843354791,48.56225628403451,10429.45693502172,13.305457313503943,175.4169210288331,121.22158238913617,36.36647471674085,24.244316477827237,0.1424007394001202
2020-01-07 23:00:00,54.28739517471865,79.75144588038691,175.4169210288331,0.29280438032319467,0.040611005083654866,24.766499737900492,0.29280438032319467,23,1,1,7,0,167,54.28739517471865,0.0,54.28739517471865,54.28739517471865,0.0,16.286218552415594,54.28739517471865,48.858655657246786,0.0,1.0,0.0,0.0,0.0,13325.409282199964,79.75144588038691,175.4169210288331,54.28739517471865,16.286218552415594,10.85747903494373,0.008122201016730973
2020-01-08 00:00:00,119.0295143390936,67.3607583526732,175.4169210288331,0.14239083671310293,0.6900158529670485,17.62676165405032,0.14239083671310293,0,2,1,8,0,168,67.3607583526732,51.66875598642039,119.0295143390936,119.0295143390936,0.0,35.708854301728074,119.0295143390936,107.12656290518424,51.66875598642039,0.5659164344800615,0.4340835655199385,7.357157396831545,23.25094019388918,2840.5731699669514,67.3607583526732,175.4169210288331,119.0295143390936,35.708854301728074,23.80590286781872,0.1380031705934097
2020-01-08 01:00:00,92.91231261391172,77.12136019024136,175.4169210288331,0.15998722092008627,0.4280436217149332,28.04884983748412,0.15998722092008627,1,2,1,8,0,169,77.12136019024136,15.790952423670362,92.91231261391172,92.91231261391172,0.0,27.873693784173515,92.91231261391172,83.62108135252055,15.790952423670362,0.8300445658985137,0.16995543410148622,2.526350593944322,7.105928590651663,1382.4861367188178,77.12136019024136,175.4169210288331,92.91231261391172,27.873693784173515,18.582462522782347,0.08560872434298665
2020-01-08 02:00:00,82.9440361732812,27.95851561389823,175.4169210288331,0.28494025127088396,0.32805543583007324,13.787852439089509,0.28494025127088396,2,2,1,8,0,170,27.95851561389823,54.98552055938298,82.9440361732812,82.9440361732812,0.0,24.883210851984362,82.9440361732812,74.64963255595309,54.98552055938298,0.33707686415801064,0.6629231358419894,15.667588044450941,24.74348425172234,3953.1994581826903,27.95851561389823,175.4169210288331,82.9440361732812,24.883210851984362,16.58880723465624,0.06561108716601464
2020-01-08 03:00:00,52.13142360239279,52.4550574156956,175.4169210288331,0.15428846891152995,0.0189852317997675,29.124646795806353,0.15428846891152995,3,2,1,8,0,171,52.13142360239279,0.0,52.13142360239279,52.13142360239279,0.0,15.639427080717837,52.13142360239279,46.91828124215351,0.0,1.0,0.0,0.0,0.0,3607.7369518065525,52.4550574156956,175.4169210288331,52.13142360239279,15.639427080717837,10.42628472047856,0.0037970463599535003
2020-01-08 04:00:00,134.51305548708635,35.06810425335547,175.4169210288331,0.12021578092546777,0.8453256700334232,13.215412504326052,0.12021578092546777,4,2,1,8,0,172,35.06810425335547,99.44495123373088,134.51305548708635,134.51305548708635,0.0,40.3539166461259,134.51305548708635,121.06174993837772,99.44495123373088,0.2607040939362359,0.739295906063764,11.954852471658016,44.750228055178894,10180.455193086344,35.06810425335547,175.4169210288331,134.51305548708635,40.3539166461259,26.90261109741727,0.16906513400668466
2020-01-08 05:00:00,71.51954352933785,22.798472322420967,175.4169210288331,0.23390622010938614,0.21346047039886082,11.83254313930582,0.23390622010938614,5,2,1,8,0,173,22.798472322420967,48.72107120691689,71.51954352933785,71.51954352933785,0.0,21.455863058801356,71.51954352933785,64.36758917640407,48.72107120691689,0.31877262070428153,0.6812273792957185,11.396161605690176,21.9244820431126,2723.4558726952264,22.798472322420967,175.4169210288331,71.51954352933785,21.455863058801356,14.30390870586757,0.04269209407977217
2020-01-08 06:00:00,97.42365881728617,61.584592581686415,175.4169210288331,0.24175388582102147,0.4732953084493984,17.7552313187242,0.24175388582102147,6,2,1,8,0,174,61.584592581686415,35.83906623559975,97.42365881728617,97.42365881728617,0.0,29.22709764518585,97.42365881728617,87.68129293555755,35.83906623559975,0.6321317976487173,0.36786820235128265,8.664233526653208,16.127579806019888,1670.3091768472407,61.584592581686415,175.4169210288331,97.42365881728617,29.22709764518585,19.484731763457233,0.09465906168987968
2020-01-08 07:00:00,63.056607222488395,74.35303678215269,175.4169210288331,0.2797687762663934,0.1285718084901758,19.036124806945036,0.2797687762663934,7,2,1,8,0,175,63.056607222488395,0.0,63.056607222488395,63.056607222488395,0.0,18.916982166746518,63.056607222488395,56.75094650023956,0.0,1.0,0.0,0.0,0.0,1286.6054957424417,74.35303678215269,175.4169210288331,63.056607222488395,18.916982166746518,12.61132144449768,0.025714361698035162
2020-01-08 08:00:00,146.42035043880642,23.060944936940903,175.4169210288331,0.14771069391607922,0.9647634512897317,15.117136623794366,0.14771069391607922,8,2,1,8,0,176,23.060944936940903,123.35940550186552,146.42035043880642,146.42035043880642,0.0,43.926105131641926,146.42035043880642,131.77831539492578,123.35940550186552,0.15749822253416051,0.8425017774658395,18.221503387755558,55.51173247583949,16817.19592743326,23.060944936940903,175.4169210288331,146.42035043880642,43.926105131641926,29.284070087761286,0.19295269025794637
2020-01-08 09:00:00,136.77344828122506,78.26741151174424,175.4169210288331,0.13853648672791877,0.8679988549334643,22.06007751340779,0.13853648672791877,9,2,1,8,0,177,78.26741151174424,58.506036769480815,136.77344828122506,136.77344828122506,0.0,41.032034484367514,136.77344828122506,123.09610345310256,58.506036769480815,0.5722412682819523,0.4277587317180476,8.105220786418306,26.327716546266366,7253.713387613534,78.26741151174424,175.4169210288331,136.77344828122506,41.032034484367514,27.354689656245014,0.17359977098669288
2020-01-08 10:00:00,103.21778337965821,35.30213486729822,175.4169210288331,0.2474570495487909,0.5314140822648088,21.597393208293227,0.2474570495487909,10,2,1,8,0,178,35.30213486729822,67.91564851236,103.21778337965821,103.21778337965821,0.0,30.965335013897462,103.21778337965821,92.89600504169239,67.91564851236,0.34201601421190214,0.6579839857880978,16.806205999061334,30.562041830562,1934.5557902855085,35.30213486729822,175.4169210288331,103.21778337965821,30.965335013897462,20.643556675931645,0.10628281645296177
2020-01-08 11:00:00,113.35417644759926,76.43116768875103,175.4169210288331,0.13779876272081854,0.6330885854064158,24.63858020765064,0.13779876272081854,11,2,1,8,0,179,76.43116768875103,36.923008758848226,113.35417644759926,113.35417644759926,0.0,34.00625293427978,113.35417644759926,102.01875880283933,36.923008758848226,0.6742686514429683,0.3257313485570317,5.087944922899231,16.615353941481704,2652.1410597191007,76.43116768875103,175.4169210288331,113.35417644759926,34.00625293427978,22.670835289519854,0.12661771708128317
2020-01-08 12:00:00,61.56747101238565,69.2188146043774,175.4169210288331,0.20746994435675586,0.11363482022842061,20.754468700342517,0.20746994435675586,12,2,1,8,0,180,61.56747101238565,0.0,61.56747101238565,61.56747101238565,0.0,18.470241303715696,61.56747101238565,55.41072391114709,0.0,1.0,0.0,0.0,0.0,1584.238054692978,69.2188146043774,175.4169210288331,61.56747101238565,18.470241303715696,12.31349420247713,0.022726964045684125
2020-01-08 13:00:00,129.37284563019665,13.358166910782801,175.4169210288331,0.24233202970481107,0.7937660787922549,19.01922918981206,0.24233202970481107,13,2,1,8,0,181,13.358166910782801,116.01467871941385,129.37284563019665,129.37284563019665,0.0,38.81185368905899,129.37284563019665,116.43556106717699,116.01467871941385,0.10325325106449462,0.8967467489355054,28.114072569627112,52.206605423736235,15783.54268032964,13.358166910782801,175.4169210288331,129.37284563019665,38.81185368905899,25.874569126039333,0.158753215758451
2020-01-08 14:00:00,134.74246207880446,22.532264822714694,175.4169210288331,0.17177590392784298,0.8476267648187191,27.441108189613047,0.17177590392784298,14,2,1,8,0,182,22.532264822714694,112.21019725608977,134.74246207880446,134.74246207880446,0.0,40.42273862364134,134.74246207880446,121.26821587092402,112.21019725608977,0.16722467791583503,0.8327753220841649,19.275008063586387,50.4945887652404,98.63815170248967,22.532264822714694,175.4169210288331,134.74246207880446,40.42273862364134,26.948492415760896,0.16952535296374383
2020-01-08 15:00:00,147.61428452157088,78.40632606649777,175.4169210288331,0.15842566961641166,0.9767393734777575,16.0195113537471,0.15842566961641166,15,2,1,8,0,183,78.40632606649777,69.20795845507311,147.61428452157088,147.61428452157088,0.0,44.284285356471266,147.61428452157088,132.8528560694138,69.20795845507311,0.5311567665732259,0.46884323342677414,10.964317161029756,31.143581304782902,4971.103261773685,78.40632606649777,175.4169210288331,147.61428452157088,44.284285356471266,29.522856904314178,0.1953478746955515
2020-01-08 16:00:00,108.97446063644796,21.497777537228558,175.4169210288331,0.2981172893327473,0.5891572356634148,28.77981708763871,0.2981172893327473,16,2,1,8,0,184,21.497777537228558,87.4766830992194,108.97446063644796,108.97446063644796,0.0,32.692338190934386,108.97446063644796,98.07701457280317,87.4766830992194,0.1972735392464823,0.8027264607535177,26.078311645359033,39.36450739464873,3572.329195831827,21.497777537228558,175.4169210288331,108.97446063644796,32.692338190934386,21.794892127289593,0.11783144713268297
2020-01-08 17:00:00,68.40159287504201,54.27428185502581,175.4169210288331,0.1270456714838473,0.1821854318845965,17.346652639791955,0.1270456714838473,17,2,1,8,0,185,54.27428185502581,14.1273110200162,68.40159287504201,68.40159287504201,0.0,20.520477862512603,68.40159287504201,61.56143358753781,14.1273110200162,0.7934651749145027,0.2065348250854973,1.794813714799114,6.35728995900729,6454.429619707975,54.27428185502581,175.4169210288331,68.40159287504201,20.520477862512603,13.680318575008403,0.0364370863769193
2020-01-08 18:00:00,115.33841472811534,41.31166306598177,175.4169210288331,0.2117964044649922,0.6529917639763259,27.774721050610136,0.2117964044649922,18,2,1,8,0,186,41.31166306598177,74.02675166213356,115.33841472811534,115.33841472811534,0.0,34.6015244184346,115.33841472811534,103.80457325530381,74.02675166213356,0.3581778296794249,0.641822170320575,15.678599836262775,33.3120382479601,3755.9724751086187,41.31166306598177,175.4169210288331,115.33841472811534,34.6015244184346,23.06768294562307,0.1305983527952652
2020-01-08 19:00:00,65.00106998484372,20.89906612833542,175.4169210288331,0.29537969307000717,0.1480760131825845,24.281376218822775,0.29537969307000717,19,2,1,8,0,187,20.89906612833542,44.102003856508304,65.00106998484372,65.00106998484372,0.0,19.500320995453116,65.00106998484372,58.500962986359355,44.102003856508304,0.32151880166293334,0.6784811983370667,13.026836362907694,19.845901735428736,1312.164644969083,20.89906612833542,175.4169210288331,65.00106998484372,19.500320995453116,13.000213996968746,0.029615202636516902
2020-01-08 20:00:00,126.5448042526261,41.607222311825325,175.4169210288331,0.2117995836722113,0.7653990156761046,15.614105639786178,0.2117995836722113,20,2,1,8,0,188,41.607222311825325,84.93758194080077,126.5448042526261,126.5448042526261,0.0,37.96344127578783,126.5448042526261,113.89032382736349,84.93758194080077,0.32879439466169846,0.6712056053383015,17.989744493185935,38.22191187336035,2096.372169998158,41.607222311825325,175.4169210288331,126.5448042526261,37.96344127578783,25.30896085052522,0.15307980313522093
2020-01-08 21:00:00,116.55050088642508,79.5950022887922,175.4169210288331,0.28636011457594623,0.6651497630875418,31.801606480828482,0.28636011457594623,21,2,1,8,0,189,79.5950022887922,36.95549859763288,116.55050088642508,116.55050088642508,0.0,34.96515026592753,116.55050088642508,104.89545079778257,36.95549859763288,0.6829228676276141,0.3170771323723859,10.582580812629372,16.629974368934796,3745.3517495291544,79.5950022887922,175.4169210288331,116.55050088642508,34.96515026592753,23.31010017728502,0.13302995261750836
2020-01-08 22:00:00,105.46946606348908,11.341148574859902,175.4169210288331,0.21268709541214226,0.5539998991896813,11.602847783998861,0.21268709541214226,22,2,1,8,0,190,11.341148574859902,94.12831748862918,105.46946606348908,105.46946606348908,0.0,31.64083981904672,105.46946606348908,94.92251945714017,94.12831748862918,0.10753016013215533,0.8924698398678447,20.019878442688494,42.35774286988313,7927.319766745533,11.341148574859902,175.4169210288331,105.46946606348908,31.64083981904672,21.093893212697818,0.11079997983793627
2020-01-08 23:00:00,80.99380578026972,45.872679976056524,175.4169210288331,0.12324180133264828,0.3084933781146673,14.324098488358871,0.12324180133264828,23,2,1,8,0,191,45.872679976056524,35.1211258042132,80.99380578026972,80.99380578026972,0.0,24.298141734080918,80.99380578026972,72.89442520224276,35.1211258042132,0.5663726939873125,0.4336273060126875,4.328390808941791,15.80450661189594,4674.275331393239,45.872679976056524,175.4169210288331,80.99380578026972,24.298141734080918,16.198761156053944,0.06169867562293346
2020-01-09 00:00:00,145.65208469918628,17.631770434003066,175.4169210288331,0.19097058775819997,0.9570572547331232,27.84028717761928,0.19097058775819997,0,3,1,9,0,192,17.631770434003066,128.0203142651832,145.65208469918628,145.65208469918628,0.0,43.695625409755884,145.65208469918628,131.08687622926766,128.0203142651832,0.12105402041047182,0.8789459795895281,24.44811466021151,57.609141419332445,9427.80818846927,17.631770434003066,175.4169210288331,145.65208469918628,43.695625409755884,29.130416939837257,0.19141145094662465
2020-01-09 01:00:00,80.73146948093063,71.98033815379195,175.4169210288331,0.20252473390599685,0.30586197730843073,14.256418917109261,0.20252473390599685,1,3,1,9,0,193,71.98033815379195,8.75113132713868,80.73146948093063,80.73146948093063,0.0,24.219440844279188,80.73146948093063,72.65832253283757,8.75113132713868,0.8916019814403878,0.10839801855961215,1.772320543405194,3.9380090972124058,17178.904811901208,71.98033815379195,175.4169210288331,80.73146948093063,24.219440844279188,16.146293896186126,0.06117239546168615
2020-01-09 02:00:00,125.46663436681155,11.061429082222247,175.4169210288331,0.19063760125459944,0.7545842823969516,22.61932974445828,0.19063760125459944,2,3,1,9,0,194,11.061429082222247,114.4052052845893,125.46663436681155,125.46663436681155,0.0,37.639990310043466,125.46663436681155,112.91997093013039,114.4052052845893,0.08816231612528388,0.9118376838747161,21.809933906494127,51.482342378065184,14873.896826276623,11.061429082222247,175.4169210288331,125.46663436681155,37.639990310043466,25.09332687336231,0.15091685647939035
2020-01-09 03:00:00,97.12036180062023,17.854862099568017,175.4169210288331,0.29041333941021796,0.4702530454602713,13.481544084139564,0.29041333941021796,3,3,1,9,0,195,17.854862099568017,79.26549970105222,97.12036180062023,97.12036180062023,0.0,29.13610854018607,97.12036180062023,87.40832562055822,79.26549970105222,0.18384262340602187,0.8161573765939782,23.01975846820221,35.669474865473504,1280.9496406588307,17.854862099568017,175.4169210288331,97.12036180062023,29.13610854018607,19.424072360124047,0.09405060909205426
2020-01-09 04:00:00,149.10531276026668,68.25175575115935,175.4169210288331,0.15468800366512953,0.9916953399959635,26.362280759203486,0.15468800366512953,4,3,1,9,0,196,68.25175575115935,80.85355700910733,149.10531276026668,149.10531276026668,0.0,44.73159382808,149.10531276026668,134.19478148424002,80.85355700910733,0.4577419441847478,0.5422580558152522,12.507075322963555,36.384100654098305,2542.3688157434744,68.25175575115935,175.4169210288331,149.10531276026668,44.73159382808,29.821062552053338,0.1983390679991927
2020-01-09 05:00:00,76.7577314683531,69.20099418830743,175.4169210288331,0.29698040558207084,0.26600284444571853,13.254211152399517,0.29698040558207084,5,3,1,9,0,197,69.20099418830743,7.556737280045667,76.7577314683531,76.7577314683531,0.0,23.02731944050593,76.7577314683531,69.08195832151779,7.556737280045667,0.9015507996981219,0.0984492003018781,2.244202902305117,3.40053177602055,5373.324836005123,69.20099418830743,175.4169210288331,76.7577314683531,23.02731944050593,15.351546293670621,0.05320056888914371
2020-01-09 06:00:00,54.95504228600092,32.04840930129106,175.4169210288331,0.2850811192111653,0.04730793246783955,33.98883555900994,0.2850811192111653,6,3,1,9,0,198,32.04840930129106,22.90663298470986,54.95504228600092,54.95504228600092,0.0,16.486512685800275,54.95504228600092,49.45953805740083,22.90663298470986,0.5831750457856526,0.4168249542143474,6.5302485686404825,10.307984843119437,1615.9338619310256,32.04840930129106,175.4169210288331,54.95504228600092,16.486512685800275,10.991008457200184,0.00946158649356791
2020-01-09 07:00:00,53.374106242577454,20.613647241715643,175.4169210288331,0.23531775356554335,0.031450133185950684,29.878112356860473,0.23531775356554335,7,3,1,9,0,199,20.613647241715643,32.760459000861815,53.374106242577454,53.374106242577454,0.0,16.012231872773235,53.374106242577454,48.03669561831971,32.760459000861815,0.38621063082592244,0.6137893691740777,7.709117617858887,14.742206550387817,227.85167051569852,20.613647241715643,175.4169210288331,53.374106242577454,16.012231872773235,10.674821248515492,0.006290026637190137
2020-01-09 08:00:00,54.968543521512125,67.23379290119583,175.4169210288331,0.19818708828617881,0.047443358491988254,17.69399897491255,0.19818708828617881,8,3,1,9,0,200,54.968543521512125,0.0,54.968543521512125,54.968543521512125,0.0,16.490563056453638,54.968543521512125,49.471689169360914,0.0,1.0,0.0,0.0,0.0,2253.5065723427215,67.23379290119583,175.4169210288331,54.968543521512125,16.490563056453638,10.993708704302426,0.009488671698397651
2020-01-09 09:00:00,96.02430156374658,48.150266749831275,175.4169210288331,0.2463739778006571,0.4592588605218574,29.296204848543024,0.2463739778006571,9,3,1,9,0,201,48.150266749831275,47.8740348139153,96.02430156374658,96.02430156374658,0.0,28.80729046912397,96.02430156374658,86.42187140737192,47.8740348139153,0.5014383438953346,0.49856165610466535,11.794916390471453,21.543315666261886,2338.412107499217,48.150266749831275,175.4169210288331,96.02430156374658,28.80729046912397,19.204860312749318,0.09185177210437148
2020-01-09 10:00:00,64.20500892260392,49.86407283501059,175.4169210288331,0.24196275043392704,0.14009101176925115,34.927495672862435,0.24196275043392704,10,3,1,9,0,202,49.86407283501059,14.340936087593334,64.20500892260392,64.20500892260392,0.0,19.261502676781177,64.20500892260392,57.78450803034353,14.340936087593334,0.7766383600245169,0.22336163997548306,3.469972339551244,6.4534212394170005,1127.4058414868537,49.86407283501059,175.4169210288331,64.20500892260392,19.261502676781177,12.841001784520785,0.028018202353850233
2020-01-09 11:00:00,149.81534472488826,66.92380420527849,175.4169210288331,0.26555363655302866,0.9988174145577605,26.644138348657645,0.26555363655302866,11,3,1,9,0,203,66.92380420527849,82.89154051960978,149.81534472488826,149.81534472488826,0.0,44.944603417466475,149.81534472488826,134.83381025239945,82.89154051960978,0.44670860870876256,0.5532913912912374,22.012150024465104,37.3011932338244,4990.219802420495,66.92380420527849,175.4169210288331,149.81534472488826,44.944603417466475,29.963068944977653,0.1997634829115521
2020-01-09 12:00:00,136.87526106252704,22.67445178248998,175.4169210288331,0.25189780423624214,0.8690201022235959,19.174981231505285,0.25189780423624214,12,3,1,9,0,204,22.67445178248998,114.20080928003706,136.87526106252704,136.87526106252704,0.0,41.06257831875811,136.87526106252704,123.18773495627434,114.20080928003706,0.16565777925444022,0.8343422207455597,28.7669330996432,51.39036417601668,2938.2755001488067,22.67445178248998,175.4169210288331,136.87526106252704,41.06257831875811,27.37505221250541,0.1738040204447192
2020-01-09 13:00:00,83.99767909600578,26.70968859155694,175.4169210288331,0.2124824544592906,0.3386241479881992,21.055115975122575,0.2124824544592906,13,3,1,9,0,205,26.70968859155694,57.28799050444884,83.99767909600578,83.99767909600578,0.0,25.199303728801734,83.99767909600578,75.59791118640521,57.28799050444884,0.3179812689946933,0.6820187310053067,12.172692833425822,25.77959572700198,3255.352077088196,26.70968859155694,175.4169210288331,83.99767909600578,25.199303728801734,16.799535819201157,0.06772482959763984
2020-01-09 14:00:00,121.07854777847054,17.042309869772946,175.4169210288331,0.2191653183779969,0.7105689684069085,15.46529776840306,0.2191653183779969,14,3,1,9,0,206,17.042309869772946,104.03623790869759,121.07854777847054,121.07854777847054,0.0,36.32356433354116,121.07854777847054,108.97069300062348,104.03623790869759,0.14075416481666217,0.8592458351833379,22.80113520410874,46.816307058913914,2278.8568467192513,17.042309869772946,175.4169210288331,121.07854777847054,36.32356433354116,24.215709555694108,0.14211379368138172
2020-01-09 15:00:00,124.281813880283,45.04972948433038,175.4169210288331,0.2976682752575319,0.7426997754059202,26.60929429923648,0.2976682752575319,15,3,1,9,0,207,45.04972948433038,79.23208439595263,124.28181388028301,124.28181388028301,0.0,37.2845441640849,124.281813880283,111.8536324922547,79.23208439595263,0.36248046337435536,0.6375195366256445,23.584877907202426,35.654437978178684,1399.6615849497143,45.04972948433038,175.4169210288331,124.281813880283,37.2845441640849,24.8563627760566,0.14853995508118406
2020-01-09 16:00:00,73.91390061199272,25.856588677994345,175.4169210288331,0.29688610465853066,0.237477402762354,21.02544343318219,0.29688610465853066,16,3,1,9,0,208,25.856588677994345,48.05731193399837,73.91390061199272,73.91390061199272,0.0,22.174170183597813,73.91390061199272,66.52251055079344,48.05731193399837,0.34982037835788427,0.6501796216421157,14.267548140444694,21.625790370299267,1340.2430920664629,25.856588677994345,175.4169210288331,73.91390061199272,22.174170183597813,14.782780122398544,0.0474954805524708
2020-01-09 17:00:00,87.19893806890815,41.13517317986434,175.4169210288331,0.28580399878252183,0.3707348222009913,15.637283035630222,0.28580399878252183,17,3,1,9,0,209,41.13517317986434,46.06376488904381,87.19893806890815,87.19893806890815,0.0,26.159681420672445,87.19893806890815,78.47904426201734,46.06376488904381,0.47173938227731227,0.5282606177226877,13.16520820426665,20.728694200069715,237.40937420122899,41.13517317986434,175.4169210288331,87.19893806890815,26.159681420672445,17.43978761378163,0.07414696444019826
2020-01-09 18:00:00,111.70560982592198,27.174983009778707,175.4169210288331,0.11126669730731242,0.6165524081852495,29.454213947828137,0.11126669730731242,18,3,1,9,0,210,27.174983009778707,84.53062681614327,111.70560982592198,111.70560982592198,0.0,33.51168294777659,111.70560982592198,100.53504884332979,84.53062681614327,0.24327321655669062,0.7567267834433093,9.4054436671492,38.03878206726447,1674.5863761034893,27.174983009778707,175.4169210288331,111.70560982592198,33.51168294777659,22.3411219651844,0.1233104816370499
2020-01-09 19:00:00,57.93652217315361,69.23152893168391,175.4169210288331,0.12205648517168464,0.07721408193551409,19.59271433260637,0.12205648517168464,19,3,1,9,0,211,57.93652217315361,0.0,57.93652217315361,57.93652217315361,0.0,17.380956651946082,57.93652217315361,52.14286995583825,0.0,1.0,0.0,0.0,0.0,8091.699161629927,69.23152893168391,175.4169210288331,57.93652217315361,17.380956651946082,11.587304434630724,0.015442816387102818
2020-01-09 20:00:00,131.4383150523238,48.7093354333231,175.4169210288331,0.2851554800834057,0.8144840576473918,13.865404524677531,0.2851554800834057,20,3,1,9,0,212,48.7093354333231,82.72897961900068,131.4383150523238,131.4383150523238,0.0,39.43149451569713,131.4383150523238,118.29448354709142,82.72897961900068,0.37058703479219574,0.6294129652078042,23.590621900066424,37.228040828550306,6929.2250439327345,48.7093354333231,175.4169210288331,131.4383150523238,39.43149451569713,26.287663010464758,0.16289681152947838
2020-01-09 21:00:00,76.80934549712956,53.791139113136076,175.4169210288331,0.1780408062752389,0.2665205661536089,32.795274002874535,0.1780408062752389,21,3,1,9,0,213,53.791139113136076,23.01820638399348,76.80934549712956,76.80934549712956,0.0,23.042803649138865,76.80934549712956,69.1284109474166,23.01820638399348,0.7003202379213908,0.29967976207860925,4.098180023616051,10.358192872797066,3591.2011689626133,53.791139113136076,175.4169210288331,76.80934549712956,23.042803649138865,15.361869099425912,0.05330411323072179
2020-01-09 22:00:00,90.15929895247862,46.40316636681335,175.4169210288331,0.20356193576201487,0.4004291345603695,14.84773608183954,0.20356193576201487,22,3,1,9,0,214,46.40316636681335,43.75613258566527,90.15929895247862,90.15929895247862,0.0,27.047789685743584,90.15929895247862,81.14336905723076,43.75613258566527,0.5146797602238637,0.4853202397761362,8.907083050597398,19.690259663549373,484.6437244463927,46.40316636681335,175.4169210288331,90.15929895247862,27.047789685743584,18.031859790495727,0.0800858269120739
2020-01-09 23:00:00,83.67999535562143,74.68890176585819,175.4169210288331,0.2906148504039614,0.3354375769620711,20.33456994773875,0.2906148504039614,23,3,1,9,0,215,74.68890176585819,8.991093589763238,83.67999535562143,83.67999535562143,0.0,25.103998606686428,83.67999535562143,75.3119958200593,8.991093589763238,0.8925538469313593,0.10744615306864065,2.6129453185570597,4.0459921153934575,2008.6907634513673,74.68890176585819,175.4169210288331,83.67999535562143,25.103998606686428,16.735999071124287,0.06708751539241423
2020-01-10 00:00:00,54.25466628159475,66.73548817193691,175.4169210288331,0.12661014808969182,0.04028271336051012,25.897736288698262,0.12661014808969182,0,4,1,10,0,216,54.25466628159475,0.0,54.25466628159475,54.25466628159475,0.0,16.276399884478426,54.25466628159475,48.829199653435275,0.0,1.0,0.0,0.0,0.0,498.39774376621267,66.73548817193691,175.4169210288331,54.25466628159475,16.276399884478426,10.850933256318951,0.008056542672102025
2020-01-10 01:00:00,86.95921071930928,62.5195059464958,175.4169210288331,0.14757084791942718,0.36833020361560825,33.554354596787235,0.14757084791942718,1,4,1,10,0,217,62.5195059464958,24.439704772813485,86.95921071930928,86.95921071930928,0.0,26.087763215792783,86.95921071930928,78.26328964737836,24.439704772813485,0.7189520860337495,0.2810479139662505,3.6065879562245575,10.997867147766069,665.6067440688039,62.5195059464958,175.4169210288331,86.95921071930928,26.087763215792783,17.391842143861858,0.07366604072312165
2020-01-10 02:00:00,93.34241939811054,59.07898481097767,175.4169210288331,0.13997074537809792,0.4323578677478302,16.754116375456643,0.13997074537809792,2,4,1,10,0,218,59.07898481097767,34.26343458713286,93.34241939811054,93.34241939811054,0.0,28.00272581943316,93.34241939811054,84.00817745829949,34.26343458713286,0.6329275070426722,0.36707249295732775,4.7958784783746875,15.418545564209788,108.34285314869437,59.07898481097767,175.4169210288331,93.34241939811054,28.00272581943316,18.66848387962211,0.08647157354956604
2020-01-10 03:00:00,113.31292020915876,10.208612335566896,175.4169210288331,0.10489266934673254,0.6326747589578149,33.39831514850834,0.10489266934673254,3,4,1,10,0,219,10.208612335566896,103.10430787359186,113.31292020915876,113.31292020915876,0.0,33.993876062747624,113.31292020915876,101.9816281882429,103.10430787359186,0.09009221822827722,0.9099077817717227,10.814886074008383,46.39693854311634,7127.379140727692,10.208612335566896,175.4169210288331,113.31292020915876,33.993876062747624,22.662584041831753,0.126534951791563
2020-01-10 04:00:00,134.76495838882016,74.81634607016265,175.4169210288331,0.1525477489724775,0.8478524171911197,30.88494777270939,0.1525477489724775,4,4,1,10,0,220,74.81634607016265,59.94861231865751,134.76495838882016,134.76495838882016,0.0,40.42948751664605,134.76495838882016,121.28846254993815,59.94861231865751,0.5551617198166944,0.4448382801833056,9.145025863234938,26.97687554339588,6036.573317150603,74.81634607016265,175.4169210288331,134.76495838882016,40.42948751664605,26.952991677764032,0.16957048343822395
2020-01-10 05:00:00,141.04400151303884,45.13741723937915,175.4169210288331,0.2007045538711477,0.9108352342129675,29.784464585363455,0.2007045538711477,5,4,1,10,0,221,45.13741723937915,95.90658427365969,141.04400151303884,141.04400151303884,0.0,42.31320045391165,141.04400151303884,126.93960136173496,95.90658427365969,0.32002365754779305,0.679976342452207,19.248888209950497,43.15796292314686,2173.8145636594354,45.13741723937915,175.4169210288331,141.04400151303884,42.31320045391165,28.20880030260777,0.18216704684259352
2020-01-10 06:00:00,66.58666926023182,24.182909026998757,175.4169210288331,0.1066548904801039,0.1639805876625009,12.35991936978511,0.1066548904801039,6,4,1,10,0,222,24.182909026998757,42.40376023323306,66.58666926023182,66.58666926023182,0.0,19.976000778069544,66.58666926023182,59.928002334208635,42.40376023323306,0.3631794365999584,0.6368205634000417,4.522568403620057,19.081692104954875,3301.643594723571,24.182909026998757,175.4169210288331,66.58666926023182,19.976000778069544,13.317333852046364,0.03279611753250018
2020-01-10 07:00:00,95.12102808337534,24.762840576849907,175.4169210288331,0.2767909087269216,0.4501984500087525,24.009196705564968,0.2767909087269216,7,4,1,10,0,223,24.762840576849907,70.35818750652543,95.12102808337534,95.12102808337534,0.0,28.5363084250126,95.12102808337534,85.6089252750378,70.35818750652543,0.26032982481165806,0.7396701751883419,19.474506656310314,31.661184377936443,781.7863247803049,24.762840576849907,175.4169210288331,95.12102808337534,28.5363084250126,19.02420561667507,0.09003969000175051
2020-01-10 08:00:00,98.09273352044312,68.17390684297041,175.4169210288331,0.1768891800093942,0.48000655549281235,28.94694843337721,0.1768891800093942,8,4,1,10,0,224,68.17390684297041,29.91882667747271,98.09273352044312,98.09273352044312,0.0,29.427820056132934,98.09273352044312,88.2834601683988,29.91882667747271,0.6949944648933915,0.30500553510660855,5.292316717821335,13.46347200486272,3519.862578623828,68.17390684297041,175.4169210288331,98.09273352044312,29.427820056132934,19.618546704088626,0.09600131109856247
2020-01-10 09:00:00,91.13962384147825,48.310787210524836,175.4169210288331,0.19347899325015702,0.41026241996458623,10.311293114717476,0.19347899325015702,9,4,1,10,0,225,48.310787210524836,42.82883663095342,91.13962384147825,91.13962384147825,0.0,27.341887152443476,91.13962384147825,82.02566145733043,42.82883663095342,0.5300744634907992,0.4699255365092008,8.286480193432315,19.27297648392904,561.2118785318158,48.310787210524836,175.4169210288331,91.13962384147825,27.341887152443476,18.22792476829565,0.08205248399291726
2020-01-10 10:00:00,78.59239013217339,27.994524714403166,175.4169210288331,0.26144133188463914,0.2844056438269252,16.71481724959141,0.26144133188463914,10,4,1,10,0,226,27.994524714403166,50.59786541777022,78.59239013217339,78.59239013217339,0.0,23.57771703965202,78.59239013217339,70.73315111895606,50.59786541777022,0.3561989229150958,0.6438010770849042,13.22837332534157,22.7690394379966,473.1083301017081,27.994524714403166,175.4169210288331,78.59239013217339,23.57771703965202,15.71847802643468,0.056881128765385036
2020-01-10 11:00:00,77.5747071888027,10.42135298323879,175.4169210288331,0.20597217276450408,0.27419763325261537,31.78312765206543,0.20597217276450408,11,4,1,10,0,227,10.42135298323879,67.15335420556391,77.5747071888027,77.5747071888027,0.0,23.27241215664081,77.5747071888027,69.81723646992243,67.15335420556391,0.13433957227676174,0.8656604277232383,13.831722274144347,30.21900939250376,582.9005736957574,10.42135298323879,175.4169210288331,77.5747071888027,23.27241215664081,15.514941437760541,0.05483952665052308
2020-01-10 12:00:00,106.58930707644586,54.25011391478332,175.4169210288331,0.2673474798425006,0.5652326205163714,21.404948878253926,0.2673474798425006,12,4,1,10,0,228,54.25011391478332,52.33919316166254,106.58930707644586,106.58930707644586,0.0,31.97679212293376,106.58930707644586,95.93037636880128,52.33919316166254,0.5089639420948213,0.4910360579051787,13.992751388760324,23.552636922748146,2140.419652229129,54.25011391478332,175.4169210288331,106.58930707644586,31.97679212293376,21.317861415289173,0.11304652410327427
2020-01-10 13:00:00,115.63093551208134,57.18665964838627,175.4169210288331,0.2673796965828096,0.655925934461723,31.412120033676825,0.2673796965828096,13,4,1,10,0,229,57.18665964838627,58.44427586369507,115.63093551208134,115.63093551208134,0.0,34.6892806536244,115.63093551208134,104.06784196087321,58.44427586369507,0.49456193876777294,0.5054380612322271,15.626812747436809,26.29992413866278,45.89533564419845,57.18665964838627,175.4169210288331,115.63093551208134,34.6892806536244,23.126187102416267,0.1311851868923446
2020-01-10 14:00:00,135.83437562063892,21.08288697234735,175.4169210288331,0.2241084571782795,0.8585793557547138,21.15296150387018,0.2241084571782795,14,4,1,10,0,230,21.08288697234735,114.75148864829157,135.83437562063892,135.83437562063892,0.0,40.75031268619168,135.83437562063892,122.25093805857503,114.75148864829157,0.15521024686142834,0.8447897531385716,25.71677907987948,51.63816989173121,4473.984613012922,21.08288697234735,175.4169210288331,135.83437562063892,40.75031268619168,27.166875124127785,0.17171587115094278
2020-01-10 15:00:00,52.9739658086683,30.52566698631462,175.4169210288331,0.14671563951135627,0.027436468805348217,30.18757122890677,0.14671563951135627,15,4,1,10,0,231,30.52566698631462,22.448298822353678,52.9739658086683,52.9739658086683,0.0,15.892189742600488,52.9739658086683,47.676569227801465,22.448298822353678,0.5762390359175187,0.4237609640824813,3.2935165176636456,10.101734470059155,8609.044946435304,30.52566698631462,175.4169210288331,52.9739658086683,15.892189742600488,10.59479316173366,0.005487293761069644
2020-01-10 16:00:00,110.87782808953871,61.85816593520768,175.4169210288331,0.1513846198370401,0.6082492281297466,33.013868303593775,0.1513846198370401,16,4,1,10,0,232,61.85816593520768,49.01966215433103,110.87782808953871,110.87782808953871,0.0,33.26334842686161,110.87782808953871,99.79004528058483,49.01966215433103,0.5578948199206653,0.44210518007933475,7.420822919773546,22.058847969448966,1687.7628397023354,61.85816593520768,175.4169210288331,110.87782808953871,33.26334842686161,22.175565617907743,0.12164984562594933
2020-01-10 17:00:00,107.90054001814251,52.41562142126199,175.4169210288331,0.14151107055870704,0.5783851252541335,24.08401376099671,0.14151107055870704,17,4,1,10,0,233,52.41562142126199,55.48491859688052,107.90054001814251,107.90054001814251,0.0,32.37016200544275,107.90054001814251,97.11048601632825,55.48491859688052,0.48577719270402886,0.5142228072959711,7.851730230507275,24.968213368596235,130.96118776577353,52.41562142126199,175.4169210288331,107.90054001814251,32.37016200544275,21.580108003628503,0.11567702505082672
2020-01-10 18:00:00,72.23251344362642,71.44967686333119,175.4169210288331,0.2511670958886527,0.22061201447418627,12.304334308889857,0.2511670958886527,18,4,1,10,0,234,71.44967686333119,0.7828365802952248,72.23251344362642,72.23251344362642,0.0,21.669754033087923,72.23251344362642,65.00926209926378,0.7828365802952248,0.9891622685827458,0.010837731417254179,0.19662279042815572,0.3522764611328512,3354.6130435209884,71.44967686333119,175.4169210288331,72.23251344362642,21.669754033087923,14.446502688725284,0.04412240289483726
2020-01-10 19:00:00,141.79906423987063,70.56585677074074,175.4169210288331,0.2181369307703867,0.9184089961100053,34.080062243269055,0.2181369307703867,19,4,1,10,0,235,70.56585677074074,71.2332074691299,141.79906423987063,141.79906423987063,0.0,42.53971927196119,141.79906423987063,127.61915781588357,71.2332074691299,0.49764684378572394,0.502353156214276,15.538593246246181,32.05494336110846,4964.03589633043,70.56585677074074,175.4169210288331,141.79906423987063,42.53971927196119,28.359812847974126,0.18368179922200106
2020-01-10 20:00:00,136.65712039433777,28.701541664683944,175.4169210288331,0.2119301141151732,0.8668320118541261,34.260828618074015,0.2119301141151732,20,4,1,10,0,236,28.701541664683944,107.95557872965382,136.65712039433777,136.65712039433777,0.0,40.99713611830133,136.65712039433777,122.991408354904,107.95557872965382,0.21002595094835,0.78997404905165,22.8790381195451,48.580010428344224,3101.1534302949685,28.701541664683944,175.4169210288331,136.65712039433777,40.99713611830133,27.331424078867556,0.17336640237082523
2020-01-10 21:00:00,90.54171588954492,52.288034685023085,175.4169210288331,0.14247599308820574,0.4042650209361776,30.40740774712568,0.14247599308820574,21,4,1,10,0,237,52.288034685023085,38.25368120452183,90.54171588954492,90.54171588954492,0.0,27.162514766863474,90.54171588954492,81.48754430059043,38.25368120452183,0.5775021399949072,0.42249786000509276,5.450231218893879,17.214156542034825,5414.677171602507,52.288034685023085,175.4169210288331,90.54171588954492,27.162514766863474,18.108343177908985,0.08085300418723552
2020-01-10 22:00:00,81.46113799836867,24.009655680621428,175.4169210288331,0.1409101209979467,0.3131810190495435,18.19645343525862,0.1409101209979467,22,4,1,10,0,238,24.009655680621428,57.45148231774724,81.46113799836867,81.46113799836867,0.0,24.438341399510602,81.46113799836867,73.3150241985318,57.45148231774724,0.2947375432086677,0.7052624567913323,8.095495324905158,25.85316704298626,1168.2222866995432,24.009655680621428,175.4169210288331,81.46113799836867,24.438341399510602,16.292227599673733,0.0626362038099087
2020-01-10 23:00:00,149.80424230279704,58.60374923181861,175.4169210288331,0.2127639802660519,0.9987060501658878,17.59145247506984,0.2127639802660519,23,4,1,10,0,239,58.60374923181861,91.20049307097842,149.80424230279704,149.80424230279704,0.0,44.94127269083911,149.80424230279704,134.82381807251733,91.20049307097842,0.3912022004915171,0.6087977995084829,19.404179908007855,41.04022188194029,2335.747035450697,58.60374923181861,175.4169210288331,149.80424230279704,44.94127269083911,29.960848460559408,0.19974121003317757
2020-01-11 00:00:00,110.16103146348586,62.75406099775675,175.4169210288331,0.1401886427462451,0.6010592996888295,27.184034449812494,0.1401886427462451,0,5,1,11,1,240,62.75406099775675,47.4069704657291,110.16103146348586,110.16103146348586,0.0,33.04830943904575,110.16103146348586,99.14492831713727,47.4069704657291,0.5696575292013066,0.43034247079869337,6.64591884630189,21.333136709578095,1935.097709930968,62.75406099775675,175.4169210288331,110.16103146348586,33.04830943904575,22.032206292697172,0.12021185993776591
2020-01-11 01:00:00,133.58523722630338,24.78730806311432,175.4169210288331,0.2922347097074496,0.8360190596801627,34.472694289481325,0.2922347097074496,1,5,1,11,1,241,24.78730806311432,108.79792916318905,133.58523722630338,133.58523722630338,0.0,40.07557116789101,133.58523722630338,120.22671350367304,108.79792916318905,0.18555424669511023,0.8144457533048898,31.794531245776216,48.959068123435074,5210.324138193413,24.78730806311432,175.4169210288331,133.58523722630338,40.07557116789101,26.717047445260675,0.16720381193603254
2020-01-11 02:00:00,94.76093024262865,34.54376232881117,175.4169210288331,0.2356491691507323,0.4465864384386722,17.491047370810662,0.2356491691507323,2,5,1,11,1,242,34.54376232881117,60.21716791381748,94.76093024262865,94.76093024262865,0.0,28.428279072788595,94.76093024262865,85.28483721836578,60.21716791381748,0.3645359141195038,0.6354640858804962,14.190125587501225,27.097725561217864,2455.2787634070773,34.54376232881117,175.4169210288331,94.76093024262865,28.428279072788595,18.95218604852573,0.08931728768773445
2020-01-11 03:00:00,70.04628571537437,66.03184523445739,175.4169210288331,0.1396075775189665,0.19868275260218363,15.318220165757232,0.1396075775189665,3,5,1,11,1,243,66.03184523445739,4.014440480916974,70.04628571537437,70.04628571537437,0.0,21.01388571461231,70.04628571537437,63.04165714383693,4.014440480916974,0.9426887458782722,0.05731125412172783,0.5604463106348936,1.8064982164126384,4150.245935969757,66.03184523445739,175.4169210288331,70.04628571537437,21.01388571461231,14.009257143074874,0.03973655052043673
2020-01-11 04:00:00,56.884113446370364,58.41345842345213,175.4169210288331,0.155238623381646,0.06665774955175885,27.550521257366896,0.155238623381646,4,5,1,11,1,244,56.884113446370364,0.0,56.884113446370364,56.884113446370364,0.0,17.065234033911107,56.884113446370364,51.19570210173333,0.0,1.0,0.0,0.0,0.0,99.7967292416028,58.41345842345213,175.4169210288331,56.884113446370364,17.065234033911107,11.376822689274073,0.013331549910351771
2020-01-11 05:00:00,96.79505649503487,35.76318603883962,175.4169210288331,0.25578635408530537,0.46699002526235406,11.799837041687768,0.25578635408530537,5,5,1,11,1,245,35.76318603883962,61.03187045619525,96.79505649503487,96.79505649503487,0.0,29.03851694851046,96.79505649503487,87.11555084553139,61.03187045619525,0.36947326995644764,0.6305267300435523,15.611119626996846,27.464341705287865,4170.982785935982,35.76318603883962,175.4169210288331,96.79505649503487,29.03851694851046,19.359011299006976,0.09339800505247081
2020-01-11 06:00:00,146.1725865768928,22.9809951626548,175.4169210288331,0.12297909325091727,0.9622782213477135,19.9057732239667,0.12297909325091727,6,5,1,11,1,246,22.9809951626548,123.19159141423799,146.1725865768928,146.1725865768928,0.0,43.85177597306784,146.1725865768928,131.55532791920353,123.19159141423799,0.1572182288131424,0.8427817711868576,15.149990208260473,55.4362161364071,4027.2153131769605,22.9809951626548,175.4169210288331,146.1725865768928,43.85177597306784,29.23451731537856,0.1924556442695427
2020-01-11 07:00:00,78.02692266287002,17.304710884080023,175.4169210288331,0.16699645881826403,0.27873364358001285,10.008733309955552,0.16699645881826403,7,5,1,11,1,247,17.304710884080023,60.72221177879,78.02692266287002,78.02692266287002,0.0,23.408076798861007,78.02692266287002,70.22423039658302,60.72221177879,0.22177871808232497,0.778221281917675,10.14039433867061,27.324995300455498,3934.6435952489196,17.304710884080023,175.4169210288331,78.02692266287002,23.408076798861007,15.605384532574005,0.05574672871600257
2020-01-11 08:00:00,53.71529387661758,20.938287529042388,175.4169210288331,0.18916157324475302,0.034872463292584616,26.254062148821347,0.18916157324475302,8,5,1,11,1,248,20.938287529042388,32.777006347575195,53.71529387661758,53.71529387661758,0.0,16.114588162985275,53.71529387661758,48.34376448895582,32.777006347575195,0.3898012282523671,0.6101987717476329,6.20015008696058,14.749652856408838,794.1373858276131,20.938287529042388,175.4169210288331,53.71529387661758,16.114588162985275,10.743058775323517,0.006974492658516924
2020-01-11 09:00:00,80.86632155806548,63.46657648474978,175.4169210288331,0.2603112213523871,0.3072146298593331,17.91226163906024,0.2603112213523871,9,5,1,11,1,249,63.46657648474978,17.3997450733157,80.86632155806548,80.86632155806548,0.0,24.259896467419644,80.86632155806548,72.77968940225894,17.3997450733157,0.7848332317079374,0.21516676829206258,4.52934889125499,7.829885282992065,2045.1155257969845,63.46657648474978,175.4169210288331,80.86632155806548,24.259896467419644,16.173264311613096,0.061442925971866624
2020-01-11 10:00:00,110.04717590307907,43.775443984782406,175.4169210288331,0.12012971720795317,0.5999172556247647,19.015757691209245,0.12012971720795317,10,5,1,11,1,250,43.775443984782406,66.27173191829667,110.04717590307908,110.04717590307908,0.0,33.014152770923715,110.04717590307907,99.04245831277116,66.27173191829667,0.39778798161377976,0.6022120183862202,7.961204414226262,29.822279363233502,2776.211797307264,43.775443984782406,175.4169210288331,110.04717590307907,33.014152770923715,22.009435180615814,0.11998345112495296
2020-01-11 11:00:00,73.27176086748308,66.3731020552317,175.4169210288331,0.11734190590543069,0.23103633057495138,28.94752948252506,0.11734190590543069,11,5,1,11,1,251,66.3731020552317,6.898658812251384,73.27176086748308,73.27176086748308,0.0,21.981528260244925,73.27176086748308,65.94458478073477,6.898658812251384,0.9058483277789915,0.0941516722210085,0.809501773220872,3.1043964655131226,4035.8159603247395,66.3731020552317,175.4169210288331,73.27176086748308,21.981528260244925,14.654352173496617,0.04620726611499028
2020-01-11 12:00:00,51.63510359811123,43.361302774513696,175.4169210288331,0.18335790369692273,0.01400682483623223,27.839695660410122,0.18335790369692273,12,5,1,11,1,252,43.361302774513696,8.273800823597533,51.63510359811123,51.63510359811123,0.0,15.490531079433367,51.63510359811123,46.47159323830011,8.273800823597533,0.8397640316945122,0.16023596830548786,1.5170667746207165,3.7232103706188897,531.4339216874226,43.361302774513696,175.4169210288331,51.63510359811123,15.490531079433367,10.327020719622247,0.0028013649672464463
2020-01-11 13:00:00,61.02136941965468,60.61050605377088,175.4169210288331,0.2752649737585947,0.10815707210504007,16.900328069940418,0.2752649737585947,13,5,1,11,1,253,60.61050605377088,0.4108633658838059,61.02136941965468,61.02136941965468,0.0,18.306410825896403,61.02136941965468,54.919232477689214,0.4108633658838059,0.9932668937162287,0.006733106283771285,0.11309629362837373,0.18488851464771267,359.3607992330543,60.61050605377088,175.4169210288331,61.02136941965468,18.306410825896403,12.204273883930938,0.021631414421008015
2020-01-11 14:00:00,134.7542654626937,67.03588103775957,175.4169210288331,0.15749905917057866,0.8477451603055834,15.95838206725141,0.15749905917057866,14,5,1,11,1,254,67.03588103775957,67.71838442493413,134.7542654626937,134.7542654626937,0.0,40.426279638808104,134.7542654626937,121.27883891642433,67.71838442493413,0.49746760006137425,0.5025323999386258,10.665581835478692,30.47327299122036,4571.587834799369,67.03588103775957,175.4169210288331,134.7542654626937,40.426279638808104,26.95085309253874,0.1695490320611167
2020-01-11 15:00:00,78.51247110199968,18.401179462357888,175.4169210288331,0.23480561019972804,0.2836040048583091,27.107312391037453,0.23480561019972804,15,5,1,11,1,255,18.401179462357888,60.11129163964179,78.51247110199968,78.51247110199968,0.0,23.5537413305999,78.51247110199968,70.66122399179972,60.11129163964179,0.2343726952429245,0.7656273047570755,14.1144685133399,27.050081237838807,2423.2020579724253,18.401179462357888,175.4169210288331,78.51247110199968,23.5537413305999,15.702494220399936,0.05672080097166182
2020-01-11 16:00:00,55.057296602813906,13.84866372310309,175.4169210288331,0.1606161323658617,0.04833360864144091,10.66097797438021,0.1606161323658617,16,5,1,11,1,256,13.84866372310309,41.20863287971082,55.057296602813906,55.057296602813906,0.0,16.51718898084417,55.057296602813906,49.55156694253252,41.20863287971082,0.2515318509553428,0.7484681490446572,6.618771233223834,18.543884795869868,378.0359077505578,13.84866372310309,175.4169210288331,55.057296602813906,16.51718898084417,11.011459320562782,0.009666721728288183
2020-01-11 17:00:00,106.63653768141884,41.06912491637216,175.4169210288331,0.287863754809911,0.5657063736809851,11.844546833523484,0.287863754809911,17,5,1,11,1,257,41.06912491637216,65.56741276504668,106.63653768141884,106.63653768141884,0.0,31.990961304425653,106.63653768141884,95.97288391327696,65.56741276504668,0.38513183013375685,0.6148681698662432,18.874481631717625,29.505335744271008,1334.3036650765105,41.06912491637216,175.4169210288331,106.63653768141884,31.990961304425653,21.32730753628377,0.11314127473619702
2020-01-11 18:00:00,86.86005393238075,61.76617254163502,175.4169210288331,0.24915810801469343,0.36733559764714374,20.129744687420963,0.24915810801469343,18,5,1,11,1,258,61.76617254163502,25.09388139074573,86.86005393238075,86.86005393238075,0.0,26.058016179714226,86.86005393238075,78.17404853914267,25.09388139074573,0.7110998640378356,0.28890013596216435,6.25234401006333,11.292246625835578,2066.4745223089226,61.76617254163502,175.4169210288331,86.86005393238075,26.058016179714226,17.37201078647615,0.07346711952942875
2020-01-11 19:00:00,86.14072925577631,78.34398670427773,175.4169210288331,0.18596888263470363,0.36012031124289323,27.6027368401528,0.18596888263470363,19,5,1,11,1,259,78.34398670427773,7.796742551498582,86.14072925577631,86.14072925577631,0.0,25.842218776732892,86.14072925577631,77.52665633019868,7.796742551498582,0.9094883150066232,0.09051168499337679,1.4499515004926395,3.508534148174362,574.0149344353091,78.34398670427773,175.4169210288331,86.14072925577631,25.842218776732892,17.22814585115526,0.07202406224857864
2020-01-11 20:00:00,62.12477378047283,54.587870941884766,175.4169210288331,0.13926342103303757,0.11922492330205918,30.76433591157542,0.13926342103303757,20,5,1,11,1,260,54.587870941884766,7.5369028385880625,62.12477378047283,62.12477378047283,0.0,18.637432134141847,62.12477378047283,55.91229640242555,7.5369028385880625,0.8786812026837983,0.12131879731620167,1.0496148732953854,3.391606277364628,564.4205527926206,54.587870941884766,175.4169210288331,62.12477378047283,18.637432134141847,12.424954756094566,0.023844984660411836
2020-01-11 21:00:00,82.99825679491083,65.14651753666139,175.4169210288331,0.21688239433619694,0.3285993033307976,25.46142710247335,0.21688239433619694,21,5,1,11,1,261,65.14651753666139,17.851739258249438,82.99825679491083,82.99825679491083,0.0,24.899477038473247,82.99825679491083,74.69843111541975,17.851739258249438,0.7849142867860323,0.21508571321396772,3.8717279533946223,8.033282666212248,217.88086827776073,65.14651753666139,175.4169210288331,82.99825679491083,24.899477038473247,16.599651358982168,0.06571986066615952
2020-01-11 22:00:00,57.682350432483986,10.412919805433017,175.4169210288331,0.12142868423808795,0.07466457687271653,23.654803904660234,0.12142868423808795,22,5,1,11,1,262,10.412919805433017,47.269430627050966,57.682350432483986,57.682350432483986,0.0,17.304705129745194,57.682350432483986,51.91411538923559,47.269430627050966,0.18052176666450384,0.8194782333354961,5.7398647657263755,21.271243782172935,3861.1672860739877,10.412919805433017,175.4169210288331,57.682350432483986,17.304705129745194,11.536470086496799,0.014932915374543308
2020-01-11 23:00:00,136.65927816185055,43.54112897521473,175.4169210288331,0.11120507772872781,0.866853655641841,28.877338886749477,0.11120507772872781,23,5,1,11,1,263,43.54112897521473,93.11814918663582,136.65927816185055,136.65927816185055,0.0,40.99778344855516,136.65927816185055,122.9933503456655,93.11814918663582,0.31861085146116014,0.6813891485388398,10.355211018255108,41.903167133986116,3199.5832363528298,43.54112897521473,175.4169210288331,136.65927816185055,40.99778344855516,27.33185563237011,0.1733707311283682
2020-01-12 00:00:00,115.00881649183529,22.312903735354787,175.4169210288331,0.21766459792518567,0.6496856829388695,29.88802321462973,0.21766459792518567,0,6,1,12,1,264,22.312903735354787,92.69591275648051,115.00881649183529,115.00881649183529,0.0,34.502644947550586,115.00881649183529,103.50793484265176,92.69591275648051,0.1940103760387694,0.8059896239612306,20.176618579447418,41.71316074041623,450.8158304371771,22.312903735354787,175.4169210288331,115.00881649183529,34.502644947550586,23.00176329836706,0.12993713658777392
2020-01-12 01:00:00,107.28604063945957,13.202575399245859,175.4169210288331,0.21207188225493107,0.5722213036077514,23.907706244748216,0.21207188225493107,1,6,1,12,1,265,13.202575399245859,94.08346524021371,107.28604063945957,107.28604063945957,0.0,32.18581219183787,107.28604063945957,96.55743657551362,94.08346524021371,0.12305958278033406,0.876940417219666,19.952457562558504,42.33755935809617,84.92338428682345,13.202575399245859,175.4169210288331,107.28604063945957,32.18581219183787,21.457208127891917,0.11444426072155028
2020-01-12 02:00:00,59.60021718753828,62.322047517659826,175.4169210288331,0.22806969541816635,0.0939020066078245,23.096314600477307,0.22806969541816635,2,6,1,12,1,266,59.60021718753828,0.0,59.60021718753828,59.60021718753828,0.0,17.880065156261484,59.60021718753828,53.64019546878445,0.0,1.0,0.0,0.0,0.0,11004.4395951212,62.322047517659826,175.4169210288331,59.60021718753828,17.880065156261484,11.920043437507656,0.018780401321564902
2020-01-12 03:00:00,104.17082732972867,14.003840513602857,175.4169210288331,0.28819882317772005,0.5409737224095856,21.535059963612444,0.28819882317772005,3,6,1,12,1,267,14.003840513602857,90.16698681612581,104.17082732972867,104.17082732972867,0.0,31.2512481989186,104.17082732972867,93.75374459675581,90.16698681612581,0.13443149941851704,0.865568500581483,25.98601948988846,40.575144067256616,10209.11507729081,14.003840513602857,175.4169210288331,104.17082732972867,31.2512481989186,20.834165465945734,0.10819474448191713
2020-01-12 04:00:00,96.47327432691928,22.471756509453222,175.4169210288331,0.12918912392683862,0.46376234438576514,28.850543559661062,0.12918912392683862,4,6,1,12,1,268,22.471756509453222,74.00151781746607,96.4732743269193,96.4732743269193,0.0,28.941982298075782,96.47327432691928,86.82594689422736,74.00151781746607,0.23293245374157312,0.7670675462584268,9.56019125609478,33.30068301785973,333.02798925940783,22.471756509453222,175.4169210288331,96.47327432691928,28.941982298075782,19.29465486538386,0.09275246887715304
2020-01-12 05:00:00,56.36850340956795,70.10548055679627,175.4169210288331,0.1835378205854191,0.06148585122901949,22.32434148427055,0.1835378205854191,5,6,1,12,1,269,56.36850340956795,0.0,56.36850340956795,56.36850340956795,0.0,16.910551022870383,56.36850340956795,50.73165306861116,0.0,1.0,0.0,0.0,0.0,6625.214089699185,70.10548055679627,175.4169210288331,56.36850340956795,16.910551022870383,11.27370068191359,0.0122971702458039
2020-01-12 06:00:00,111.57504266778533,62.69001283035693,175.4169210288331,0.16131633078150523,0.6152427361114481,10.523259637527614,0.16131633078150523,6,6,1,12,1,270,62.69001283035693,48.8850298374284,111.57504266778533,111.57504266778533,0.0,33.47251280033559,111.57504266778533,100.4175384010068,48.8850298374284,0.5618641170231629,0.4381358829768371,7.885953643518352,21.99826342684278,2429.7076235633886,62.69001283035693,175.4169210288331,111.57504266778533,33.47251280033559,22.315008533557066,0.12304854722228963
2020-01-12 07:00:00,53.79876889824891,18.699846565884453,175.4169210288331,0.2270570952620879,0.03570977112903223,10.621116841738308,0.2270570952620879,7,6,1,12,1,271,18.699846565884453,35.09892233236445,53.79876889824891,53.79876889824891,0.0,16.139630669474673,53.79876889824891,48.41889200842402,35.09892233236445,0.34758874503712134,0.6524112549628786,7.969459351616299,15.794515049564003,2125.191488117113,18.699846565884453,175.4169210288331,53.79876889824891,16.139630669474673,10.759753779649783,0.007141954225806446
2020-01-12 08:00:00,88.79875768895785,73.6154372690768,175.4169210288331,0.2731943763596823,0.38678203582959503,13.557729969158496,0.2731943763596823,8,6,1,12,1,272,73.6154372690768,15.183320419881042,88.79875768895785,88.79875768895785,0.0,26.639627306687355,88.79875768895785,79.91888192006206,15.183320419881042,0.8290142698497561,0.1709857301502439,4.147997753178631,6.832494188946469,3412.353301817059,73.6154372690768,175.4169210288331,88.79875768895785,26.639627306687355,17.75975153779157,0.07735640716591902
2020-01-12 09:00:00,102.052711251664,78.92069446044725,175.4169210288331,0.23699701820539096,0.519727663935926,10.709778438355215,0.23699701820539096,9,6,1,12,1,273,78.92069446044725,23.132016791216742,102.052711251664,102.052711251664,0.0,30.615813375499197,102.052711251664,91.8474401264976,23.132016791216742,0.7733326581184822,0.22666734188151783,5.482219004595404,10.409407556047535,91.32752787027314,78.92069446044725,175.4169210288331,102.052711251664,30.615813375499197,20.4105422503328,0.1039455327871852
2020-01-12 10:00:00,106.74823986731414,78.61453711399409,175.4169210288331,0.2867016827900922,0.5668268180219466,18.954986519957508,0.2867016827900922,10,6,1,12,1,274,78.61453711399409,28.13370275332005,106.74823986731414,106.74823986731414,0.0,32.02447196019424,106.74823986731414,96.07341588058273,28.13370275332005,0.7364480876847275,0.2635519123152725,8.06597992249311,12.660166238994023,25.110594784288548,78.61453711399409,175.4169210288331,106.74823986731414,32.02447196019424,21.34964797346283,0.11336536360438931
2020-01-12 11:00:00,145.6485672239449,28.272722644280684,175.4169210288331,0.1391517424530174,0.9570219722075657,21.544164398635704,0.1391517424530174,11,6,1,12,1,275,28.272722644280684,117.3758445796642,145.6485672239449,145.6485672239449,0.0,43.694570167183464,145.6485672239449,131.0837105015504,117.3758445796642,0.1941160368629606,0.8058839631370394,16.33305329515483,52.81913006084889,10498.458161856372,28.272722644280684,175.4169210288331,145.6485672239449,43.694570167183464,29.12971344478898,0.19140439444151314
2020-01-12 12:00:00,62.52618049043327,40.33529038777774,175.4169210288331,0.2736379587790232,0.1232512892410455,31.346711840292564,0.2736379587790232,12,6,1,12,1,276,40.33529038777774,22.19089010265553,62.52618049043327,62.52618049043327,0.0,18.75785414712998,62.52618049043327,56.27356244138994,22.19089010265553,0.6450944239901105,0.3549055760098894,6.072269871180287,9.985900546194989,9205.681099356669,40.33529038777774,175.4169210288331,62.52618049043327,18.75785414712998,12.505236098086655,0.024650257848209102
2020-01-12 13:00:00,73.89621391958056,43.36603169398615,175.4169210288331,0.15051735382093062,0.2372999939295304,15.583649456173603,0.15051735382093062,13,6,1,12,1,277,43.36603169398615,30.53018222559441,73.89621391958056,73.89621391958056,0.0,22.168864175874166,73.89621391958056,66.5065925276225,30.53018222559441,0.586850521749062,0.41314947825093795,4.595322240267281,13.738582001517484,78.72918597686831,43.36603169398615,175.4169210288331,73.89621391958056,22.168864175874166,14.779242783916112,0.047459998785906087
2020-01-12 14:00:00,90.34001265562935,24.534354595907836,175.4169210288331,0.11799978515430949,0.40224180854169356,12.662640699991448,0.11799978515430949,14,6,1,12,1,278,24.534354595907836,65.80565805972151,90.34001265562935,90.34001265562935,0.0,27.102003796688805,90.34001265562935,81.30601139006642,65.80565805972151,0.27157794065660923,0.7284220593433907,7.765053512985093,29.61254612687468,1598.9912576503723,24.534354595907836,175.4169210288331,90.34001265562935,27.102003796688805,18.06800253112587,0.08044836170833872
2020-01-12 15:00:00,127.62662973420402,52.61085626320174,175.4169210288331,0.11148102939329085,0.7762504169179576,31.348288701321632,0.11148102939329085,15,6,1,12,1,279,52.61085626320174,75.01577347100228,127.62662973420402,127.62662973420402,0.0,38.287988920261206,127.62662973420402,114.86396676078361,75.01577347100228,0.41222475570160727,0.5877752442983927,8.362835647281253,33.75709806195103,873.1161717626688,52.61085626320174,175.4169210288331,127.62662973420402,38.287988920261206,25.525325946840805,0.15525008338359153
2020-01-12 16:00:00,61.16587410898675,14.850587660067276,175.4169210288331,0.2740887897699399,0.10960654652764694,11.467417778175111,0.2740887897699399,16,6,1,12,1,280,14.850587660067276,46.31528644891947,61.16587410898675,61.16587410898675,0.0,18.349762232696023,61.16587410898675,55.049286698088075,46.31528644891947,0.2427920450152672,0.7572079549847328,12.694500810632436,20.841878902013764,2249.555840285606,14.850587660067276,175.4169210288331,61.16587410898675,18.349762232696023,12.23317482179735,0.02192130930552939
2020-01-12 17:00:00,125.87869104949728,68.35731101221707,175.4169210288331,0.2519748728163024,0.7587174743713984,14.081059886459144,0.2519748728163024,17,6,1,12,1,281,68.35731101221707,57.52138003728021,125.87869104949728,125.87869104949728,0.0,37.76360731484918,125.87869104949728,113.29082194454755,57.52138003728021,0.5430411648095229,0.4569588351904771,14.493942419111875,25.884621016776094,2988.5459773945913,68.35731101221707,175.4169210288331,125.87869104949728,37.76360731484918,25.175738209899457,0.15174349487427968
2020-01-12 18:00:00,110.53588275035503,31.779231442429207,175.4169210288331,0.21428118263561408,0.6048192977560864,23.019062806268636,0.21428118263561408,18,6,1,12,1,282,31.779231442429207,78.75665130792582,110.53588275035503,110.53588275035503,0.0,33.160764825106504,110.53588275035503,99.48229447531953,78.75665130792582,0.28750149410035936,0.7124985058996407,16.876068382683027,35.44049308856662,1788.8926509516389,31.779231442429207,175.4169210288331,110.53588275035503,33.160764825106504,22.107176550071006,0.1209638595512173
2020-01-12 19:00:00,135.45937477230552,15.20424593412644,175.4169210288331,0.15246993683948806,0.854817857490349,22.109280095973844,0.15246993683948806,19,6,1,12,1,283,15.20424593412644,120.25512883817908,135.45937477230552,135.45937477230552,0.0,40.63781243169166,135.45937477230552,121.91343729507497,120.25512883817908,0.11224210919091683,0.8877578908090831,18.335291898581662,54.11480797718058,1996.8537819293808,15.20424593412644,175.4169210288331,135.45937477230552,40.63781243169166,27.091874954461105,0.17096357149806982
2020-01-12 20:00:00,114.47084439050387,29.355040541476498,175.4169210288331,0.16246856954050332,0.6442894788117906,15.294786201310483,0.16246856954050332,20,6,1,12,1,284,29.355040541476498,85.11580384902737,114.47084439050387,114.47084439050387,0.0,34.34125331715116,114.47084439050387,103.02375995145348,85.11580384902737,0.2564411986106717,0.7435588013893283,13.828642896641544,38.30211173206232,1435.0171487126288,29.355040541476498,175.4169210288331,114.47084439050387,34.34125331715116,22.894168878100775,0.12885789576235812
2020-01-12 21:00:00,99.99714636417488,17.152293583579556,175.4169210288331,0.11220377507199851,0.4991090338956406,13.937488403048512,0.11220377507199851,21,6,1,12,1,285,17.152293583579556,82.84485278059532,99.99714636417488,99.99714636417488,0.0,29.999143909252464,99.99714636417488,89.9974317277574,82.84485278059532,0.17152783061542007,0.8284721693845799,9.295505227266748,37.28018375126789,154.06425207367573,17.152293583579556,175.4169210288331,99.99714636417488,29.999143909252464,19.999429272834977,0.09982180677912812
2020-01-12 22:00:00,147.92144813664532,37.3666088849877,175.4169210288331,0.24567765664805216,0.9798204209210191,28.582458913696517,0.24567765664805216,22,6,1,12,1,286,37.3666088849877,110.55483925165763,147.92144813664532,147.92144813664532,0.0,44.3764344409936,147.92144813664532,133.1293033229808,110.55483925165763,0.2526111619085122,0.7473888380914878,27.16085383844934,49.74967766324593,1176.4618933311995,37.3666088849877,175.4169210288331,147.92144813664532,44.3764344409936,29.584289627329067,0.19596408418420383
2020-01-12 23:00:00,83.26909641562764,53.36687786716668,175.4169210288331,0.20075453372068602,0.3313159978870237,24.3411252082429,0.20075453372068602,23,6,1,12,1,287,53.36687786716668,29.902218548460965,83.26909641562764,83.26909641562764,0.0,24.980728924688293,83.26909641562764,74.94218677406488,29.902218548460965,0.6408965650448799,0.3591034349551201,6.00300594191033,13.455998346807435,6760.853833795785,53.36687786716668,175.4169210288331,83.26909641562764,24.980728924688293,16.65381928312553,0.06626319957740474
2020-01-13 00:00:00,106.51195449405301,26.27615523843599,175.4169210288331,0.12457922956136586,0.5644567246598474,29.702241565530247,0.12457922956136586,0,0,1,13,0,288,26.27615523843599,80.23579925561702,106.51195449405301,106.51195449405301,0.0,31.953586348215904,106.51195449405301,95.86075904464772,80.23579925561702,0.24669677092352194,0.7533032290764781,9.99571405450518,36.10610966502766,3267.3765993506136,26.27615523843599,175.4169210288331,106.51195449405301,31.953586348215904,21.302390898810604,0.11289134493196949
2020-01-13 01:00:00,106.01206013642316,15.535471066181435,175.4169210288331,0.13565542389359025,0.5594424646469776,12.547753870880722,0.13565542389359025,1,0,1,13,0,289,15.535471066181435,90.47658907024173,106.01206013642316,106.01206013642316,0.0,31.803618040926946,106.01206013642316,95.41085412278085,90.47658907024173,0.14654437472669984,0.8534556252733002,12.273640042769816,40.71446508160878,220.23607251544064,15.535471066181435,175.4169210288331,106.01206013642316,31.803618040926946,21.202412027284634,0.11188849292939551
2020-01-13 02:00:00,67.17279282879879,54.41929195066048,175.4169210288331,0.2826702715198567,0.16985978179143751,20.447059175596927,0.2826702715198567,2,0,1,13,0,290,54.41929195066048,12.753500878138311,67.17279282879879,67.17279282879879,0.0,20.151837848639637,67.17279282879879,60.45551354591891,12.753500878138311,0.8101388919373538,0.18986110806264617,3.605035556052087,5.73907539516224,7552.829964693734,54.41929195066048,175.4169210288331,67.17279282879879,20.151837848639637,13.434558565759758,0.0339719563582875
2020-01-13 03:00:00,92.92811619632009,22.345264514643073,175.4169210288331,0.1315344015545163,0.4282021417504585,23.75204613259178,0.1315344015545163,3,0,1,13,0,291,22.345264514643073,70.58285168167701,92.92811619632009,92.92811619632009,0.0,27.878434858896025,92.92811619632009,83.63530457668809,70.58285168167701,0.24045752167660894,0.7595424783233911,9.28407315596057,31.762283256754657,4372.977050325139,22.345264514643073,175.4169210288331,92.92811619632009,27.878434858896025,18.58562323926402,0.08564042835009171
2020-01-13 04:00:00,76.46428840406477,19.54488277594153,175.4169210288331,0.28853142033089824,0.26305942289903156,21.307616720842447,0.28853142033089824,4,0,1,13,0,292,19.54488277594153,56.91940562812324,76.46428840406477,76.46428840406477,0.0,22.939286521219433,76.46428840406477,68.8178595636583,56.91940562812324,0.25560798620997227,0.7443920137900277,16.423036950272923,25.61373253265546,194.53189594082716,19.54488277594153,175.4169210288331,76.46428840406477,22.939286521219433,15.292857680812956,0.05261188457980631
2020-01-13 05:00:00,128.2974868847731,78.69940350475926,175.4169210288331,0.28673593938066383,0.7829795430485171,13.338381277666977,0.28673593938066383,5,0,1,13,0,293,78.69940350475926,49.59808338001383,128.2974868847731,128.2974868847731,0.0,38.48924606543193,128.2974868847731,115.46773819629578,49.59808338001383,0.6134134457009356,0.38658655429906436,14.221553029448756,22.319137521006226,3552.859082116788,78.69940350475926,175.4169210288331,128.2974868847731,38.48924606543193,25.65949737695462,0.15659590860970343
2020-01-13 06:00:00,59.42138543166939,35.84700767751784,175.4169210288331,0.12400516965187797,0.09210820976095425,11.019319811533808,0.12400516965187797,6,0,1,13,0,294,35.84700767751784,23.574377754151556,59.42138543166939,59.42138543166939,0.0,17.82641562950082,59.42138543166939,53.47924688850245,23.574377754151556,0.6032677867926773,0.3967322132073226,2.9233447128410215,10.608469989368201,2513.561082636114,35.84700767751784,175.4169210288331,59.42138543166939,17.82641562950082,11.88427708633388,0.018421641952190853
2020-01-13 07:00:00,125.6218188603263,72.39827022315228,175.4169210288331,0.22057264931794748,0.7561408820836092,16.950292031109363,0.22057264931794748,7,0,1,13,0,295,72.39827022315228,53.22354863717402,125.6218188603263,125.6218188603263,0.0,37.68654565809789,125.6218188603263,113.05963697429367,53.22354863717402,0.5763192324388243,0.4236807675611757,11.739659129004107,23.95059688672831,2215.0681277305666,72.39827022315228,175.4169210288331,125.6218188603263,37.68654565809789,25.124363772065262,0.15122817641672184
2020-01-13 08:00:00,146.86546652941308,43.288236285941565,175.4169210288331,0.16327660969969343,0.969228250262051,25.164146911122472,0.16327660969969343,8,0,1,13,0,296,43.288236285941565,103.57723024347152,146.86546652941308,146.86546652941308,0.0,44.05963995882392,146.86546652941308,132.17891987647178,103.57723024347152,0.2947475489568008,0.7052524510431992,16.911738996238583,46.60975360956218,3382.8873271339426,43.288236285941565,175.4169210288331,146.86546652941308,44.05963995882392,29.37309330588262,0.1938456500524102
2020-01-13 09:00:00,128.33196836038022,26.048558244644347,175.4169210288331,0.28502872777694044,0.7833254142944767,10.586437950306312,0.28502872777694044,9,0,1,13,0,297,26.048558244644347,102.28341011573588,128.33196836038022,128.33196836038022,0.0,38.49959050811406,128.33196836038022,115.4987715243422,102.28341011573588,0.20297793743407033,0.7970220625659298,29.153710257975238,46.02753455208114,298.8804694905193,26.048558244644347,175.4169210288331,128.33196836038022,38.49959050811406,25.666393672076044,0.15666508285889535
2020-01-13 10:00:00,86.42134591052928,71.00135468935594,175.4169210288331,0.290403797879639,0.36293507570141714,25.32828211844499,0.290403797879639,10,0,1,13,0,298,71.00135468935594,15.419991221173348,86.42134591052928,86.42134591052928,0.0,25.926403773158786,86.42134591052928,77.77921131947636,15.419991221173348,0.8215719616639917,0.17842803833600823,4.478024013899432,6.938996049528007,9566.007450251916,71.00135468935594,175.4169210288331,86.42134591052928,25.926403773158786,17.284269182105856,0.07258701514028343
2020-01-13 11:00:00,80.23144870723402,67.54697309363061,175.4169210288331,0.13044682838234456,0.30084644926158766,24.883394287508104,0.13044682838234456,11,0,1,13,0,299,67.54697309363061,12.68447561360341,80.23144870723402,80.23144870723402,0.0,24.069434612170205,80.23144870723402,72.20830383651062,12.68447561360341,0.8419014511393246,0.1580985488606754,1.6546496134877589,5.708014026121535,19.41579784814455,67.54697309363061,175.4169210288331,80.23144870723402,24.069434612170205,16.046289741446806,0.06016928985231754
2020-01-13 12:00:00,141.123324042432,46.62092798505126,175.4169210288331,0.17337998545198396,0.9116308898973837,34.82820922517034,0.17337998545198396,12,0,1,13,0,300,46.62092798505126,94.50239605738074,141.123324042432,141.123324042432,0.0,42.33699721272959,141.123324042432,127.0109916381888,94.50239605738074,0.3303559372725206,0.6696440627274794,16.384824053606298,42.52607822582133,7132.071469630573,46.62092798505126,175.4169210288331,141.123324042432,42.33699721272959,28.2246648084864,0.18232617797947676
2020-01-13 13:00:00,123.0063382251941,38.96831392639675,175.4169210288331,0.1881498373363316,0.7299059391141395,16.042429463541755,0.1881498373363316,13,0,1,13,0,301,38.96831392639675,84.03802429879735,123.0063382251941,123.0063382251941,0.0,36.901901467558226,123.0063382251941,110.7057044026747,84.03802429879735,0.3167992356219517,0.6832007643780483,15.811740601885404,37.81711093445881,168.0655782325541,38.96831392639675,175.4169210288331,123.0063382251941,36.901901467558226,24.60126764503882,0.1459811878228279
2020-01-13 14:00:00,118.65362263090853,24.788908757829706,175.4169210288331,0.2386636512213827,0.6862454188088032,18.285768853116657,0.2386636512213827,14,0,1,13,0,302,24.788908757829706,93.86471387307883,118.65362263090853,118.65362263090853,0.0,35.596086789272555,118.65362263090853,106.78826036781768,93.86471387307883,0.20891826316116496,0.7910817368388351,22.402095333799366,42.239121242885474,297.61935892367813,24.788908757829706,175.4169210288331,118.65362263090853,35.596086789272555,23.730724526181707,0.13724908376176065
2020-01-13 15:00:00,149.0915727052065,24.16530568530049,175.4169210288331,0.17218327927270793,0.9915575184590499,27.89616168333659,0.17218327927270793,15,0,1,13,0,303,24.16530568530049,124.92626701990599,149.0915727052065,149.0915727052065,0.0,44.72747181156195,149.0915727052065,134.18241543468585,124.92626701990599,0.16208364595550745,0.8379163540444925,21.510214322785355,56.216820158957695,965.2089646852364,24.16530568530049,175.4169210288331,149.0915727052065,44.72747181156195,29.8183145410413,0.19831150369181
2020-01-13 16:00:00,110.98223245552198,48.06409135777216,175.4169210288331,0.17602857021696833,0.6092964706711529,12.522849677439805,0.17602857021696833,16,0,1,13,0,304,48.06409135777216,62.91814109774982,110.98223245552198,110.98223245552198,0.0,33.294669736656594,110.98223245552198,99.88400920996979,62.91814109774982,0.4330791541523069,0.5669208458476931,11.075390418146375,28.313163493987417,4416.159636996714,48.06409135777216,175.4169210288331,110.98223245552198,33.294669736656594,22.196446491104396,0.12185929413423058
2020-01-13 17:00:00,67.04337356131364,28.214775290451275,175.4169210288331,0.15596243547253333,0.16856162379477097,16.4466668692869,0.15596243547253333,17,0,1,13,0,305,28.214775290451275,38.82859827086237,67.04337356131364,67.04337356131364,0.0,20.11301206839409,67.04337356131364,60.33903620518228,38.82859827086237,0.4208436090204772,0.5791563909795229,6.055802752308292,17.472869221888068,974.3014219488475,28.214775290451275,175.4169210288331,67.04337356131364,20.11301206839409,13.40867471226273,0.03371232475895419
2020-01-13 18:00:00,85.67008375337544,18.393728814104836,175.4169210288331,0.10052516177330206,0.35539943594813117,17.511401325272182,0.10052516177330206,18,0,1,13,0,306,18.393728814104836,67.2763549392706,85.67008375337544,85.67008375337544,0.0,25.70102512601263,85.67008375337544,77.1030753780379,67.2763549392706,0.21470422355435267,0.7852957764456474,6.762966463788267,30.274359722671772,905.7278133555219,18.393728814104836,175.4169210288331,85.67008375337544,25.70102512601263,17.134016750675087,0.07107988718962624
2020-01-13 19:00:00,102.09393132355157,77.66129946024567,175.4169210288331,0.10821743802693398,0.520141127610878,19.73210919819683,0.10821743802693398,19,0,1,13,0,307,77.66129946024567,24.4326318633059,102.09393132355157,102.09393132355157,0.0,30.62817939706547,102.09393132355157,91.88453819119641,24.4326318633059,0.7606847777672986,0.2393152222327014,2.644036824502199,10.994684338487655,5348.229537305246,77.66129946024567,175.4169210288331,102.09393132355157,30.62817939706547,20.418786264710317,0.10402822552217561
2020-01-13 20:00:00,88.7364174381976,45.28302076844837,175.4169210288331,0.21072627073346017,0.3861567232574319,15.196598287787493,0.21072627073346017,20,0,1,13,0,308,45.28302076844837,43.45339666974924,88.7364174381976,88.7364174381976,0.0,26.62092523145928,88.7364174381976,79.86277569437785,43.45339666974924,0.5103093191697389,0.48969068083026107,9.156772230918016,19.554028501387158,1410.142424865729,45.28302076844837,175.4169210288331,88.7364174381976,26.62092523145928,17.74728348763952,0.07723134465148639
2020-01-13 21:00:00,64.67389571084018,61.12924577799346,175.4169210288331,0.10885069083405535,0.144794246036514,29.015653428971895,0.10885069083405535,21,0,1,13,0,309,61.12924577799346,3.544649932846724,64.67389571084018,64.67389571084018,0.0,19.402168713252056,64.67389571084018,58.206506139756165,3.544649932846724,0.9451919527363094,0.054808047263690575,0.3858375939552538,1.5950924697810258,1843.8109131633594,61.12924577799346,175.4169210288331,64.67389571084018,19.402168713252056,12.934779142168038,0.0289588492073028
2020-01-13 22:00:00,52.42865334942457,36.07082959536956,175.4169210288331,0.29585957787023864,0.021966636195374686,34.134336050924276,0.29585957787023864,22,0,1,13,0,310,36.07082959536956,16.357823754055012,52.42865334942457,52.42865334942457,0.0,15.72859600482737,52.42865334942457,47.185788014482114,16.357823754055012,0.6879983995577001,0.31200160044229985,4.839618830750478,7.361020689324755,792.1016449540848,36.07082959536956,175.4169210288331,52.42865334942457,15.72859600482737,10.485730669884916,0.004393327239074938
2020-01-13 23:00:00,68.75731248004172,34.37448058331415,175.4169210288331,0.2391609975433184,0.1857535269509237,31.54745175930077,0.2391609975433184,23,0,1,13,0,311,34.37448058331415,34.382831896727566,68.75731248004172,68.75731248004172,0.0,20.627193744012516,68.75731248004172,61.88158123203755,34.382831896727566,0.49993926963466007,0.5000607303653399,8.223032374785591,15.472274353527405,327.7785185141132,34.37448058331415,175.4169210288331,68.75731248004172,20.627193744012516,13.751462496008344,0.037150705390184745
2020-01-14 00:00:00,79.57237206968124,36.67343306624327,175.4169210288331,0.14162128949413394,0.2942354892084144,10.475238221543417,0.14162128949413394,0,1,1,14,0,312,36.67343306624327,42.89893900343797,79.57237206968124,79.57237206968124,0.0,23.87171162090437,79.57237206968124,71.61513486271312,42.89893900343797,0.46088148577660193,0.5391185142233981,6.075403059597082,19.304522551547084,77.80926277172934,36.67343306624327,175.4169210288331,79.57237206968124,23.87171162090437,15.914474413936247,0.058847097841682884
2020-01-14 01:00:00,67.15174572509684,52.799504877401226,175.4169210288331,0.2762346057330164,0.16964866588490926,12.313720130089145,0.2762346057330164,1,1,1,14,0,313,52.799504877401226,14.352240847695619,67.15174572509684,67.15174572509684,0.0,20.145523717529052,67.15174572509684,60.43657115258716,14.352240847695619,0.786271515465134,0.21372848453486606,3.964585591948492,6.458508381463028,1074.9641676536867,52.799504877401226,175.4169210288331,67.15174572509684,20.145523717529052,13.43034914501937,0.033929733176981856
2020-01-14 02:00:00,120.07676521299466,34.7014143344788,175.4169210288331,0.1675151108170775,0.7005204487887389,18.094963484370776,0.1675151108170775,2,1,1,14,0,314,34.7014143344788,85.37535087851586,120.07676521299466,120.07676521299466,0.0,36.0230295638984,120.07676521299466,108.0690886916952,85.37535087851586,0.2889935806725365,0.7110064193274634,14.30166136346146,38.41890789533214,5371.823039749818,34.7014143344788,175.4169210288331,120.07676521299466,36.0230295638984,24.01535304259893,0.14010408975774777
2020-01-14 03:00:00,108.3808269303571,70.89382257769708,175.4169210288331,0.21639694911082774,0.5832027100535315,13.951013814524938,0.21639694911082774,3,1,1,14,0,315,70.89382257769708,37.48700435266002,108.3808269303571,108.3808269303571,0.0,32.514248079107126,108.3808269303571,97.5427442373214,37.48700435266002,0.6541177492883657,0.3458822507116343,8.11207337321995,16.86915195869701,3603.1841474242237,70.89382257769708,175.4169210288331,108.3808269303571,32.514248079107126,21.67616538607142,0.11664054201070631
2020-01-14 04:00:00,136.01207038066346,21.179087218982936,175.4169210288331,0.20508419495812422,0.8603617478063307,21.928211180398133,0.20508419495812422,4,1,1,14,0,316,21.179087218982936,114.83298316168052,136.01207038066346,136.01207038066346,0.0,40.80362111419904,136.01207038066346,122.41086334259711,114.83298316168052,0.1557147623715161,0.8442852376284838,23.55042990635308,51.674842422756235,8453.955349712429,21.179087218982936,175.4169210288331,136.01207038066346,40.80362111419904,27.202414076132694,0.17207234956126616
2020-01-14 05:00:00,127.6168108314159,32.191365322840305,175.4169210288331,0.13742755316496122,0.776151927045309,11.314162591673346,0.13742755316496122,5,1,1,14,0,317,32.191365322840305,95.42544550857559,127.6168108314159,127.6168108314159,0.0,38.28504324942477,127.6168108314159,114.85512974827432,95.42544550857559,0.25225019425822887,0.7477498057417711,13.114085485919881,42.94145047885902,497.9227867933818,32.191365322840305,175.4169210288331,127.6168108314159,38.28504324942477,25.52336216628318,0.1552303854090618
2020-01-14 06:00:00,103.73228964875177,34.69613747853878,175.4169210288331,0.18899352359429766,0.536574909091738,20.44363218893355,0.18899352359429766,6,1,1,14,0,318,34.69613747853878,69.036152170213,103.73228964875179,103.73228964875179,0.0,31.11968689462553,103.73228964875177,93.35906068387659,69.036152170213,0.3344776982752764,0.6655223017247235,13.047385654040674,31.06626847659585,702.6686864501106,34.69613747853878,175.4169210288331,103.73228964875177,31.11968689462553,20.746457929750356,0.1073149818183476
2020-01-14 07:00:00,70.85914004785423,53.985619314753386,175.4169210288331,0.20534650033301832,0.20683620125274785,11.956236037470541,0.20534650033301832,7,1,1,14,0,319,53.985619314753386,16.87352073310084,70.85914004785423,70.85914004785423,0.0,21.257742014356268,70.85914004785423,63.7732260430688,16.87352073310084,0.7618723467190622,0.2381276532809377,3.464918430838883,7.593084329895378,3093.024227953655,53.985619314753386,175.4169210288331,70.85914004785423,21.257742014356268,14.171828009570845,0.041367240250549574
2020-01-14 08:00:00,102.43161624843665,49.00644580839135,175.4169210288331,0.11311479959000162,0.5235283233052411,23.65128511953843,0.11311479959000162,8,1,1,14,0,320,49.00644580839135,53.42517044004531,102.43161624843665,102.43161624843665,0.0,30.729484874530996,102.43161624843665,92.18845462359299,53.42517044004531,0.4784308556601468,0.5215691443398531,6.043177447387404,24.041326698020388,1360.8152651056312,49.00644580839135,175.4169210288331,102.43161624843665,30.729484874530996,20.48632324968733,0.10470566466104823
2020-01-14 09:00:00,89.83586453435802,32.12627773502204,175.4169210288331,0.16765060285500072,0.3971848805598696,22.00002526081033,0.16765060285500072,9,1,1,14,0,321,32.12627773502204,57.70958679933598,89.83586453435802,89.83586453435802,0.0,26.950759360307405,89.83586453435802,80.85227808092222,57.70958679933598,0.35761082616102885,0.6423891738389712,9.675047017421669,25.96931405970119,303.29629772495394,32.12627773502204,175.4169210288331,89.83586453435802,26.950759360307405,17.967172906871607,0.07943697611197392
2020-01-14 10:00:00,59.40636335543892,67.1503466843431,175.4169210288331,0.10664141651397677,0.09195752873204671,34.009056263135875,0.10664141651397677,10,1,1,14,0,322,59.40636335543892,0.0,59.40636335543892,59.40636335543892,0.0,17.821909006631675,59.40636335543892,53.46572701989503,0.0,1.0,0.0,0.0,0.0,4074.5994800073695,67.1503466843431,175.4169210288331,59.40636335543892,17.821909006631675,11.881272671087785,0.018391505746409343
2020-01-14 11:00:00,139.90926673505692,49.722643205247,175.4169210288331,0.1820695587007944,0.8994531189007948,13.318520510457093,0.1820695587007944,11,1,1,14,0,323,49.722643205247,90.1866235298099,139.90926673505692,139.90926673505692,0.0,41.97278002051707,139.90926673505692,125.91834006155123,90.1866235298099,0.35539206491165215,0.6446079350883478,16.42023874678717,40.58398058841446,8227.401499654896,49.722643205247,175.4169210288331,139.90926673505692,41.97278002051707,27.981853347011384,0.17989062378015896
2020-01-14 12:00:00,97.253571675754,24.739894824054208,175.4169210288331,0.22840295167491723,0.47158922567516637,29.950294681136395,0.22840295167491723,12,1,1,14,0,324,24.739894824054208,72.5136768516998,97.253571675754,97.253571675754,0.0,29.1760715027262,97.253571675754,87.5282145081786,72.5136768516998,0.2543854626392301,0.7456145373607699,16.56233782972935,32.63115458326491,936.4707609653143,24.739894824054208,175.4169210288331,97.253571675754,29.1760715027262,19.450714335150803,0.09431784513503327
2020-01-14 13:00:00,91.69580608469418,38.11309575559111,175.4169210288331,0.20922990393487906,0.41584128345736227,13.54490374568813,0.20922990393487906,13,1,1,14,0,325,38.11309575559111,53.58271032910307,91.69580608469418,91.69580608469418,0.0,27.508741825408254,91.69580608469418,82.52622547622477,53.58271032910307,0.41564709862944244,0.5843529013705576,11.211105334728687,24.11221964809638,537.2239966349375,38.11309575559111,175.4169210288331,91.69580608469418,27.508741825408254,18.339161216938837,0.08316825669147246
2020-01-14 14:00:00,62.346397247718684,71.5924912117431,175.4169210288331,0.17776770558860813,0.12144794837278285,19.406561762295503,0.17776770558860813,14,1,1,14,0,326,62.346397247718684,0.0,62.346397247718684,62.346397247718684,0.0,18.703919174315605,62.346397247718684,56.11175752294682,0.0,1.0,0.0,0.0,0.0,3458.3597474209214,71.5924912117431,175.4169210288331,62.346397247718684,18.703919174315605,12.469279449543738,0.02428958967455657
2020-01-14 15:00:00,66.1204094654018,42.580044349528315,175.4169210288331,0.2047051386237373,0.15930370381866252,19.707223999767766,0.2047051386237373,15,1,1,14,0,327,42.580044349528315,23.54036511587349,66.1204094654018,66.1204094654018,0.0,19.83612283962054,66.1204094654018,59.50836851886163,23.54036511587349,0.6439773240032455,0.3560226759967546,4.818833704298273,10.593164302143071,944.8574966844324,42.580044349528315,175.4169210288331,66.1204094654018,19.83612283962054,13.224081893080362,0.031860740763732506
2020-01-14 16:00:00,104.0580207649281,65.41253821388628,175.4169210288331,0.2687453980271617,0.5398422004421233,32.14498091171786,0.2687453980271617,16,1,1,14,0,328,65.41253821388628,38.64548255104182,104.0580207649281,104.0580207649281,0.0,31.217406229478428,104.0580207649281,93.6522186884353,38.64548255104182,0.6286160137684748,0.3713839862315252,10.385795590131467,17.39046714796882,749.4873487961704,65.41253821388628,175.4169210288331,104.0580207649281,31.217406229478428,20.811604152985623,0.10796844008842466
2020-01-14 17:00:00,128.0614022876894,34.56641416735236,175.4169210288331,0.17171401903589573,0.7806114635998432,31.71521974128063,0.17171401903589573,17,1,1,14,0,329,34.56641416735236,93.49498812033703,128.0614022876894,128.0614022876894,0.0,38.41842068630682,128.0614022876894,115.25526205892045,93.49498812033703,0.26992062830687313,0.7300793716931269,16.054400169856397,42.07274465415166,3959.9516298903036,34.56641416735236,175.4169210288331,128.0614022876894,38.41842068630682,25.612280457537878,0.15612229271996866
2020-01-14 18:00:00,107.92606416999402,59.00794639874725,175.4169210288331,0.2597026595684459,0.5786411488159883,10.088608683885983,0.2597026595684459,18,1,1,14,0,330,59.00794639874725,48.91811777124677,107.92606416999402,107.92606416999402,0.0,32.37781925099821,107.92606416999402,97.13345775299462,48.91811777124677,0.5467441702108585,0.4532558297891415,12.704165286275243,22.01315299706105,2584.485867937917,59.00794639874725,175.4169210288331,107.92606416999402,32.37781925099821,21.585212833998806,0.11572822976319766
2020-01-14 19:00:00,53.19051399587613,55.476006457991836,175.4169210288331,0.106656663933445,0.029608585572426644,10.280914633493436,0.106656663933445,19,1,1,14,0,331,53.19051399587613,0.0,53.19051399587613,53.19051399587613,0.0,15.957154198762838,53.19051399587613,47.87146259628852,0.0,1.0,0.0,0.0,0.0,2426.824766043544,55.476006457991836,175.4169210288331,53.19051399587613,15.957154198762838,10.638102799175227,0.005921717114485329
2020-01-14 20:00:00,135.99367015835605,46.86665287007962,175.4169210288331,0.2444613470911541,0.8601771818124647,16.388828777524303,0.2444613470911541,20,1,1,14,0,332,46.86665287007962,89.12701728827643,135.99367015835605,135.99367015835605,0.0,40.79810104750681,135.99367015835605,122.39430314252046,89.12701728827643,0.344623781500318,0.655376218499682,21.78811070850864,40.107157779724396,7983.616430243087,46.86665287007962,175.4169210288331,135.99367015835605,40.79810104750681,27.19873403167121,0.17203543636249297
2020-01-14 21:00:00,93.57368116246019,26.718656287565366,175.4169210288331,0.19120303584872606,0.43467757110071903,17.077944773527395,0.19120303584872606,21,1,1,14,0,333,26.718656287565366,66.85502487489482,93.57368116246019,93.57368116246019,0.0,28.072104348738055,93.57368116246019,84.21631304621417,66.85502487489482,0.28553601777381327,0.7144639822261868,12.782883717821987,30.084761193702672,901.983412350734,26.718656287565366,175.4169210288331,93.57368116246019,28.072104348738055,18.71473623249204,0.08693551422014381
2020-01-14 22:00:00,78.58073365323207,43.01884398123711,175.4169210288331,0.1337666298688322,0.2842887218906116,23.447951307727468,0.1337666298688322,22,1,1,14,0,334,43.01884398123711,35.56188967199496,78.58073365323207,78.58073365323207,0.0,23.574220095969622,78.58073365323207,70.72266028790887,35.56188967199496,0.5474477264500281,0.45255227354997185,4.7569941331899965,16.002850352397733,1244.9564296758983,43.01884398123711,175.4169210288331,78.58073365323207,23.574220095969622,15.716146730646415,0.05685774437812233
2020-01-14 23:00:00,85.8561289551324,56.16973722221735,175.4169210288331,0.14872873696346647,0.35726558826915217,31.271958928088516,0.14872873696346647,23,1,1,14,0,335,56.16973722221735,29.686391732915055,85.8561289551324,85.8561289551324,0.0,25.75683868653972,85.8561289551324,77.27051605961917,29.686391732915055,0.6542309548054643,0.3457690451945356,4.415219547439149,13.358876279811776,207.46746906779194,56.16973722221735,175.4169210288331,85.8561289551324,25.75683868653972,17.171225791026483,0.07145311765383043
2020-01-15 00:00:00,139.30719257388307,44.01606387681485,175.4169210288331,0.14177080028673325,0.8934139301300514,13.242495735581535,0.14177080028673325,0,2,1,15,0,336,44.01606387681485,95.29112869706822,139.30719257388307,139.30719257388307,0.0,41.79215777216492,139.30719257388307,125.37647331649477,95.29112869706822,0.3159640436617833,0.6840359563382167,13.509499575609453,42.8810079136807,4451.693287922471,44.01606387681485,175.4169210288331,139.30719257388307,41.79215777216492,27.861438514776616,0.1786827860260103
2020-01-15 01:00:00,55.24160840967044,33.24681570592309,175.4169210288331,0.1345698712603256,0.050182373903370166,11.51671064229053,0.1345698712603256,1,2,1,15,0,337,33.24681570592309,21.99479270374735,55.24160840967044,55.24160840967044,0.0,16.572482522901133,55.24160840967044,49.7174475687034,21.99479270374735,0.6018437308951163,0.3981562691048837,2.95983642254083,9.897656716686308,5488.329576212039,33.24681570592309,175.4169210288331,55.24160840967044,16.572482522901133,11.04832168193409,0.010036474780674034
2020-01-15 02:00:00,65.57205789273092,77.61968256845483,175.4169210288331,0.2421890247460581,0.15380338695796725,29.14612059510707,0.2421890247460581,2,2,1,15,0,338,65.57205789273092,0.0,65.57205789273092,65.57205789273092,0.0,19.671617367819277,65.57205789273092,59.014852103457834,0.0,1.0,0.0,0.0,0.0,1528.6921885165987,77.61968256845483,175.4169210288331,65.57205789273092,19.671617367819277,13.114411578546186,0.030760677391593452
2020-01-15 03:00:00,114.7221985573169,41.164412000627706,175.4169210288331,0.24990500202733432,0.6468107218073997,29.919613357802415,0.24990500202733432,3,2,1,15,0,339,41.164412000627706,73.5577865566892,114.7221985573169,114.7221985573169,0.0,34.41665956719507,114.7221985573169,103.2499787015852,73.5577865566892,0.35881819315083435,0.6411818068491656,18.382458798575637,33.10100395051014,6006.481141113749,41.164412000627706,175.4169210288331,114.7221985573169,34.41665956719507,22.94443971146338,0.12936214436147994
2020-01-15 04:00:00,61.53334474081878,41.32822887300363,175.4169210288331,0.2756527237309161,0.11329251190608337,17.116951376663835,0.2756527237309161,4,2,1,15,0,340,41.32822887300363,20.205115867815145,61.53334474081878,61.53334474081878,0.0,18.46000342224563,61.53334474081878,55.3800102667369,20.205115867815145,0.6716395646471031,0.32836043535289694,5.569595222261997,9.092302140516816,2846.534305603115,41.32822887300363,175.4169210288331,61.53334474081878,18.46000342224563,12.306668948163756,0.022658502381216677
2020-01-15 05:00:00,59.308943190140816,23.88766938864437,175.4169210288331,0.2978107341259232,0.09098034218883881,34.36454923568637,0.2978107341259232,5,2,1,15,0,341,23.88766938864437,35.42127380149645,59.308943190140816,59.308943190140816,0.0,17.792682957042246,59.308943190140816,53.37804887112674,35.42127380149645,0.4027667347243395,0.5972332652756605,10.548835554498988,15.939573210673402,535.7045773902062,23.88766938864437,175.4169210288331,59.308943190140816,17.792682957042246,11.861788638028164,0.018196068437767762
2020-01-15 06:00:00,128.38963948856122,43.36117638134551,175.4169210288331,0.21144575712631247,0.7839038925819816,11.439179430490729,0.21144575712631247,6,2,1,15,0,342,43.36117638134551,85.02846310721571,128.38963948856122,128.38963948856122,0.0,38.51689184656836,128.38963948856122,115.5506755397051,85.02846310721571,0.33773111719975457,0.6622688828002454,17.978907758991955,38.262808398247074,2840.090705408248,43.36117638134551,175.4169210288331,128.38963948856122,38.51689184656836,25.677927897712244,0.15678077851639632
2020-01-15 07:00:00,115.85662706259431,11.456041142171312,175.4169210288331,0.265688594593345,0.6581897650085318,31.236458607700538,0.265688594593345,7,2,1,15,0,343,11.456041142171312,104.400585920423,115.85662706259431,115.85662706259431,0.0,34.756988118778295,115.85662706259431,104.27096435633489,104.400585920423,0.09888118990363763,0.9011188100963623,27.738044947918947,46.98026366419035,1393.2167969199813,11.456041142171312,175.4169210288331,115.85662706259431,34.756988118778295,23.171325412518865,0.13163795300170636
2020-01-15 08:00:00,62.81963288829036,52.92727659676422,175.4169210288331,0.24165228344018705,0.12619480440939457,31.827655009040928,0.24165228344018705,8,2,1,15,0,344,52.92727659676422,9.892356291526134,62.81963288829036,62.81963288829036,0.0,18.845889866487106,62.81963288829036,56.537669599461324,9.892356291526134,0.842527632895956,0.157472367104044,2.3905104864511912,4.45156033118676,10651.668837718582,52.92727659676422,175.4169210288331,62.81963288829036,18.845889866487106,12.563926577658073,0.025238960881878915
2020-01-15 09:00:00,70.0237113308709,23.29918687812883,175.4169210288331,0.17520591333689964,0.19845631709275402,12.765091888231765,0.17520591333689964,9,2,1,15,0,345,23.29918687812883,46.72452445274207,70.0237113308709,70.0237113308709,0.0,21.007113399261268,70.0237113308709,63.02134019778381,46.72452445274207,0.33273281914517816,0.6672671808548218,8.186412981974975,21.026036003733932,2234.432311831597,23.29918687812883,175.4169210288331,70.0237113308709,21.007113399261268,14.00474226617418,0.03969126341855081
2020-01-15 10:00:00,85.43671747502539,54.15172142327359,175.4169210288331,0.1562871349980144,0.35305862297430407,24.029672449741774,0.1562871349980144,10,2,1,15,0,346,54.15172142327359,31.284996051751797,85.43671747502539,85.43671747502539,0.0,25.631015242507615,85.43671747502539,76.89304572752285,31.284996051751797,0.6338225885036263,0.36617741149637373,4.88944240135248,14.078248223288309,1190.2579251043362,54.15172142327359,175.4169210288331,85.43671747502539,25.631015242507615,17.08734349500508,0.07061172459486081
2020-01-15 11:00:00,62.843508031868254,50.1517579035499,175.4169210288331,0.19354451298875514,0.12643428736397677,23.5842307306905,0.19354451298875514,11,2,1,15,0,347,50.1517579035499,12.691750128318354,62.843508031868254,62.843508031868254,0.0,18.853052409560476,62.843508031868254,56.55915722868143,12.691750128318354,0.7980419851501239,0.20195801484987605,2.4564185975603463,5.711287557743259,361.7085021283947,50.1517579035499,175.4169210288331,62.843508031868254,18.853052409560476,12.56870160637365,0.025286857472795354
2020-01-15 12:00:00,90.01669742671388,71.83583055820101,175.4169210288331,0.12422487266493315,0.3989987500851243,20.054257750108526,0.12422487266493315,12,2,1,15,0,348,71.83583055820101,18.180866868512865,90.01669742671388,90.01669742671388,0.0,27.005009228014163,90.01669742671388,81.0150276840425,18.180866868512865,0.7980278394092982,0.20197216059070178,2.2585158716791125,8.18139009083079,500.32940947967165,71.83583055820101,175.4169210288331,90.01669742671388,27.005009228014163,18.003339485342774,0.07979975001702487
2020-01-15 13:00:00,124.1559304304307,40.49875333757343,175.4169210288331,0.2291948595098862,0.7414370839207248,11.985031958957705,0.2291948595098862,13,2,1,15,0,349,40.49875333757343,83.65717709285727,124.1559304304307,124.1559304304307,0.0,37.24677912912921,124.1559304304307,111.74033738738763,83.65717709285727,0.3261926610929506,0.6738073389070494,19.17379495079109,37.645729691785775,5269.159609326163,40.49875333757343,175.4169210288331,124.1559304304307,37.24677912912921,24.83118608608614,0.14828741678414498
2020-01-15 14:00:00,146.5389305623106,71.35012387480961,175.4169210288331,0.19000819719802353,0.9659528857422975,31.157912803856593,0.19000819719802353,14,2,1,15,0,350,71.35012387480961,75.188806687501,146.5389305623106,146.5389305623106,0.0,43.96167916869318,146.5389305623106,131.88503750607956,75.188806687501,0.4869021740572239,0.5130978259427761,14.28648960816276,33.83496300937545,1023.5203613481584,71.35012387480961,175.4169210288331,146.5389305623106,43.96167916869318,29.307786112462125,0.19319057714845952
2020-01-15 15:00:00,82.63251576856297,18.899922530749066,175.4169210288331,0.19221499706958806,0.32493068700118505,21.72091914643722,0.19221499706958806,15,2,1,15,0,351,18.899922530749066,63.7325932378139,82.63251576856297,82.63251576856297,0.0,24.78975473056889,82.63251576856297,74.36926419170668,63.7325932378139,0.22872258402108853,0.7712774159789114,12.250360222443646,28.679666957016256,2882.2684476372824,18.899922530749066,175.4169210288331,82.63251576856297,24.78975473056889,16.526503153712593,0.06498613740023701
2020-01-15 16:00:00,142.97987553881225,24.332913929391115,175.4169210288331,0.15019585750235528,0.9302532883862786,15.413561573057066,0.15019585750235528,16,2,1,15,0,352,24.332913929391115,118.64696160942114,142.97987553881225,142.97987553881225,0.0,42.89396266164368,142.97987553881225,128.68188798493102,118.64696160942114,0.17018418737387894,0.829815812626121,17.820282138976037,53.39113272423951,3045.105249190296,24.332913929391115,175.4169210288331,142.97987553881225,42.89396266164368,28.595975107762452,0.18605065767725573
2020-01-15 17:00:00,136.95837799249097,19.30723941308215,175.4169210288331,0.21338349007783675,0.8698538181716747,13.413950129595822,0.21338349007783675,17,2,1,15,0,353,19.30723941308215,117.65113857940881,136.95837799249097,136.95837799249097,0.0,41.08751339774729,136.95837799249097,123.26254019324188,117.65113857940881,0.1409715834553817,0.8590284165446183,25.104810561705474,52.94301236073397,26.249067850980282,19.30723941308215,175.4169210288331,136.95837799249097,41.08751339774729,27.391675598498196,0.17397076363433495
2020-01-15 18:00:00,124.08247817204486,11.46805546333764,175.4169210288331,0.1609109663521371,0.7407003108076508,16.441511917599257,0.1609109663521371,18,2,1,15,0,354,11.46805546333764,112.61442270870722,124.08247817204486,124.08247817204486,0.0,37.224743451613456,124.08247817204486,111.67423035484038,112.61442270870722,0.09242284351733179,0.9075771564826682,18.120895583246135,50.676490218918254,86.82131176010917,11.46805546333764,175.4169210288331,124.08247817204486,37.224743451613456,24.816495634408973,0.14814006216153017
2020-01-15 19:00:00,59.56666950890318,38.65968830003716,175.4169210288331,0.16249745129574822,0.09356550194251455,18.535633722269104,0.16249745129574822,19,2,1,15,0,355,38.65968830003716,20.90698120886602,59.56666950890318,59.56666950890318,0.0,17.870000852670955,59.56666950890318,53.610002558012866,20.90698120886602,0.6490154413326543,0.3509845586673457,3.3973311607288297,9.40814154398971,9149.63972277267,38.65968830003716,175.4169210288331,59.56666950890318,17.870000852670955,11.913333901780637,0.01871310038850291
2020-01-15 20:00:00,106.52458189425855,76.88099293649599,175.4169210288331,0.276642716062622,0.5645833855571964,11.936599938631215,0.276642716062622,20,2,1,15,0,356,76.88099293649599,29.64358895776256,106.52458189425855,106.52458189425855,0.0,31.95737456827756,106.52458189425855,95.87212370483269,29.64358895776256,0.721720673006835,0.27827932699316504,8.200682963119384,13.339615030993153,1537.196443071068,76.88099293649599,175.4169210288331,106.52458189425855,31.95737456827756,21.30491637885171,0.1129166771114393
2020-01-15 21:00:00,141.87442304306254,51.51132059297995,175.4169210288331,0.12021165552760005,0.9191648930864275,10.41593497070659,0.12021165552760005,21,2,1,15,0,357,51.51132059297995,90.36310245008258,141.87442304306254,141.87442304306254,0.0,42.562326912918756,141.87442304306254,127.68698073875629,90.36310245008258,0.3630768639485141,0.6369231360514859,10.862698144134558,40.66339610253716,4330.479593561396,51.51132059297995,175.4169210288331,141.87442304306254,42.562326912918756,28.374884608612508,0.1838329786172855
2020-01-15 22:00:00,99.25602526201989,48.455119440106095,175.4169210288331,0.11414435311890875,0.49167511540764386,34.33588610834337,0.11414435311890875,22,2,1,15,0,358,48.455119440106095,50.800905821913794,99.25602526201989,99.25602526201989,0.0,29.776807578605965,99.25602526201989,89.3304227358179,50.800905821913794,0.48818315373996085,0.5118168462600391,5.798636532896955,22.860407619861206,1574.507767532717,48.455119440106095,175.4169210288331,99.25602526201989,29.776807578605965,19.85120505240398,0.09833502308152878
2020-01-15 23:00:00,73.0982335584537,76.92279112029115,175.4169210288331,0.1415678218012135,0.2292957407212623,12.67955353140113,0.1415678218012135,23,2,1,15,0,359,73.0982335584537,0.0,73.0982335584537,73.0982335584537,0.0,21.92947006753611,73.0982335584537,65.78841020260833,0.0,1.0,0.0,0.0,0.0,3188.0151057768576,76.92279112029115,175.4169210288331,73.0982335584537,21.92947006753611,14.619646711690741,0.04585914814425246
2020-01-16 00:00:00,107.60877043435643,49.09879122771067,175.4169210288331,0.2079774186032255,0.5754584897868185,14.754634121656078,0.2079774186032255,0,3,1,16,0,360,49.09879122771067,58.50997920664576,107.60877043435643,107.60877043435643,0.0,32.282631130306925,107.60877043435643,96.84789339092079,58.50997920664576,0.45627127816372504,0.543728721836275,12.168754437926586,26.329490642990592,3999.3908989487795,49.09879122771067,175.4169210288331,107.60877043435643,32.282631130306925,21.521754086871287,0.1150916979573637
2020-01-16 01:00:00,65.3718564048272,33.301324606517156,175.4169210288331,0.2509799257622013,0.1517952380361184,30.788101069600895,0.2509799257622013,1,3,1,16,0,361,33.301324606517156,32.07053179831004,65.3718564048272,65.3718564048272,0.0,19.61155692144816,65.3718564048272,58.83467076434448,32.07053179831004,0.5094137819842931,0.4905862180157069,8.04905968989417,14.43173930923952,948.6043309058734,33.301324606517156,175.4169210288331,65.3718564048272,19.61155692144816,13.07437128096544,0.030359047607223685
2020-01-16 02:00:00,147.36435860214453,54.38096722921303,175.4169210288331,0.28892231650561495,0.9742324567165822,21.33843606607793,0.28892231650561495,2,3,1,16,0,362,54.38096722921303,92.98339137293151,147.36435860214453,147.36435860214453,0.0,44.20930758064336,147.36435860214453,132.6279227419301,92.98339137293151,0.36902387894233774,0.6309761210576623,26.864976832015582,41.842526117819176,4154.72779465813,54.38096722921303,175.4169210288331,147.36435860214453,44.20930758064336,29.47287172042891,0.19484649134331644
2020-01-16 03:00:00,105.50680175939534,74.47662245367204,175.4169210288331,0.20892006823953277,0.5543744000900777,30.146937760763393,0.20892006823953277,3,3,1,16,0,363,74.47662245367204,31.03017930572331,105.50680175939534,105.50680175939534,0.0,31.652040527818603,105.50680175939534,94.95612158345581,31.03017930572331,0.7058940391683318,0.2941059608316682,6.4828271780366515,13.963580687575488,4242.0358443447985,74.47662245367204,175.4169210288331,105.50680175939534,31.652040527818603,21.10136035187907,0.11087488001801554
2020-01-16 04:00:00,148.2356759379316,68.04490603551795,175.4169210288331,0.2444608461446097,0.98297232666845,18.83312872784836,0.2444608461446097,4,3,1,16,0,364,68.04490603551795,80.19076990241365,148.2356759379316,148.2356759379316,0.0,44.47070278137948,148.2356759379316,133.41210834413846,80.19076990241365,0.4590319139099101,0.5409680860900898,19.60350346333174,36.085846456086145,2458.1306438989513,68.04490603551795,175.4169210288331,148.2356759379316,44.47070278137948,29.647135187586322,0.19659446533369002
2020-01-16 05:00:00,76.43145167640043,77.24932337141864,175.4169210288331,0.12080084240692122,0.2627300495265024,18.72294723829419,0.12080084240692122,5,3,1,16,0,365,76.43145167640043,0.0,76.43145167640043,76.43145167640043,0.0,22.92943550292013,76.43145167640043,68.78830650876039,0.0,1.0,0.0,0.0,0.0,6500.893725328456,77.24932337141864,175.4169210288331,76.43145167640043,22.92943550292013,15.286290335280086,0.052546009905300485
2020-01-16 06:00:00,73.08066438390586,15.113342087613326,175.4169210288331,0.10237605705914901,0.22911951066775244,14.396556982153676,0.10237605705914901,6,3,1,16,0,366,15.113342087613326,57.96732229629253,73.08066438390586,73.08066438390586,0.0,21.924199315171755,73.08066438390586,65.77259794551527,57.96732229629253,0.20680356719556114,0.7931964328044389,5.934465894971325,26.08529503333164,7120.121017744757,15.113342087613326,175.4169210288331,73.08066438390586,21.924199315171755,14.616132876781172,0.04582390213355049
2020-01-16 07:00:00,112.71770637690929,62.81975699766056,175.4169210288331,0.25563269997798044,0.6267043836723121,26.718846875137352,0.25563269997798044,7,3,1,16,0,367,62.81975699766056,49.89794937924873,112.71770637690929,112.71770637690929,0.0,33.81531191307278,112.71770637690929,101.44593573921837,49.89794937924873,0.5573193335535211,0.4426806664464789,12.755547523181946,22.45407722066193,2341.016802843897,62.81975699766056,175.4169210288331,112.71770637690929,33.81531191307278,22.54354127538186,0.12534087673446243
2020-01-16 08:00:00,132.0114983447063,11.443410582183262,175.4169210288331,0.2810971004118358,0.8202334525328745,12.155129818176942,0.2810971004118358,8,3,1,16,0,368,11.443410582183262,120.56808776252304,132.0114983447063,132.0114983447063,0.0,39.60344950341189,132.0114983447063,118.81034851023567,120.56808776252304,0.08668495339930475,0.9133150466006953,33.89133987224496,54.25563949313537,7633.797430114268,11.443410582183262,175.4169210288331,132.0114983447063,39.60344950341189,26.40229966894126,0.16404669050657492
2020-01-16 09:00:00,136.80235308346198,61.54721876572046,175.4169210288331,0.19198360580784074,0.8682887885800925,23.62028343829174,0.19198360580784074,9,3,1,16,0,369,61.54721876572046,75.25513431774152,136.80235308346198,136.80235308346198,0.0,41.040705925038594,136.80235308346198,123.12211777511578,75.25513431774152,0.4498988312589259,0.5501011687410742,14.447752041873397,33.86481044298369,4563.655344381626,61.54721876572046,175.4169210288331,136.80235308346198,41.040705925038594,27.360470616692396,0.17365775771601852
2020-01-16 10:00:00,147.33698845676133,52.47255508759012,175.4169210288331,0.148340537979931,0.9739579166593747,34.128247669107154,0.148340537979931,10,3,1,16,0,370,52.47255508759012,94.86443336917121,147.33698845676133,147.33698845676133,0.0,44.2010965370284,147.33698845676133,132.60328961108522,94.86443336917121,0.3561397286397579,0.643860271360242,14.072241081144174,42.688995016127045,466.8741301595792,52.47255508759012,175.4169210288331,147.33698845676133,44.2010965370284,29.467397691352268,0.19479158333187496
2020-01-16 11:00:00,107.97906217747393,70.49770185671362,175.4169210288331,0.1526025503954479,0.5791727527151166,23.79147154653879,0.1526025503954479,11,3,1,16,0,371,70.49770185671362,37.48136032076032,107.97906217747393,107.97906217747393,0.0,32.39371865324218,107.97906217747393,97.18115595972654,37.48136032076032,0.6528830722834386,0.3471169277165615,5.719751177238767,16.86661214434214,3617.722988527704,70.49770185671362,175.4169210288331,107.97906217747393,32.39371865324218,21.59581243549479,0.11583455054302333
2020-01-16 12:00:00,129.3556039110926,18.719248342986987,175.4169210288331,0.22579678553747848,0.793593133326204,34.78710285664518,0.22579678553747848,12,3,1,16,0,372,18.719248342986987,110.63635556810561,129.3556039110926,129.3556039110926,0.0,38.80668117332778,129.3556039110926,116.42004351998334,110.63635556810561,0.14471153762965625,0.8552884623703437,24.981333450859758,49.78636000564753,8032.661577912264,18.719248342986987,175.4169210288331,129.3556039110926,38.80668117332778,25.871120782218522,0.1587186266652408
2020-01-16 13:00:00,138.81618548095867,13.840496013736049,175.4169210288331,0.2493930729440115,0.8884888150642212,34.48735032193682,0.2493930729440115,13,3,1,16,0,373,13.840496013736049,124.97568946722262,138.81618548095867,138.81618548095867,0.0,41.644855644287595,138.81618548095867,124.93456693286281,124.97568946722262,0.09970376268287923,0.9002962373171208,31.16807123952718,56.239060260250184,229.41872096053766,13.840496013736049,175.4169210288331,138.81618548095867,41.644855644287595,27.763237096191734,0.17769776301284423
2020-01-16 14:00:00,140.7262168066942,37.824981264756204,175.4169210288331,0.26551387671645077,0.9076476504337055,10.053004499575954,0.26551387671645077,14,3,1,16,0,374,37.824981264756204,102.901235541938,140.7262168066942,140.7262168066942,0.0,42.217865042008256,140.7262168066942,126.65359512602478,102.901235541938,0.268784183381507,0.731215816618493,27.321705967652587,46.3055559938721,1062.5370488559172,37.824981264756204,175.4169210288331,140.7262168066942,42.217865042008256,28.145243361338842,0.1815295300867411
2020-01-16 15:00:00,146.33620551958845,46.6313767949889,175.4169210288331,0.17497757248618326,0.9639194239521932,24.576610511252245,0.17497757248618326,15,3,1,16,0,375,46.6313767949889,99.70482872459954,146.33620551958845,146.33620551958845,0.0,43.90086165587653,146.33620551958845,131.7025849676296,99.70482872459954,0.31865919052238145,0.6813408094776185,17.4461088953811,44.86717292606979,87.76961877683021,46.6313767949889,175.4169210288331,146.33620551958845,43.90086165587653,29.26724110391769,0.19278388479043865
2020-01-16 16:00:00,63.25452263130153,17.83976429740588,175.4169210288331,0.22136344862147683,0.13055702657714877,16.30708304791967,0.22136344862147683,16,3,1,16,0,376,17.83976429740588,45.414758333895655,63.25452263130153,63.25452263130153,0.0,18.976356789390458,63.25452263130153,56.92907036817138,45.414758333895655,0.2820314430541266,0.7179685569458735,10.053167523102097,20.436641250253047,3776.3686932385613,17.83976429740588,175.4169210288331,63.25452263130153,18.976356789390458,12.650904526260307,0.026111405315429756
2020-01-16 17:00:00,59.474876579261334,46.66851134609026,175.4169210288331,0.23813750183590032,0.09264476017069383,12.406886911376604,0.23813750183590032,17,3,1,16,0,377,46.66851134609026,12.806365233171071,59.474876579261334,59.474876579261334,0.0,17.8424629737784,59.474876579261334,53.5273889213352,12.806365233171071,0.7846760519779439,0.21532394802205615,3.049675824225486,5.7628643549269825,1894.4039570084115,46.66851134609026,175.4169210288331,59.474876579261334,17.8424629737784,11.894975315852268,0.018528952034138766
2020-01-16 18:00:00,129.95162674575525,21.51161744324531,175.4169210288331,0.25712673665924657,0.7995716234231439,34.27410908859774,0.25712673665924657,18,3,1,16,0,378,21.51161744324531,108.44000930250994,129.95162674575525,129.95162674575525,0.0,38.985488023726575,129.95162674575525,116.95646407117972,108.44000930250994,0.1655355764443939,0.8344644235556061,27.88282571525272,48.798004186129475,9778.66318881999,21.51161744324531,175.4169210288331,129.95162674575525,38.985488023726575,25.99032534915105,0.1599143246846288
2020-01-16 19:00:00,112.42945941188941,54.688309561614375,175.4169210288331,0.14316670379882285,0.6238130823233969,18.565305242135715,0.14316670379882285,19,3,1,16,0,379,54.688309561614375,57.741149850275036,112.42945941188941,112.42945941188941,0.0,33.72883782356682,112.42945941188941,101.18651347070048,57.741149850275036,0.4864233079807114,0.5135766920192886,8.26661009761777,25.983517432623767,3671.0672496745196,54.688309561614375,175.4169210288331,112.42945941188941,33.72883782356682,22.485891882377885,0.1247626164646794
2020-01-16 20:00:00,122.99287843679741,64.54108793715369,175.4169210288331,0.11217327812750488,0.7297709288310484,23.19008516597345,0.11217327812750488,20,3,1,16,0,380,64.54108793715369,58.45179049964372,122.99287843679741,122.99287843679741,0.0,36.89786353103922,122.99287843679741,110.69359059311768,58.45179049964372,0.5247546748840385,0.4752453251159615,6.556728952767183,26.303305724839674,97.5822518500303,64.54108793715369,175.4169210288331,122.99287843679741,36.89786353103922,24.598575687359485,0.1459541857662097
2020-01-16 21:00:00,79.44952889841605,65.38637005660269,175.4169210288331,0.26611279414011335,0.2930032936612399,30.377030314058427,0.26611279414011335,21,3,1,16,0,381,65.38637005660269,14.063158841813362,79.44952889841605,79.44952889841605,0.0,23.834858669524813,79.44952889841605,71.50457600857445,14.063158841813362,0.8229925458740671,0.17700745412593294,3.742386493831194,6.328421478816013,1971.0651223159998,65.38637005660269,175.4169210288331,79.44952889841605,23.834858669524813,15.889905779683211,0.058600658732247984
2020-01-16 22:00:00,137.01356495482872,13.949095559157858,175.4169210288331,0.24022265780435217,0.8704073786875285,30.98116689612288,0.24022265780435217,22,3,1,16,0,382,13.949095559157858,123.06446939567087,137.01356495482872,137.01356495482872,0.0,41.104069486448616,137.01356495482872,123.31220845934585,123.06446939567087,0.10180813530219918,0.8981918646978009,29.562873919510412,55.379011228051894,14527.078910183976,13.949095559157858,175.4169210288331,137.01356495482872,41.104069486448616,27.402712990965746,0.1740814757375057
2020-01-16 23:00:00,70.16175909475086,27.293739208376667,175.4169210288331,0.18407332909041194,0.1998410244248619,10.756703747413573,0.18407332909041194,23,3,1,16,0,383,27.293739208376667,42.8680198863742,70.16175909475086,70.16175909475086,0.0,21.04852772842526,70.16175909475086,63.145583185275775,42.8680198863742,0.3890116148815123,0.6109883851184877,7.890859131998881,19.29060894886839,6609.550028021807,27.293739208376667,175.4169210288331,70.16175909475086,21.04852772842526,14.032351818950174,0.03996820488497238
2020-01-17 00:00:00,56.133878108936166,76.7025858253163,175.4169210288331,0.21732395768937746,0.05913240945675479,32.826642338673096,0.21732395768937746,0,4,1,17,0,384,56.133878108936166,0.0,56.133878108936166,56.133878108936166,0.0,16.84016343268085,56.133878108936166,50.52049029804255,0.0,1.0,0.0,0.0,0.0,2669.420740782139,76.7025858253163,175.4169210288331,56.133878108936166,16.84016343268085,11.226775621787233,0.011826481891350958
2020-01-17 01:00:00,68.73058522657675,77.7041233303844,175.4169210288331,0.24743225251107373,0.1854854355106869,15.653394231567349,0.24743225251107373,1,4,1,17,0,385,68.73058522657675,0.0,68.73058522657675,68.73058522657675,0.0,20.619175567973024,68.73058522657675,61.85752670391908,0.0,1.0,0.0,0.0,0.0,158.67703020761695,77.7041233303844,175.4169210288331,68.73058522657675,20.619175567973024,13.746117045315351,0.03709708710213738
2020-01-17 02:00:00,117.4431193687415,75.99484319588346,175.4169210288331,0.10434621101861558,0.6741032971579183,14.242989841307551,0.10434621101861558,2,4,1,17,0,386,75.99484319588346,41.448276172858044,117.4431193687415,117.4431193687415,0.0,35.23293581062245,117.4431193687415,105.69880743186735,41.448276172858044,0.6470778671782295,0.35292213282177054,4.324970571890901,18.65172427778612,1770.729041546148,75.99484319588346,175.4169210288331,117.4431193687415,35.23293581062245,23.488623873748303,0.13482065943158367
2020-01-17 03:00:00,148.81773933770916,62.46045081409889,175.4169210288331,0.21931069744881115,0.9888107947085729,10.587072103274263,0.21931069744881115,3,4,1,17,0,387,62.46045081409889,86.35728852361026,148.81773933770916,148.81773933770916,0.0,44.64532180131275,148.81773933770916,133.93596540393824,86.35728852361026,0.41971105791600977,0.5802889420839903,18.939077175901183,38.86077983562462,2199.9991674641237,62.46045081409889,175.4169210288331,148.81773933770916,44.64532180131275,29.76354786754183,0.1977621589417146
2020-01-17 04:00:00,56.107348310068815,26.370365010459476,175.4169210288331,0.20469698237575723,0.058866298612374066,11.09506744291458,0.20469698237575723,4,4,1,17,0,388,26.370365010459476,29.73698329960934,56.107348310068815,56.107348310068815,0.0,16.832204493020644,56.107348310068815,50.496613479061935,29.73698329960934,0.46999841918615765,0.5300015808138424,6.08707074638832,13.381642484824203,4508.353256973081,26.370365010459476,175.4169210288331,56.107348310068815,16.832204493020644,11.221469662013764,0.011773259722474814
2020-01-17 05:00:00,88.19259671491477,79.5858266183346,175.4169210288331,0.28637355711898116,0.3807018537128827,19.998984861981054,0.28637355711898116,5,4,1,17,0,389,79.5858266183346,8.606770096580178,88.19259671491477,88.19259671491477,0.0,26.45777901447443,88.19259671491477,79.37333704342329,8.606770096580178,0.902409381091229,0.097590618908771,2.4647513678629425,3.87304654346108,3278.3712641446978,79.5858266183346,175.4169210288331,88.19259671491477,26.45777901447443,17.638519342982956,0.07614037074257654
2020-01-17 06:00:00,88.26811257867136,66.78282020515914,175.4169210288331,0.1263639476800592,0.3814593261071848,24.765273573195724,0.1263639476800592,6,4,1,17,0,390,66.78282020515914,21.485292373512223,88.26811257867136,88.26811257867136,0.0,26.48043377360141,88.26811257867136,79.44130132080423,21.485292373512223,0.7565905540988783,0.24340944590112165,2.714966361377274,9.6683815680805,329.77330925324674,66.78282020515914,175.4169210288331,88.26811257867136,26.48043377360141,17.653622515734273,0.07629186522143697
2020-01-17 07:00:00,111.29491447562461,18.77345065927668,175.4169210288331,0.26280109597501766,0.6124328712450215,11.588079517729412,0.26280109597501766,7,4,1,17,0,391,18.77345065927668,92.52146381634793,111.29491447562461,111.29491447562461,0.0,33.38847434268738,111.29491447562461,100.16542302806215,92.52146381634793,0.16868201703311764,0.8313179829668824,24.314742092149178,41.63465871735657,7351.037217449053,18.77345065927668,175.4169210288331,111.29491447562461,33.38847434268738,22.258982895124923,0.12248657424900432
2020-01-17 08:00:00,89.32065582011825,10.993314705165647,175.4169210288331,0.21748390019434494,0.3920170077590178,30.02927677416365,0.21748390019434494,8,4,1,17,0,392,10.993314705165647,78.3273411149526,89.32065582011825,89.32065582011825,0.0,26.796196746035474,89.32065582011825,80.38859023810643,78.3273411149526,0.12307695912247829,0.8769230408775217,17.03493563753276,35.24730350172867,262.00363472671745,10.993314705165647,175.4169210288331,89.32065582011825,26.796196746035474,17.86413116402365,0.07840340155180357
2020-01-17 09:00:00,82.37006147854919,79.37610632277585,175.4169210288331,0.2726599993045059,0.3222981026730445,17.76021674819384,0.2726599993045059,9,4,1,17,0,393,79.37610632277585,2.9939551557733353,82.37006147854919,82.37006147854919,0.0,24.711018443564758,82.37006147854919,74.13305533069428,2.9939551557733353,0.9636523865342382,0.03634761346576172,0.8163318106908795,1.347279820098001,10351.32522949217,79.37610632277585,175.4169210288331,82.37006147854919,24.711018443564758,16.474012295709837,0.0644596205346089
2020-01-17 10:00:00,90.20538986279841,54.781162517934035,175.4169210288331,0.14616187919614163,0.4008914558589516,20.784534301011323,0.14616187919614163,10,4,1,17,0,394,54.781162517934035,35.42422734486438,90.20538986279841,90.20538986279841,0.0,27.061616958839522,90.20538986279841,81.18485087651857,35.42422734486438,0.6072936728199467,0.3927063271800533,5.177671637796724,15.94090230518897,1656.6338150218587,54.781162517934035,175.4169210288331,90.20538986279841,27.061616958839522,18.041077972559684,0.08017829117179032
2020-01-17 11:00:00,96.6564046882245,78.71747144540906,175.4169210288331,0.10562199398080784,0.46559925899346133,13.028751017274,0.10562199398080784,11,4,1,17,0,395,78.71747144540906,17.938933242815438,96.6564046882245,96.6564046882245,0.0,28.996921406467347,96.6564046882245,86.99076421940205,17.938933242815438,0.8144051260681652,0.18559487393183485,1.8947458989947656,8.072519959266947,878.6823949066679,78.71747144540906,175.4169210288331,96.6564046882245,28.996921406467347,19.3312809376449,0.09311985179869227
2020-01-17 12:00:00,128.64197736883932,50.9341362507441,175.4169210288331,0.28206716815855426,0.7864350028525794,25.53126217761066,0.28206716815855426,12,4,1,17,0,396,50.9341362507441,77.70784111809522,128.64197736883932,128.64197736883932,0.0,38.59259321065179,128.64197736883932,115.7777796319554,77.70784111809522,0.39593713725891294,0.6040628627410871,21.91883068789598,34.96852850314285,4344.23606314279,50.9341362507441,175.4169210288331,128.64197736883932,38.59259321065179,25.728395473767865,0.1572870005705159
2020-01-17 13:00:00,106.68047593815035,76.11217694196377,175.4169210288331,0.24299727754805425,0.5661471024877845,16.26958540353158,0.24299727754805425,13,4,1,17,0,397,76.11217694196377,30.568298996186584,106.68047593815035,106.68047593815035,0.0,32.004142781445104,106.68047593815035,96.01242834433532,30.568298996186584,0.7134592930208802,0.2865407069791198,7.42801343534826,13.755734548283963,2856.0701645119116,76.11217694196377,175.4169210288331,106.68047593815035,32.004142781445104,21.33609518763007,0.11322942049755691
2020-01-17 14:00:00,106.02304245653946,11.162928830269987,175.4169210288331,0.295655086480406,0.5595526243392549,26.222506235879234,0.295655086480406,14,4,1,17,0,398,11.162928830269987,94.86011362626947,106.02304245653946,106.02304245653946,0.0,31.806912736961834,106.02304245653946,95.42073821088552,94.86011362626947,0.10528776171317523,0.8947122382868248,28.04587509771584,42.68705113182126,8351.842258703298,11.162928830269987,175.4169210288331,106.02304245653946,31.806912736961834,21.204608491307894,0.11191052486785098
2020-01-17 15:00:00,143.9818741207808,30.47057725492802,175.4169210288331,0.1900148853522624,0.9403039747879791,17.820479478796063,0.1900148853522624,15,4,1,17,0,399,30.47057725492802,113.51129686585277,143.9818741207808,143.9818741207808,0.0,43.19456223623423,143.9818741207808,129.58368670870271,113.51129686585277,0.21162786941755904,0.7883721305824409,21.568836060151636,51.080083589633745,720.6519239267129,30.47057725492802,175.4169210288331,143.9818741207808,43.19456223623423,28.79637482415616,0.18806079495759584
2020-01-17 16:00:00,118.49996208880013,40.70054847243682,175.4169210288331,0.1020685397193205,0.6847041053290848,11.693327145729231,0.1020685397193205,16,4,1,17,0,400,40.70054847243682,77.79941361636331,118.49996208880013,118.49996208880013,0.0,35.54998862664004,118.49996208880013,106.64996587992012,77.79941361636331,0.3434646539543795,0.6565353460456206,7.9408725388416235,35.00973612736349,1379.9909163362242,40.70054847243682,175.4169210288331,118.49996208880013,35.54998862664004,23.69999241776003,0.13694082106581695
2020-01-17 17:00:00,99.91060648310386,53.25836539526704,175.4169210288331,0.22563970497878366,0.4982409835595049,34.08663783316371,0.22563970497878366,17,4,1,17,0,401,53.25836539526704,46.65224108783682,99.91060648310386,99.91060648310386,0.0,29.973181944931156,99.91060648310386,89.91954583479348,46.65224108783682,0.5330601751904459,0.46693982480955415,10.52659791565859,20.99350848952657,1127.8451223891163,53.25836539526704,175.4169210288331,99.91060648310386,29.973181944931156,19.982121296620775,0.09964819671190099
2020-01-17 18:00:00,120.54432280928616,11.444136963724846,175.4169210288331,0.13656099762445975,0.7052103504109811,12.371430625887836,0.13656099762445975,18,4,1,17,0,402,11.444136963724846,109.10018584556131,120.54432280928616,120.54432280928616,0.0,36.16329684278585,120.54432280928616,108.48989052835755,109.10018584556131,0.09493717080173637,0.9050628291982636,14.898830220083816,49.09508363050259,5648.175503789002,11.444136963724846,175.4169210288331,120.54432280928616,36.16329684278585,24.10886456185723,0.14104207008219624
2020-01-17 19:00:00,108.67364582532366,42.59217588711195,175.4169210288331,0.15620114044817496,0.5861398707828606,34.300447813527,0.15620114044817496,19,4,1,17,0,403,42.59217588711195,66.08146993821171,108.67364582532366,108.67364582532366,0.0,32.602093747597095,108.67364582532366,97.8062812427913,66.08146993821171,0.39192736715185195,0.608072632848148,10.32200096684046,29.73666147219527,2820.8102470900917,42.59217588711195,175.4169210288331,108.67364582532366,32.602093747597095,21.734729165064735,0.11722797415657212
2020-01-17 20:00:00,63.40721815113688,31.637552742689795,175.4169210288331,0.13738154457966778,0.13208866026648455,10.23389464822452,0.13738154457966778,20,4,1,17,0,404,31.637552742689795,31.769665408447086,63.40721815113688,63.40721815113688,0.0,19.022165445341063,63.40721815113688,57.06649633602319,31.769665408447086,0.49895822061265654,0.5010417793873435,4.364565704591703,14.296349433801188,1297.303698325086,31.637552742689795,175.4169210288331,63.40721815113688,19.022165445341063,12.681443630227378,0.02641773205329691
2020-01-17 21:00:00,113.1516887281795,19.935013557196967,175.4169210288331,0.10539762341444246,0.6310575041207663,25.51118316322562,0.10539762341444246,21,4,1,17,0,405,19.935013557196967,93.21667517098253,113.1516887281795,113.1516887281795,0.0,33.94550661845385,113.1516887281795,101.83651985536154,93.21667517098253,0.17617954960518692,0.8238204503948131,9.824816025617626,41.94750382694214,3912.6844321451213,19.935013557196967,175.4169210288331,113.1516887281795,33.94550661845385,22.6303377456359,0.12621150082415328
2020-01-17 22:00:00,107.7733013220629,78.09793922757308,175.4169210288331,0.1607821125932048,0.5771088397828059,27.897466412690036,0.1607821125932048,22,4,1,17,0,406,78.09793922757308,29.675362094489827,107.7733013220629,107.7733013220629,0.0,32.33199039661887,107.7733013220629,96.99597118985662,29.675362094489827,0.7246501523989707,0.27534984760102926,4.7712674095203855,13.353912942520422,7420.424390022558,78.09793922757308,175.4169210288331,107.7733013220629,32.33199039661887,21.554660264412583,0.11542176795656119
2020-01-17 23:00:00,136.71943338686697,36.991359560913274,175.4169210288331,0.280904080428593,0.8674570510088044,14.348701470924247,0.280904080428593,23,4,1,17,0,407,36.991359560913274,99.72807382595369,136.71943338686697,136.71943338686697,0.0,41.015830016060086,136.71943338686697,123.04749004818028,99.72807382595369,0.27056402037771027,0.7294359796222897,28.014022870994353,44.87763322167916,6597.1333128230235,36.991359560913274,175.4169210288331,136.71943338686697,41.015830016060086,27.343886677373394,0.1734914102017609
2020-01-18 00:00:00,53.19187930113844,52.230331916535015,175.4169210288331,0.17143210179012108,0.029622280457111134,27.776370031204564,0.17143210179012108,0,5,1,18,1,408,52.230331916535015,0.9615473846034277,53.19187930113844,53.19187930113844,0.0,15.957563790341531,53.19187930113844,47.8726913710246,0.9615473846034277,0.9819230416891315,0.01807695831086848,0.1648400891133595,0.4326963230715425,9987.053023745346,52.230331916535015,175.4169210288331,53.19187930113844,15.957563790341531,10.63837586022769,0.005924456091422227
2020-01-18 01:00:00,125.09204401888123,20.9484308308422,175.4169210288331,0.25077058698382126,0.7508269017140818,17.248495301705102,0.25077058698382126,1,5,1,18,1,409,20.9484308308422,104.14361318803903,125.09204401888123,125.09204401888123,0.0,37.527613205664366,125.09204401888123,112.5828396169931,104.14361318803903,0.16746413407139044,0.8325358659286096,26.116155009780577,46.864625934617564,11625.096038999582,20.9484308308422,175.4169210288331,125.09204401888123,37.527613205664366,25.018408803776246,0.15016538034281637
2020-01-18 02:00:00,87.65832222992495,52.561354332048616,175.4169210288331,0.1473006433641485,0.37534273904176896,22.025577458304216,0.1473006433641485,2,5,1,18,1,410,52.561354332048616,35.09696789787633,87.65832222992495,87.65832222992495,0.0,26.297496668977484,87.65832222992495,78.89249000693246,35.09696789787633,0.5996162485768537,0.4003837514231463,5.16980595148805,15.79363555404435,5766.816158118677,52.561354332048616,175.4169210288331,87.65832222992495,26.297496668977484,17.53166444598499,0.0750685478083538
2020-01-18 03:00:00,89.83913784733491,35.68068394174934,175.4169210288331,0.1422049750232655,0.3972177139818099,18.38559526070184,0.1422049750232655,3,5,1,18,1,411,35.68068394174934,54.15845390558557,89.83913784733491,89.83913784733491,0.0,26.951741354200472,89.83913784733491,80.85522406260142,54.15845390558557,0.3971619140243988,0.6028380859756012,7.701601584942472,24.371304257513504,648.2972816480215,35.68068394174934,175.4169210288331,89.83913784733491,26.951741354200472,17.967827569466984,0.07944354279636198
2020-01-18 04:00:00,123.0726416813927,48.71734283718119,175.4169210288331,0.10949371819061349,0.7305710051707119,17.149435906310124,0.10949371819061349,4,5,1,18,1,412,48.71734283718119,74.3552988442115,123.0726416813927,123.0726416813927,0.0,36.92179250441781,123.0726416813927,110.76537751325343,74.3552988442115,0.39584218045225195,0.604157819547748,8.141438137626944,33.45988447989518,577.8670206307424,48.71734283718119,175.4169210288331,123.0726416813927,36.92179250441781,24.61452833627854,0.14611420103414238
2020-01-18 05:00:00,107.84402658590454,25.725419524013148,175.4169210288331,0.1841250433547814,0.5778182593971064,33.19532146070837,0.1841250433547814,5,5,1,18,1,413,25.725419524013148,82.1186070618914,107.84402658590454,107.84402658590454,0.0,32.35320797577136,107.84402658590454,97.05962392731409,82.1186070618914,0.23854283207351532,0.7614571679264847,15.12009208550501,36.95337317785113,588.8974921212963,25.725419524013148,175.4169210288331,107.84402658590454,32.35320797577136,21.56880531718091,0.11556365187942129
2020-01-18 06:00:00,98.22216243599226,78.01692254465334,175.4169210288331,0.11564848489418178,0.4813048102657292,11.760409108328446,0.11564848489418178,6,5,1,18,1,414,78.01692254465334,20.20523989133892,98.22216243599226,98.22216243599226,0.0,29.466648730797676,98.22216243599226,88.39994619239303,20.20523989133892,0.7942904188807091,0.2057095811192909,2.336705380356828,9.092357951102514,6567.6663225532675,78.01692254465334,175.4169210288331,98.22216243599226,29.466648730797676,19.644432487198454,0.09626096205314584
2020-01-18 07:00:00,128.47023530063174,54.28147651473388,175.4169210288331,0.1826502957552787,0.784712320105721,29.86386332328695,0.1826502957552787,7,5,1,18,1,415,54.28147651473388,74.18875878589786,128.47023530063174,128.47023530063174,0.0,38.54107059018952,128.47023530063174,115.62321177056857,74.18875878589786,0.42252181127955757,0.5774781887204424,13.550598733961275,33.38494145365404,3477.591710478421,54.28147651473388,175.4169210288331,128.47023530063174,38.54107059018952,25.69404706012635,0.1569424640211442
2020-01-18 08:00:00,61.0464453685423,55.58453948542716,175.4169210288331,0.2654560380724724,0.10840859990460977,32.96574110850099,0.2654560380724724,8,5,1,18,1,416,55.58453948542716,5.4619058831151435,61.0464453685423,61.0464453685423,0.0,18.31393361056269,61.0464453685423,54.94180083168807,5.4619058831151435,0.9105286827080401,0.0894713172919599,1.4498958960564747,2.4578576474018146,4725.078283026326,55.58453948542716,175.4169210288331,61.0464453685423,18.31393361056269,12.209289073708462,0.021681719980921957
2020-01-18 09:00:00,117.37355962811263,79.89181324490986,175.4169210288331,0.2568538354282737,0.6734055684866153,11.122931373227921,0.2568538354282737,9,5,1,18,1,417,79.89181324490986,37.481746383202776,117.37355962811263,117.37355962811263,0.0,35.212067888433786,117.37355962811263,105.63620366530137,37.481746383202776,0.6806627787215429,0.31933722127845704,9.62733031707546,16.86678587244125,1616.1137432694882,79.89181324490986,175.4169210288331,117.37355962811263,35.212067888433786,23.47471192562253,0.13468111369732305
2020-01-18 10:00:00,112.43293514299803,57.134039352931865,175.4169210288331,0.10043399060401298,0.6238479461286138,27.55845386171635,0.10043399060401298,10,5,1,18,1,418,57.134039352931865,55.29889579006617,112.43293514299803,112.43293514299803,0.0,33.72988054289941,112.43293514299803,101.18964162869823,55.29889579006617,0.5081610586814783,0.49183894131852174,5.553888780191799,24.884503105529777,835.3670855048877,57.134039352931865,175.4169210288331,112.43293514299803,33.72988054289941,22.486587028599608,0.12476958922572277
2020-01-18 11:00:00,100.35773251920084,52.02934044265782,175.4169210288331,0.18796648222173584,0.5027259435701441,13.441857331297435,0.18796648222173584,11,5,1,18,1,419,52.02934044265782,48.32839207654302,100.35773251920084,100.35773251920084,0.0,30.10731975576025,100.35773251920084,90.32195926728076,48.32839207654302,0.5184387803172352,0.4815612196827648,9.084117850060602,21.747776434444358,74.64587298479306,52.02934044265782,175.4169210288331,100.35773251920084,30.10731975576025,20.071546503840167,0.10054518871402883
2020-01-18 12:00:00,108.688503473519,64.71732589495252,175.4169210288331,0.22743328368167592,0.5862889024934492,22.548761162321426,0.22743328368167592,12,5,1,18,1,420,64.71732589495252,43.97117757856648,108.688503473519,108.688503473519,0.0,32.6065510420557,108.688503473519,97.81965312616711,43.97117757856648,0.5954385590626917,0.4045614409373083,10.000509304043458,19.787029910354917,179.97029301901898,64.71732589495252,175.4169210288331,108.688503473519,32.6065510420557,21.737700694703804,0.11725778049868985
2020-01-18 13:00:00,122.70308020165935,27.544197462068727,175.4169210288331,0.1445241238479112,0.7268640672510484,15.318510629388083,0.1445241238479112,13,5,1,18,1,421,27.544197462068727,95.15888273959062,122.70308020165935,122.70308020165935,0.0,36.810924060497804,122.70308020165935,110.43277218149342,95.15888273959062,0.2244784516965715,0.7755215483034286,13.752754154285453,42.82149723281578,4002.022637139611,27.544197462068727,175.4169210288331,122.70308020165935,36.810924060497804,24.54061604033187,0.14537281345020966
2020-01-18 14:00:00,52.86292050395751,64.39468982774089,175.4169210288331,0.171694664029481,0.026322613402642248,15.625781024781968,0.171694664029481,14,5,1,18,1,422,52.86292050395751,0.0,52.86292050395751,52.86292050395751,0.0,15.858876151187253,52.86292050395751,47.57662845356176,0.0,1.0,0.0,0.0,0.0,9696.250700719029,64.39468982774089,175.4169210288331,52.86292050395751,15.858876151187253,10.572584100791502,0.00526452268052845
2020-01-18 15:00:00,60.360698139914824,46.499931235284215,175.4169210288331,0.24730147121499524,0.10153011677120113,21.413643454616476,0.24730147121499524,15,5,1,18,1,423,46.499931235284215,13.860766904630609,60.360698139914824,60.360698139914824,0.0,18.108209441974445,60.360698139914824,54.32462832592334,13.860766904630609,0.7703676840764558,0.22963231592354422,3.427788047683265,6.237345107083774,232.6084916177547,46.499931235284215,175.4169210288331,60.360698139914824,18.108209441974445,12.072139627982965,0.020306023354240227
2020-01-18 16:00:00,70.31833253611765,32.66444761225944,175.4169210288331,0.19075659122251437,0.20141155614649467,15.930529913231506,0.19075659122251437,16,5,1,18,1,424,32.66444761225944,37.653884923858215,70.31833253611765,70.31833253611765,0.0,21.095499760835295,70.31833253611765,63.286499282505886,37.653884923858215,0.4645224998115815,0.5354775001884186,7.182726734360018,16.9442482157362,757.5330721598802,32.66444761225944,175.4169210288331,70.31833253611765,21.095499760835295,14.06366650722353,0.040282311229298935
2020-01-18 17:00:00,88.85336303744012,16.80457727310864,175.4169210288331,0.18125147572079714,0.38732976238662536,16.310883944390064,0.18125147572079714,17,5,1,18,1,425,16.80457727310864,72.04878576433148,88.85336303744012,88.85336303744012,0.0,26.656008911232036,88.85336303744012,79.9680267336961,72.04878576433148,0.18912708195442982,0.8108729180455703,13.058948743676643,32.42195359394917,1434.544691000664,16.80457727310864,175.4169210288331,88.85336303744012,26.656008911232036,17.770672607488024,0.07746595247732507
2020-01-18 18:00:00,72.54126782465755,16.76640613166156,175.4169210288331,0.2566507055164615,0.22370901831704454,11.709118785810833,0.2566507055164615,18,5,1,18,1,426,16.76640613166156,55.77486169299599,72.54126782465755,72.54126782465755,0.0,21.762380347397265,72.54126782465755,65.2871410421918,55.77486169299599,0.23112921285285948,0.7688707871471405,14.314657603590485,25.098687761848197,264.84206171563216,16.76640613166156,175.4169210288331,72.54126782465755,21.762380347397265,14.508253564931511,0.04474180366340891
2020-01-18 19:00:00,58.12250388285155,77.31335665118382,175.4169210288331,0.20301290049181492,0.07907959739058958,23.073388288000892,0.20301290049181492,19,5,1,18,1,427,58.12250388285155,0.0,58.12250388285155,58.12250388285155,0.0,17.436751164855462,58.12250388285155,52.310253494566396,0.0,1.0,0.0,0.0,0.0,4821.162018078813,77.31335665118382,175.4169210288331,58.12250388285155,17.436751164855462,11.62450077657031,0.015815919478117915
2020-01-18 20:00:00,135.3688996534506,33.35224245238638,175.4169210288331,0.2489752709834978,0.8539103342032592,19.27104096287801,0.2489752709834978,20,5,1,18,1,428,33.35224245238638,102.01665720106422,135.3688996534506,135.3688996534506,0.0,40.610669896035176,135.3688996534506,121.83200968810554,102.01665720106422,0.24638039119597896,0.753619608804021,25.399624871465566,45.9074957404789,11020.964197813038,33.35224245238638,175.4169210288331,135.3688996534506,40.610669896035176,27.073779930690122,0.17078206684065186
2020-01-18 21:00:00,110.3220277340605,54.47555933736897,175.4169210288331,0.171815631187815,0.6026741952151385,34.98080781683813,0.171815631187815,21,5,1,18,1,429,54.47555933736897,55.84646839669153,110.3220277340605,110.3220277340605,0.0,33.096608320218145,110.3220277340605,99.28982496065446,55.84646839669153,0.4937867845276229,0.5062132154723771,9.595296217187919,25.130910778511186,2577.880850454812,54.47555933736897,175.4169210288331,110.3220277340605,33.096608320218145,22.0644055468121,0.12053483904302771
2020-01-18 22:00:00,91.87401790144888,11.266562755536317,175.4169210288331,0.2665863814703864,0.41762886191856113,20.505847372962343,0.2665863814703864,22,5,1,18,1,430,11.266562755536317,80.60745514591257,91.87401790144888,91.87401790144888,0.0,27.562205370434665,91.87401790144888,82.68661611130399,80.60745514591257,0.12263056534244204,0.877369434657558,21.488849786885307,36.27335481566065,2480.1238504039256,11.266562755536317,175.4169210288331,91.87401790144888,27.562205370434665,18.374803580289775,0.08352577238371223
2020-01-18 23:00:00,106.91103405228962,27.7923569166667,175.4169210288331,0.11036085429899178,0.5684597477791868,25.642410451246192,0.11036085429899178,23,5,1,18,1,431,27.7923569166667,79.11867713562292,106.91103405228962,106.91103405228962,0.0,32.07331021568689,106.91103405228962,96.21993064706066,79.11867713562292,0.25995779727538326,0.7400422027246167,8.731604799693454,35.603404711030315,275.31833261997315,27.7923569166667,175.4169210288331,106.91103405228962,32.07331021568689,21.382206810457927,0.11369194955583738
2020-01-19 00:00:00,57.725836908849296,24.179390824187863,175.4169210288331,0.2816286927539625,0.07510077403359876,15.03451591843666,0.2816286927539625,0,6,1,19,1,432,24.179390824187863,33.54644608466143,57.725836908849296,57.725836908849296,0.0,17.317751072654787,57.725836908849296,51.95325321796437,33.54644608466143,0.41886600730220325,0.5811339926977968,9.447641757364483,15.095900738097646,2089.88176694762,24.179390824187863,175.4169210288331,57.725836908849296,17.317751072654787,11.54516738176986,0.015020154806719753
2020-01-19 01:00:00,116.81801826712574,59.00158074787641,175.4169210288331,0.22552176234803678,0.6678331334523424,29.40826753745617,0.22552176234803678,1,6,1,19,1,433,59.00158074787641,57.81643751924933,116.81801826712574,116.81801826712574,0.0,35.04540548013772,116.81801826712574,105.13621644041316,57.81643751924933,0.5050726045785037,0.4949273954214964,13.038864882026264,26.017396883662197,1801.6173953164061,59.00158074787641,175.4169210288331,116.81801826712574,35.04540548013772,23.363603653425148,0.13356662669046848
2020-01-19 02:00:00,81.5030855782269,57.990926953612686,175.4169210288331,0.20820596895638438,0.3136017800945712,34.60662032761148,0.20820596895638438,2,6,1,19,1,434,57.990926953612686,23.512158624614216,81.5030855782269,81.5030855782269,0.0,24.45092567346807,81.5030855782269,73.35277702040422,23.512158624614216,0.7115181780198103,0.2884818219801897,4.895371768694012,10.580471381076398,1177.8049715727675,57.990926953612686,175.4169210288331,81.5030855782269,24.45092567346807,16.30061711564538,0.06272035601891424
2020-01-19 03:00:00,94.90032145239479,33.55364274357793,175.4169210288331,0.1337330534068463,0.4479846213919462,13.903791453566571,0.1337330534068463,3,6,1,19,1,435,33.55364274357793,61.34667870881686,94.90032145239479,94.90032145239479,0.0,28.470096435718435,94.90032145239479,85.41028930715531,61.34667870881686,0.3535672190574146,0.6464327809425854,8.204078660098846,27.606005418967587,2028.6317695639473,33.55364274357793,175.4169210288331,94.90032145239479,28.470096435718435,18.98006429047896,0.08959692427838925
2020-01-19 04:00:00,88.80967720936427,75.31218244422124,175.4169210288331,0.19036003080218994,0.38689156560063154,30.042575336087943,0.19036003080218994,4,6,1,19,1,436,75.31218244422124,13.497494765143031,88.80967720936427,88.80967720936427,0.0,26.64290316280928,88.80967720936427,79.92870948842784,13.497494765143031,0.8480177477357183,0.15198225226428172,2.569383519245025,6.073872644314364,4033.3200420057365,75.31218244422124,175.4169210288331,88.80967720936427,26.64290316280928,17.761935441872854,0.07737831312012632
2020-01-19 05:00:00,92.9264872354974,29.657873992170764,175.4169210288331,0.11294732487962725,0.42818580223193614,24.943505043994108,0.11294732487962725,5,6,1,19,1,437,29.657873992170764,63.26861324332664,92.9264872354974,92.9264872354974,0.0,27.87794617064922,92.9264872354974,83.63383851194767,63.26861324332664,0.31915414941932313,0.6808458505806768,7.146020614677501,28.47087595949699,4561.480114804357,29.657873992170764,175.4169210288331,92.9264872354974,27.87794617064922,18.58529744709948,0.08563716044638724
2020-01-19 06:00:00,101.46602589887581,33.89834819936429,175.4169210288331,0.12305125899863918,0.5138428347520757,22.94688256259291,0.12305125899863918,6,6,1,19,1,438,33.89834819936429,67.56767769951152,101.46602589887581,101.46602589887581,0.0,30.439807769662742,101.46602589887581,91.31942330898823,67.56767769951152,0.3340856991201019,0.6659143008798981,8.314287808539168,30.405454964780184,36.46357670030578,33.89834819936429,175.4169210288331,101.46602589887581,30.439807769662742,20.293205179775164,0.10276856695041514
2020-01-19 07:00:00,107.35590778982905,40.575350858150834,175.4169210288331,0.13361004837304358,0.5729221157952941,27.172544783261785,0.13361004837304358,7,6,1,19,1,439,40.575350858150834,66.7805569316782,107.35590778982905,107.35590778982905,0.0,32.20677233694871,107.35590778982905,96.62031701084615,66.7805569316782,0.37795172798114945,0.6220482720188505,8.922553442020316,30.051250619255192,45.201923608597056,40.575350858150834,175.4169210288331,107.35590778982905,32.20677233694871,21.47118155796581,0.11458442315905881
2020-01-19 08:00:00,108.8138608120401,23.406291560173667,175.4169210288331,0.2933842729812496,0.5875463167456252,11.165517448153743,0.2933842729812496,8,6,1,19,1,440,23.406291560173667,85.40756925186643,108.8138608120401,108.8138608120401,0.0,32.64415824361203,108.8138608120401,97.93247473083609,85.40756925186643,0.2151039526168875,0.7848960473831125,25.05723761205456,38.433406163339896,641.7421851539002,23.406291560173667,175.4169210288331,108.8138608120401,32.64415824361203,21.762772162408023,0.11750926334912504
2020-01-19 09:00:00,54.45176962004541,54.582363463380844,175.4169210288331,0.27110516272836804,0.04225978586255286,29.61163699370969,0.27110516272836804,9,6,1,19,1,441,54.45176962004541,0.0,54.45176962004541,54.45176962004541,0.0,16.335530886013622,54.45176962004541,49.00659265804087,0.0,1.0,0.0,0.0,0.0,8258.274593478338,54.582363463380844,175.4169210288331,54.45176962004541,16.335530886013622,10.890353924009084,0.008451957172510571
2020-01-19 10:00:00,66.96211646419843,68.48012009712954,175.4169210288331,0.1540024663112321,0.16774656315924288,30.99053815669103,0.1540024663112321,10,6,1,19,1,442,66.96211646419843,0.0,66.96211646419843,66.96211646419843,0.0,20.088634939259528,66.96211646419843,60.26590481777859,0.0,1.0,0.0,0.0,0.0,156.50877816100942,68.48012009712954,175.4169210288331,66.96211646419843,20.088634939259528,13.392423292839688,0.03354931263184858
2020-01-19 11:00:00,115.44704550786729,45.55759629733755,175.4169210288331,0.25888177019227654,0.654081400149976,11.122721366849408,0.25888177019227654,11,6,1,19,1,443,45.55759629733755,69.88944921052973,115.44704550786727,115.44704550786727,1.4210854715202004e-14,34.634113652360185,115.44704550786727,103.90234095708055,69.88944921052973,0.39461898827227215,0.6053810117277278,18.09310432938514,31.450252144738382,5342.6885945247695,45.55759629733755,175.4169210288331,115.44704550786729,34.634113652360185,23.08940910157346,0.1308162800299952
2020-01-19 12:00:00,147.64887196928618,73.97255569683344,175.4169210288331,0.24677554713586736,0.9770863076917149,11.503916404863997,0.24677554713586736,12,6,1,19,1,444,73.97255569683344,73.67631627245274,147.64887196928618,147.64887196928618,0.0,44.29466159078585,147.64887196928618,132.88398477235756,73.67631627245274,0.5010031889185118,0.49899681108148825,18.181513259089733,33.15434232260373,821.7502798196773,73.97255569683344,175.4169210288331,147.64887196928618,44.29466159078585,29.529774393857238,0.195417261538343
2020-01-19 13:00:00,78.57852719896019,37.53839856344895,175.4169210288331,0.24010446966265353,0.2842665897435752,31.61808372826503,0.24010446966265353,13,6,1,19,1,445,37.53839856344895,41.04012863551124,78.57852719896019,78.57852719896019,0.0,23.573558159688055,78.57852719896019,70.72067447906417,41.04012863551124,0.47771827624615604,0.522281723753844,9.853918320916506,18.46805788598006,2392.568549493805,37.53839856344895,175.4169210288331,78.57852719896019,23.573558159688055,15.715705439792039,0.056853317948715044
2020-01-19 14:00:00,94.88019489135186,57.17071643308903,175.4169210288331,0.10448656439324891,0.4477827391168339,33.16831962529088,0.10448656439324891,14,6,1,19,1,446,57.17071643308903,37.709478458262836,94.88019489135186,94.88019489135186,0.0,28.464058467405557,94.88019489135186,85.39217540221668,37.709478458262836,0.6025569034565719,0.39744309654342813,3.9401338491651123,16.969265306218276,396.52113553779384,57.17071643308903,175.4169210288331,94.88019489135186,28.464058467405557,18.976038978270374,0.08955654782336679
2020-01-19 15:00:00,130.53776415519366,30.438438638353137,175.4169210288331,0.2481180336305796,0.8054509563848702,14.207019348623959,0.2481180336305796,15,6,1,19,1,447,30.438438638353137,100.09932551684052,130.53776415519366,130.53776415519366,0.0,39.1613292465581,130.53776415519366,117.48398773967429,100.09932551684052,0.23317726357075877,0.7668227364292413,24.83644781498577,45.04469648257824,4607.107692087644,30.438438638353137,175.4169210288331,130.53776415519366,39.1613292465581,26.10755283103873,0.16109019127697405
2020-01-19 16:00:00,119.28145252508607,46.32156226836852,175.4169210288331,0.13935270185060425,0.6925429540484183,32.22595519530161,0.13935270185060425,16,6,1,19,1,448,46.32156226836852,72.95989025671756,119.28145252508608,119.28145252508608,0.0,35.78443575752582,119.28145252508607,107.35330727257747,72.95989025671756,0.38833834840019765,0.6116616515998022,10.167157833997168,32.8319506155229,988.8225624847587,46.32156226836852,175.4169210288331,119.28145252508607,35.78443575752582,23.856290505017213,0.13850859080968367
2020-01-19 17:00:00,100.94181486300604,28.20839418521979,175.4169210288331,0.17747046646099496,0.5085846629096697,29.51245952155815,0.17747046646099496,17,6,1,19,1,449,28.20839418521979,72.73342067778626,100.94181486300604,100.94181486300604,0.0,30.28254445890181,100.94181486300604,90.84763337670545,72.73342067778626,0.2794520211817375,0.7205479788182625,12.908034094990503,32.730039305003814,328.13814647857896,28.20839418521979,175.4169210288331,100.94181486300604,30.28254445890181,20.18836297260121,0.10171693258193396
2020-01-19 18:00:00,110.32286472404715,20.093718544931015,175.4169210288331,0.24372006599781526,0.6026825907598315,21.350593521235595,0.24372006599781526,18,6,1,19,1,450,20.093718544931015,90.22914617911613,110.32286472404715,110.32286472404715,0.0,33.09685941721414,110.32286472404715,99.29057825164244,90.22914617911613,0.1821355762941059,0.8178644237058941,21.990653461700703,40.60311578060226,371.94837156498045,20.093718544931015,175.4169210288331,110.32286472404715,33.09685941721414,22.06457294480943,0.12053651815196631
2020-01-19 19:00:00,139.66149525958662,52.50894223858641,175.4169210288331,0.2631464291908595,0.8969678125899353,27.53491771564571,0.2631464291908595,19,6,1,19,1,451,52.50894223858641,87.15255302100022,139.66149525958662,139.66149525958662,0.0,41.89844857787598,139.66149525958662,125.69534573362796,87.15255302100022,0.37597293470894655,0.6240270652910535,22.93388312234326,39.2186488594501,1060.2121525702837,52.50894223858641,175.4169210288331,139.66149525958662,41.89844857787598,27.932299051917326,0.17939356251798708
2020-01-19 20:00:00,111.22753058190169,35.04547620885869,175.4169210288331,0.2975250414570273,0.6117569677093059,30.39446621036527,0.2975250414570273,20,6,1,19,1,452,35.04547620885869,76.182054373043,111.22753058190169,111.22753058190169,0.0,33.368259174570504,111.22753058190169,100.10477752371152,76.182054373043,0.3150791537447033,0.6849208462552967,22.666068885621126,34.28192446786935,425.3244863562851,35.04547620885869,175.4169210288331,111.22753058190169,33.368259174570504,22.24550611638034,0.12235139354186118
2020-01-19 21:00:00,140.54572899969838,23.234698237172807,175.4169210288331,0.18149173938086155,0.9058372423352412,24.512978394325074,0.18149173938086155,21,6,1,19,1,453,23.234698237172807,117.31103076252558,140.54572899969838,140.54572899969838,0.0,42.163718699909516,140.54572899969838,126.49115609972854,117.31103076252558,0.16531771120005126,0.8346822887999488,21.290983021652522,52.78996384313651,1831.0871751430755,23.234698237172807,175.4169210288331,140.54572899969838,42.163718699909516,28.10914579993968,0.18116744846704824
2020-01-19 22:00:00,114.04074210753588,51.96005409644436,175.4169210288331,0.17530167005064945,0.6399752779291166,33.47842262273258,0.17530167005064945,22,6,1,19,1,454,51.96005409644436,62.08068801109152,114.04074210753588,114.04074210753588,0.0,34.21222263226076,114.04074210753588,102.63666789678228,62.08068801109152,0.4556271130491952,0.5443728869508049,10.882848286237675,27.936309604991184,3875.536829682671,51.96005409644436,175.4169210288331,114.04074210753588,34.21222263226076,22.808148421507177,0.12799505558582333
2020-01-19 23:00:00,72.5510378205545,15.9069356204066,175.4169210288331,0.2514366295261701,0.2238070176223062,18.5455022683202,0.2514366295261701,23,6,1,19,1,455,15.9069356204066,56.6441022001479,72.5510378205545,72.5510378205545,0.0,21.76531134616635,72.5510378205545,65.29593403849906,56.6441022001479,0.21925166197829346,0.7807483380217065,14.242402139741102,25.489845990066556,1329.3838171269688,15.9069356204066,175.4169210288331,72.5510378205545,21.76531134616635,14.5102075641109,0.044761403524461243
2020-01-20 00:00:00,111.66669908100889,25.240785212237576,175.4169210288331,0.11136029925820067,0.6161621085363121,15.978360585400313,0.11136029925820067,0,0,1,20,0,456,25.240785212237576,86.42591386877132,111.66669908100889,111.66669908100889,0.0,33.500009724302664,111.66669908100889,100.500029172908,86.42591386877132,0.22603681688420452,0.7739631831157955,9.62441563208985,38.891661240947094,974.0770544682773,25.240785212237576,175.4169210288331,111.66669908100889,33.500009724302664,22.33333981620178,0.12323242170726244
2020-01-20 01:00:00,93.09187628593887,34.99862003360658,175.4169210288331,0.23600732919344966,0.42984476014881906,10.076007897988598,0.23600732919344966,1,0,1,20,0,457,34.99862003360658,58.09325625233229,93.09187628593887,93.09187628593887,0.0,27.927562885781658,93.09187628593887,83.78268865734498,58.09325625233229,0.3759578325191945,0.6240421674808055,13.710434252263614,26.14196531354953,897.9548280114819,34.99862003360658,175.4169210288331,93.09187628593887,27.927562885781658,18.618375257187775,0.08596895202976382
2020-01-20 02:00:00,99.36838493402611,60.60328422104781,175.4169210288331,0.13379245959247127,0.49280215475465955,17.848981998402664,0.13379245959247127,2,0,1,20,0,458,60.60328422104781,38.7651007129783,99.36838493402611,99.36838493402611,0.0,29.810515480207833,99.36838493402611,89.4315464406235,38.7651007129783,0.6098849675506379,0.39011503244936213,5.186478170739229,17.444295320840236,1029.1764247050955,60.60328422104781,175.4169210288331,99.36838493402611,29.810515480207833,19.873676986805222,0.09856043095093192
2020-01-20 03:00:00,58.742844385547265,39.82437670380393,175.4169210288331,0.1164984298671496,0.08530200924532377,34.446590699563124,0.1164984298671496,3,0,1,20,0,459,39.82437670380393,18.918467681743337,58.742844385547265,58.742844385547265,0.0,17.62285331566418,58.742844385547265,52.86855994699254,18.918467681743337,0.6779443031805603,0.32205569681943974,2.2039717804155123,8.513310456784502,825.651840286681,39.82437670380393,175.4169210288331,58.742844385547265,17.62285331566418,11.748568877109454,0.017060401849064755
2020-01-20 04:00:00,80.39910304419237,78.35258632676245,175.4169210288331,0.2745982699846514,0.3025281294505386,13.103200771759543,0.2745982699846514,4,0,1,20,0,460,78.35258632676245,2.046516717429924,80.39910304419237,80.39910304419237,0.0,24.119730913257712,80.39910304419237,72.35919273977314,2.046516717429924,0.9745455279979301,0.025454472002069854,0.5619699501009249,0.9209325228434658,1769.08566609283,78.35258632676245,175.4169210288331,80.39910304419237,24.119730913257712,16.079820608838475,0.06050562589010772
2020-01-20 05:00:00,114.13378020398929,41.70008095981582,175.4169210288331,0.1241623177835855,0.6409085095201507,23.473255083563195,0.1241623177835855,5,0,1,20,0,461,41.70008095981582,72.43369924417347,114.13378020398929,114.13378020398929,0.0,34.240134061196784,114.13378020398929,102.72040218359037,72.43369924417347,0.3653614283631542,0.6346385716368458,8.993535983795722,32.59516465987806,6297.761613727163,41.70008095981582,175.4169210288331,114.13378020398929,34.240134061196784,22.82675604079786,0.12818170190403014
2020-01-20 06:00:00,70.67455759550481,34.347505931742305,175.4169210288331,0.13480659251521843,0.20498472124348863,28.889035402283554,0.13480659251521843,6,0,1,20,0,462,34.347505931742305,36.327051663762504,70.67455759550481,70.67455759550481,0.0,21.20236727865144,70.67455759550481,63.60710183595433,36.327051663762504,0.48599534401509925,0.5140046559849007,4.897126050916119,16.347173248693128,1357.7503590394472,34.347505931742305,175.4169210288331,70.67455759550481,21.20236727865144,14.134911519100962,0.04099694424869773
2020-01-20 07:00:00,82.47106632667547,25.779794842413075,175.4169210288331,0.25376355277476975,0.3233112458768744,22.04698394289174,0.25376355277476975,7,0,1,20,0,463,25.779794842413075,56.691271484262394,82.47106632667547,82.47106632667547,0.0,24.74131989800264,82.47106632667547,74.22395969400793,56.691271484262394,0.3125919912360165,0.6874080087639834,14.38617846316542,25.511072167918076,488.10712220785564,25.779794842413075,175.4169210288331,82.47106632667547,24.74131989800264,16.494213265335095,0.06466224917537487
2020-01-20 08:00:00,59.76094777925578,56.83545191464194,175.4169210288331,0.20579907359786798,0.09551423720533556,24.348254553269307,0.20579907359786798,8,0,1,20,0,464,56.83545191464194,2.9254958646138363,59.76094777925578,59.76094777925578,0.0,17.928284333776734,59.76094777925578,53.784853001330205,2.9254958646138363,0.9510466956544934,0.04895330434550662,0.6020643387519213,1.3164731390762263,3855.2124641702744,56.83545191464194,175.4169210288331,59.76094777925578,17.928284333776734,11.952189555851156,0.019102847441067113
2020-01-20 09:00:00,146.9790281375121,20.34969725677609,175.4169210288331,0.12471699986738381,0.9703673457965313,32.73315571487672,0.12471699986738381,9,0,1,20,0,465,20.34969725677609,126.629330880736,146.9790281375121,146.9790281375121,0.0,44.09370844125363,146.9790281375121,132.2811253237609,126.629330880736,0.1384530671800137,0.8615469328199863,15.792830242659653,56.9831988963312,16633.849090649954,20.34969725677609,175.4169210288331,146.9790281375121,44.09370844125363,29.395805627502423,0.19407346915930626
2020-01-20 10:00:00,105.09630615942974,13.942342775573993,175.4169210288331,0.11796768262337792,0.5502568667733871,20.812120174860823,0.11796768262337792,10,0,1,20,0,466,13.942342775573993,91.15396338385575,105.09630615942974,105.09630615942974,0.0,31.528891847828923,105.09630615942974,94.58667554348678,91.15396338385575,0.1326625386283666,0.8673374613716334,10.753221822329708,41.01928352273509,1299.5558904864884,13.942342775573993,175.4169210288331,105.09630615942974,31.528891847828923,21.01926123188595,0.11005137335467743
2020-01-20 11:00:00,146.5606232811698,31.440264233810332,175.4169210288331,0.23565391366827876,0.9661704775816249,30.11493900669448,0.23565391366827876,11,0,1,20,0,467,31.440264233810332,115.12035904735947,146.5606232811698,146.5606232811698,0.0,43.968186984350936,146.5606232811698,131.90456095305282,115.12035904735947,0.21452054126089268,0.7854794587391074,27.128563152407704,51.80416157131177,880.5653764582177,31.440264233810332,175.4169210288331,146.5606232811698,43.968186984350936,29.312124656233962,0.19323409551632498
2020-01-20 12:00:00,87.07736720221814,72.79877627690227,175.4169210288331,0.10558925989008852,0.3695153886821497,26.353310103981904,0.10558925989008852,12,0,1,20,0,468,72.79877627690227,14.278590925315868,87.07736720221814,87.07736720221814,0.0,26.12321016066544,87.07736720221814,78.36963048199632,14.278590925315868,0.8360240854301788,0.16397591456982114,1.5076658480774368,6.425365916392141,11879.58871639859,72.79877627690227,175.4169210288331,87.07736720221814,26.12321016066544,17.41547344044363,0.07390307773642994
2020-01-20 13:00:00,98.91108608369262,69.04866210360942,175.4169210288331,0.1332215371983096,0.48821515491327216,11.404586239668626,0.1332215371983096,13,0,1,20,0,469,69.04866210360942,29.862423980083207,98.91108608369262,98.91108608369262,0.0,29.673325825107785,98.91108608369262,89.01997747532336,29.862423980083207,0.6980882006005331,0.3019117993994669,3.9783180270943475,13.438090791037444,256.9192089915911,69.04866210360942,175.4169210288331,98.91108608369262,29.673325825107785,19.782217216738527,0.09764303098265444
2020-01-20 14:00:00,76.63169375586574,13.611506592590557,175.4169210288331,0.2422771887367518,0.26473860560766604,20.86602730002781,0.2422771887367518,14,0,1,20,0,470,13.611506592590557,63.02018716327518,76.63169375586574,76.63169375586574,0.0,22.98950812675972,76.63169375586574,68.96852438027916,63.02018716327518,0.17762241607179236,0.8223775839282076,15.268353779582245,28.359084223473833,4172.7154704655295,13.611506592590557,175.4169210288331,76.63169375586574,22.98950812675972,15.326338751173148,0.05294772112153321
2020-01-20 15:00:00,96.81335060462648,35.60905936712293,175.4169210288331,0.15682976032426968,0.46717352687783775,18.366155198787908,0.15682976032426968,15,0,1,20,0,471,35.60905936712293,61.20429123750355,96.81335060462648,96.81335060462648,0.0,29.04400518138794,96.81335060462648,87.13201554416383,61.20429123750355,0.36781145518396363,0.6321885448160364,9.598654325594481,27.541931056876596,487.1898060815709,35.60905936712293,175.4169210288331,96.81335060462648,29.04400518138794,19.362670120925298,0.09343470537556756
2020-01-20 16:00:00,82.73352243538852,29.686443026221493,175.4169210288331,0.11072324832887995,0.32594384844773144,24.313769504225014,0.11072324832887995,16,0,1,20,0,472,29.686443026221493,53.047079409167026,82.73352243538852,82.73352243538852,0.0,24.820056730616557,82.73352243538852,74.46017019184967,53.047079409167026,0.3588200061154822,0.6411799938845177,5.8735449465430145,23.871185734125163,101.61748913386599,29.686443026221493,175.4169210288331,82.73352243538852,24.820056730616557,16.546704487077704,0.06518876968954629
2020-01-20 17:00:00,50.92736733513298,22.082283097969782,175.4169210288331,0.13186665994808758,0.006907777629667254,18.494969314083466,0.13186665994808758,17,0,1,20,0,473,22.082283097969782,28.845084237163196,50.92736733513298,50.92736733513298,0.0,15.278210200539892,50.92736733513298,45.83463060161968,28.845084237163196,0.433603468104977,0.5663965318950229,3.8037049142759405,12.980287906723438,643.5598185201258,22.082283097969782,175.4169210288331,50.92736733513298,15.278210200539892,10.185473467026597,0.001381555525933451
2020-01-20 18:00:00,117.05520634363788,65.77785259271536,175.4169210288331,0.1447502669735727,0.6702122815051895,17.624602119171914,0.1447502669735727,18,0,1,20,0,474,65.77785259271536,51.277353750922515,117.05520634363788,117.05520634363788,0.0,35.11656190309136,117.05520634363788,105.3496857092741,51.277353750922515,0.5619387180405452,0.4380612819594548,7.422410645144364,23.074809187915132,2412.5095090080767,65.77785259271536,175.4169210288331,117.05520634363788,35.11656190309136,23.411041268727576,0.13404245630103792
2020-01-20 19:00:00,108.3907846105767,38.239307496935524,175.4169210288331,0.14306622857546036,0.5833025919525447,13.335019017378698,0.14306622857546036,19,0,1,20,0,475,38.239307496935524,70.15147711364118,108.3907846105767,108.3907846105767,0.0,32.51723538317301,108.3907846105767,97.55170614951903,70.15147711364118,0.35279113103868204,0.647208868961318,10.036307259646366,31.56816470113853,1114.6039987034223,38.239307496935524,175.4169210288331,108.3907846105767,32.51723538317301,21.678156922115342,0.11666051839050895
2020-01-20 20:00:00,82.70667317510082,73.72818577055124,175.4169210288331,0.1470136031933456,0.32567453320105794,18.862553136722525,0.1470136031933456,20,0,1,20,0,476,73.72818577055124,8.978487404549583,82.70667317510082,82.70667317510082,0.0,24.812001952530245,82.70667317510082,74.43600585759074,8.978487404549583,0.891441801974782,0.10855819802521803,1.319959784568904,4.0403193320473125,5001.59515106814,73.72818577055124,175.4169210288331,82.70667317510082,24.812001952530245,16.541334635020164,0.06513490664021158
2020-01-20 21:00:00,107.85921760231284,58.04334694646288,175.4169210288331,0.15232181986146445,0.5779706350040089,30.01617809197446,0.15232181986146445,21,0,1,20,0,477,58.04334694646288,49.815870655849956,107.85921760231284,107.85921760231284,0.0,32.35776528069385,107.85921760231284,97.07329584208156,49.815870655849956,0.5381398849051011,0.46186011509489894,7.58804407628239,22.41714179513248,1913.7060397512178,58.04334694646288,175.4169210288331,107.85921760231284,32.35776528069385,21.57184352046257,0.1155941270008018
2020-01-20 22:00:00,63.01923923728441,70.9590789356507,175.4169210288331,0.1664753939275927,0.12819698370747923,26.62599370347839,0.1664753939275927,22,0,1,20,0,478,63.01923923728441,0.0,63.01923923728441,63.01923923728441,0.0,18.90577177118532,63.01923923728441,56.71731531355597,0.0,1.0,0.0,0.0,0.0,2506.38047329023,70.9590789356507,175.4169210288331,63.01923923728441,18.90577177118532,12.603847847456883,0.025639396741495846
2020-01-20 23:00:00,115.83663909887758,33.94526679190152,175.4169210288331,0.21826913009533927,0.657989272953213,14.370585661851253,0.21826913009533927,23,0,1,20,0,479,33.94526679190152,81.89137230697607,115.83663909887758,115.83663909887758,0.0,34.750991729663276,115.83663909887758,104.25297518898982,81.89137230697607,0.2930442997653446,0.7069557002346554,17.874358595757222,36.85111753813923,7551.49273207465,33.94526679190152,175.4169210288331,115.83663909887758,34.750991729663276,23.16732781977552,0.1315978545906426
2020-01-21 00:00:00,119.05960085391561,19.73937773736671,175.4169210288331,0.11831423967126785,0.6903176399464294,13.760446197658132,0.11831423967126785,0,1,1,21,0,480,19.73937773736671,99.3202231165489,119.05960085391561,119.05960085391561,0.0,35.71788025617468,119.05960085391561,107.15364076852406,99.3202231165489,0.16579408628781342,0.8342059137121866,11.750996682015165,44.694100402447006,505.57212437209955,19.73937773736671,175.4169210288331,119.05960085391561,35.71788025617468,23.811920170783125,0.13806352798928587
2020-01-21 01:00:00,58.23386778370572,77.74613959690913,175.4169210288331,0.1776291748115681,0.08019664851630713,14.70666694878296,0.1776291748115681,1,1,1,21,0,481,58.23386778370572,0.0,58.23386778370572,58.23386778370572,0.0,17.470160335111714,58.23386778370572,52.41048100533515,0.0,1.0,0.0,0.0,0.0,11346.332483848748,77.74613959690913,175.4169210288331,58.23386778370572,17.470160335111714,11.646773556741145,0.016039329703261426
2020-01-21 02:00:00,98.5322041548749,70.1231165672938,175.4169210288331,0.11363645236638381,0.48441472693029336,18.857127428531662,0.11363645236638381,2,1,1,21,0,482,70.1231165672938,28.409087587581098,98.5322041548749,98.5322041548749,0.0,29.55966124646247,98.5322041548749,88.67898373938742,28.409087587581098,0.7116771330627384,0.28832286693726167,3.228307928418585,12.784089414411495,948.4304941969052,70.1231165672938,175.4169210288331,98.5322041548749,29.55966124646247,19.706440830974984,0.09688294538605868
2020-01-21 03:00:00,113.28038101989515,65.52845142223214,175.4169210288331,0.19011410874161672,0.6323483700856752,28.651800166305478,0.19011410874161672,3,1,1,21,0,483,65.52845142223214,47.75192959766301,113.28038101989515,113.28038101989515,0.0,33.98411430596854,113.28038101989515,101.95234291790564,47.75192959766301,0.5784624913180998,0.42153750868190015,9.07831553615213,21.488368318948353,395.25648482223414,65.52845142223214,175.4169210288331,113.28038101989515,33.98411430596854,22.65607620397903,0.12646967401713505
2020-01-21 04:00:00,90.32210763260633,30.982901055645307,175.4169210288331,0.29630841135927877,0.402062209713254,18.01107157165398,0.29630841135927877,4,1,1,21,0,484,30.982901055645307,59.339206576961026,90.32210763260633,90.32210763260633,0.0,27.096632289781898,90.32210763260633,81.2898968693457,59.339206576961026,0.3430267723785983,0.6569732276214018,17.582706032139388,26.702642959632463,1327.6600379253573,30.982901055645307,175.4169210288331,90.32210763260633,27.096632289781898,18.06442152652127,0.0804124419426508
2020-01-21 05:00:00,124.69039996321844,41.57262093534021,175.4169210288331,0.24338817978537403,0.7467981550459548,21.30456608960388,0.24338817978537403,5,1,1,21,0,485,41.57262093534021,83.11777902787823,124.69039996321844,124.69039996321844,0.0,37.40711998896553,124.69039996321844,112.2213599668966,83.11777902787823,0.3334067494177854,0.6665932505822145,20.22988494539822,37.4030005625452,677.562674933924,41.57262093534021,175.4169210288331,124.69039996321844,37.40711998896553,24.93807999264369,0.14935963100919097
2020-01-21 06:00:00,111.39494635520546,39.081655668569084,175.4169210288331,0.2107692018605864,0.6134362549522765,25.685054253752273,0.2107692018605864,6,1,1,21,0,486,39.081655668569084,72.31329068663638,111.39494635520546,111.39494635520546,0.0,33.41848390656164,111.39494635520546,100.25545171968491,72.31329068663638,0.35083867758191895,0.6491613224180811,15.241414561934926,32.54098080898637,122.94187627629123,39.081655668569084,175.4169210288331,111.39494635520546,33.41848390656164,22.278989271041095,0.1226872509904553
2020-01-21 07:00:00,119.86066733840191,49.962228208677494,175.4169210288331,0.16810427446034043,0.6983528489450956,18.30119120831718,0.16810427446034043,7,1,1,21,0,487,49.962228208677494,69.89843912972441,119.8606673384019,119.8606673384019,1.4210854715202004e-14,35.95820020152057,119.8606673384019,107.8746006045617,69.89843912972441,0.41683589219155137,0.5831641078084487,11.750226395812591,31.454297608375985,124.21836684248134,49.962228208677494,175.4169210288331,119.86066733840191,35.95820020152057,23.972133467680383,0.13967056978901912
2020-01-21 08:00:00,125.12980264188323,55.65038207623337,175.4169210288331,0.13873141883008475,0.7512056448436456,11.397380591459976,0.13873141883008475,8,1,1,21,0,488,55.65038207623337,69.47942056564986,125.12980264188323,125.12980264188323,0.0,37.538940792564965,125.12980264188323,112.61682237769492,69.47942056564986,0.44474122791916054,0.5552587720808394,9.638978594564774,31.26573925454244,32.53067097802996,55.65038207623337,175.4169210288331,125.12980264188323,37.538940792564965,25.025960528376647,0.15024112896872913
2020-01-21 09:00:00,149.06365048334487,38.745246677661456,175.4169210288331,0.21331999026162568,0.9912774407217956,30.68431990872994,0.21331999026162568,9,1,1,21,0,489,38.745246677661456,110.31840380568342,149.06365048334487,149.06365048334487,0.0,44.71909514500346,149.06365048334487,134.15728543501038,110.31840380568342,0.2599241770346321,0.7400758229653679,23.533120825506476,49.64328171255754,1953.6061549237909,38.745246677661456,175.4169210288331,149.06365048334487,44.71909514500346,29.812730096668975,0.19825548814435912
2020-01-21 10:00:00,106.55436280941333,34.35602719126986,175.4169210288331,0.1389609547222291,0.5648821071765309,27.960175832737963,0.1389609547222291,10,1,1,21,0,490,34.35602719126986,72.19833561814347,106.55436280941333,106.55436280941333,0.0,31.966308842824,106.55436280941333,95.898926528472,72.19833561814347,0.3224272219873361,0.6775727780126639,10.032749646853137,32.48925102816457,1472.4048463224146,34.35602719126986,175.4169210288331,106.55436280941333,31.966308842824,21.310872561882668,0.11297642143530617
2020-01-21 11:00:00,64.5434083035925,28.54877701097531,175.4169210288331,0.20707750718946405,0.14348537391511748,34.502315334843274,0.20707750718946405,11,1,1,21,0,491,28.54877701097531,35.994631292617186,64.5434083035925,64.5434083035925,0.0,19.36302249107775,64.5434083035925,58.08906747323325,35.994631292617186,0.44231901849202904,0.557680981507971,7.453678520279043,16.197584081677736,1344.432361546662,28.54877701097531,175.4169210288331,64.5434083035925,19.36302249107775,12.9086816607185,0.028697074783023496
2020-01-21 12:00:00,130.44129477613643,15.34824401236522,175.4169210288331,0.18770416490371974,0.8044833068355404,22.8805355036473,0.18770416490371974,12,1,1,21,0,492,15.34824401236522,115.09305076377122,130.44129477613643,130.44129477613643,0.0,39.132388432840926,130.44129477613643,117.3971652985228,115.09305076377122,0.11766399619618849,0.8823360038038115,21.6034449798351,51.79187284369705,6430.814034282033,15.34824401236522,175.4169210288331,130.44129477613643,39.132388432840926,26.08825895522729,0.1608966613671081
2020-01-21 13:00:00,139.5070736184083,25.664687738718875,175.4169210288331,0.2530816230350345,0.8954188647999395,20.5972471370388,0.2530816230350345,13,1,1,21,0,493,25.664687738718875,113.84238587968943,139.5070736184083,139.5070736184083,0.0,41.85212208552249,139.5070736184083,125.55636625656747,113.84238587968943,0.18396692779119667,0.8160330722088034,28.811415788612496,51.22907364586025,107.99317381129703,25.664687738718875,175.4169210288331,139.5070736184083,41.85212208552249,27.90141472368166,0.1790837729599879
2020-01-21 14:00:00,101.7287778219528,13.534222554845059,175.4169210288331,0.2823762318069938,0.5164784045301309,24.731389099250464,0.2823762318069938,14,1,1,21,0,494,13.534222554845059,88.19455526710775,101.7287778219528,101.7287778219528,0.0,30.51863334658584,101.7287778219528,91.55590003975753,88.19455526710775,0.1330422211356245,0.8669577788643755,24.904046182219542,39.68754987019849,804.9594007088572,13.534222554845059,175.4169210288331,101.7287778219528,30.51863334658584,20.34575556439056,0.1032956809060262
2020-01-21 15:00:00,101.01282192344331,34.566551459285755,175.4169210288331,0.21710340758880142,0.5092969091239903,19.83037047962626,0.21710340758880142,15,1,1,21,0,495,34.566551459285755,66.44627046415755,101.01282192344331,101.01282192344331,0.0,30.303846577032992,101.01282192344331,90.91153973109898,66.44627046415755,0.3421996416007804,0.6578003583992196,14.425711739335734,29.900821708870897,915.3467510148059,34.566551459285755,175.4169210288331,101.01282192344331,30.303846577032992,20.202564384688664,0.10185938182479806
2020-01-21 16:00:00,82.24475548920904,27.441423001997986,175.4169210288331,0.1185987050234802,0.32104120348598336,25.77752815619997,0.1185987050234802,16,1,1,21,0,496,27.441423001997986,54.80333248721105,82.24475548920904,82.24475548920904,0.0,24.67342664676271,82.24475548920904,74.02027994028813,54.80333248721105,0.33365559711097265,0.6663444028890273,6.499604263954453,24.661499619244974,186.325460267875,27.441423001997986,175.4169210288331,82.24475548920904,24.67342664676271,16.44895109784181,0.06420824069719668
2020-01-21 17:00:00,102.04637939183046,79.37674705580055,175.4169210288331,0.27323441843688046,0.5196641513335414,17.088671803850964,0.27323441843688046,17,1,1,21,0,497,79.37674705580055,22.669632336029906,102.04637939183046,102.04637939183046,0.0,30.613913817549136,102.04637939183046,91.84174145264741,22.669632336029906,0.7778497143050548,0.22215028569494522,6.194123807513031,10.201334551213458,3729.852569979502,79.37674705580055,175.4169210288331,102.04637939183046,30.613913817549136,20.409275878366092,0.10393283026670828
2020-01-21 18:00:00,72.6736589178386,12.42940085440676,175.4169210288331,0.2142017777233682,0.22503698562546806,31.59845050146419,0.2142017777233682,18,1,1,21,0,498,12.42940085440676,60.244258063431836,72.6736589178386,72.6736589178386,0.0,21.80209767535158,72.6736589178386,65.40629302605474,60.244258063431836,0.17103034358650984,0.8289696564134902,12.90442717481246,27.109916128544327,5893.799661963611,12.42940085440676,175.4169210288331,72.6736589178386,21.80209767535158,14.53473178356772,0.045007397125093614
2020-01-21 19:00:00,130.72919470284643,52.242097116108305,175.4169210288331,0.16525070733538294,0.8073711271683296,21.463764449941824,0.16525070733538294,19,1,1,21,0,499,52.242097116108305,78.48709758673812,130.72919470284643,130.72919470284643,0.0,39.21875841085393,130.72919470284643,117.65627523256178,78.48709758673812,0.3996207368587945,0.6003792631412055,12.970048392909701,35.319193914032155,1917.8519774996098,52.242097116108305,175.4169210288331,130.72919470284643,39.21875841085393,26.145838940569288,0.16147422543366594
